Gene_set,Term,Overlap,P-value,Adjusted P-value,Old P-value,Old Adjusted P-value,Odds Ratio,Combined Score,Genes
The_Kinase_Library_2024,MAPKAPK2,25/738,3.6856986415380293e-16,1.367394196010609e-13,0,0,11.036833513438944,392.2148642203514,TBC1D9B;FKBP15;AHNAK;BOD1L1;DDX20;LSP1;GPATCH8;CEP170;EIF4B;REPS1;SRRM2;VASP;PPP1R12A;DTNBP1;TSC2;IRF2BP2;CDC25C;GTF2F1;NFKB2;SSH1;DOK1;MYO1E;PEX5L;PALLD;PNPLA6
The_Kinase_Library_2024,GAK,25/763,7.9649691142153375e-16,1.477501770686945e-13,0,0,10.649073703851792,370.2289807992579,FKBP15;ICE1;AHNAK;RGPD8;PDS5A;GPATCH8;EEF1B2;MTA1;TPR;CEP170;EIF4B;MAPK3;REPS1;SRRM2;RANBP2;SPAG9;XRCC6;PPP1R12A;XRCC5;RPS6;NUP153;GTF2F1;MAP7D3;TBC1D5;TLN1
The_Kinase_Library_2024,BIKE,24/771,1.0545072120900608e-14,1.304073918951375e-12,0,0,9.932374659930042,319.6547831347851,SRRM2;RANBP2;SPAG9;XRCC6;PPP1R12A;FKBP15;ICE1;AHNAK;RPS6;NUP153;GTF2F1;GPATCH8;EEF1B2;MTA1;MAP7D3;PALLD;TBC1D5;CEP170;UBAP2L;CIC;TLN1;EIF4B;MAPK3;REPS1
PPI_Hub_Proteins,CDK2,23/675,6.2572463269757995e-15,1.6581702766485869e-12,0,0,10.785519524783329,352.7408063907969,SRRM2;RANBP2;SPAG9;JUN;XRCC6;AHNAK;YTHDC1;DDX20;NUP153;CDC25C;GTF2F1;ADD3;NFKB2;SSH1;RPTOR;MTA1;RPS6KB1;CHEK1;RPS6KA1;TPR;CIC;EIF4B;MAPK3
The_Kinase_Library_2024,ERK5,23/729,3.1944505427959733e-14,2.962852878443266e-12,0,0,9.932640856153604,308.6545917093716,SRRM2;RANBP2;JUN;JUND;AHNAK;STAU2;DDX20;IRF2BP2;LSP1;ARAP1;OXSR1;ARHGAP5;PDS5A;NFKB2;RPTOR;MAP7D3;PALLD;RPS6KA1;TPR;CEP170;UBAP2L;CIC;EIF4B
KEA_2015,PRKDC,14/180,3.5429116926688526e-14,3.684628160375607e-12,0,0,23.13186077643909,716.4224672885435,SRRM2;SPAG9;JUN;XRCC6;PPP1R12A;XRCC5;RPS6;LSP1;ACACA;NFKB2;RPS6KB1;CHEK1;TPR;EIF4B
The_Kinase_Library_2024,MELK,24/829,5.1573430863737736e-14,3.826748570089341e-12,0,0,9.18885994790623,281.14024333013833,SRRM2;SPAG9;VASP;PPP1R12A;ICE1;AHNAK;YTHDC1;RPS6;BOD1L1;NOP2;DDX20;ADD3;GPATCH8;SSH1;RPTOR;FYCO1;SH3PXD2A;MAP7D3;TBC1D5;KIF4A;CEP170;UBAP2L;CIC;TLN1
The_Kinase_Library_2024,PBK,23/761,7.88143823232349e-14,4.873355973653358e-12,0,0,9.486127242224804,286.21240410936537,SRRM2;RANBP2;VASP;CENPV;XRCC6;PPP1R12A;FKBP15;ICE1;AHNAK;RPS6;TSC2;NUP153;CDC25C;GTF2F1;GPATCH8;MTA1;PALLD;TBC1D5;CHEK1;RPS6KA1;CEP170;EIF4B;REPS1
The_Kinase_Library_2024,DNAPK,23/769,9.811686590520477e-14,4.899073433511069e-12,0,0,9.380484275926635,280.9700538933505,SRRM2;SPAG9;XRCC6;PPP1R12A;FKBP15;AHNAK;XRCC5;BOD1L1;TSC2;OXSR1;ARHGAP5;NFKB2;FYCO1;DOK1;PEX5L;SH3PXD2A;PALLD;CHEK1;TPR;CEP170;UBAP2L;TLN1;EIF4B
The_Kinase_Library_2024,MST4,25/951,1.1967582580937302e-13,4.899073433511069e-12,0,0,8.403852281981376,250.04813473609224,AHNAK;BOD1L1;NOP2;RGPD8;ADD3;GPATCH8;RPS6KA3;LIMA1;RPS6KA1;TPR;CEP170;UBAP2L;CIC;REPS1;SRRM2;RANBP2;SPAG9;PPP1R12A;RPS6;OXSR1;NFKB2;MYO1E;MAP7D3;PACS1;TLN1
The_Kinase_Library_2024,DRAK1,24/864,1.2659527968736978e-13,4.899073433511069e-12,0,0,8.789861751152074,261.03939081033667,SRRM2;RANBP2;VASP;XRCC6;PPP1R12A;FKBP15;AHNAK;RPS6;NOP2;DDX20;TSC2;RGPD8;NUP153;CDC25C;ADD3;NFKB2;RPS6KA3;LIMA1;SH3PXD2A;TBC1D5;KIF4A;RPS6KA1;CEP170;EIF4B
The_Kinase_Library_2024,CHAK2,23/780,1.3205049686013666e-13,4.899073433511069e-12,0,0,9.238871065819549,273.98419080857025,SRRM2;RANBP2;JUN;AHNAK;YTHDC1;NOP2;TSC2;IRF2BP2;GTF2F1;ADD3;PDS5A;GPATCH8;NFKB2;SSH1;LIMA1;PALLD;TBC1D5;DDI2;TPR;UBAP2L;CIC;EIF4B;AGFG1
The_Kinase_Library_2024,CAMK1G,24/873,1.5841245321030606e-13,5.3428200128203225e-12,0,0,8.692579505300353,256.20138790698604,SRRM2;PPP1R12A;FKBP15;AHNAK;YTHDC1;RPS6;BOD1L1;NOP2;DDX20;IRF2BP2;ARHGAP5;ADD3;GPATCH8;SSH1;RPTOR;MYO1E;SH3PXD2A;MAP7D3;PALLD;KIF4A;CEP170;CIC;TLN1;EIF4B
The_Kinase_Library_2024,ERK2,22/709,1.7969995137464766e-13,5.5557234966661896e-12,0,0,9.62049672489083,282.33741095358863,SRRM2;RANBP2;JUN;JUND;ICE1;AHNAK;TSC2;RGPD8;LSP1;OXSR1;CDC25C;ADD3;ACACA;SSH1;RPTOR;MAP7D3;PALLD;TPR;XIRP1;UBAP2L;CIC;REPS1
The_Kinase_Library_2024,STK33,23/808,2.754033342528853e-13,7.859587462140034e-12,0,0,8.896309776564554,257.2860800921447,SRRM2;RANBP2;SPAG9;PPP1R12A;AHNAK;YTHDC1;RPS6;BOD1L1;NOP2;TSC2;IRF2BP2;GPATCH8;NFKB2;RPTOR;LIMA1;MYO1E;PALLD;TBC1D5;MICAL1;KIF4A;CEP170;PAM;EIF4B
KEA_2015,RPS6KA1,10/65,1.860044305995157e-13,9.672230391174815e-12,0,0,47.50956937799043,1392.6482875335528,RPTOR;VASP;RPS6KA3;RPS6KA1;RPS6;TSC2;LSP1;CIC;CDC25C;EIF4B
The_Kinase_Library_2024,AAK1,22/740,4.235752836588916e-13,1.1151034937928244e-11,0,0,9.190285515320337,261.8316490999858,SRRM2;RANBP2;CENPV;XRCC6;PPP1R12A;ICE1;AHNAK;YTHDC1;RPS6;NUP153;GTF2F1;GPATCH8;MTA1;MAP7D3;TBC1D5;XIRP1;CEP170;UBAP2L;TLN1;EIF4B;MAPK3;REPS1
The_Kinase_Library_2024,IRAK4,24/917,4.568867904519185e-13,1.1151034937928244e-11,0,0,8.245204638225626,234.28205421002568,SRRM2;SPAG9;NEK9;FKBP15;AHNAK;YTHDC1;RPS6;BOD1L1;NOP2;OXSR1;CDC25C;ADD3;GPATCH8;NFKB2;SSH1;RPTOR;LIMA1;PALLD;TBC1D5;KIF4A;CHEK1;CEP170;CIC;EIF4B
The_Kinase_Library_2024,TSSK2,23/830,4.809071671343719e-13,1.1151034937928244e-11,0,0,8.643830766507346,245.1658549385712,SRRM2;RANBP2;SPAG9;JUN;PPP1R12A;AHNAK;YTHDC1;NOP2;CDC25C;ADD3;GPATCH8;SSH1;RPTOR;MAP7D3;PALLD;TBC1D5;CHEK1;XIRP1;CEP170;TLN1;EMD;EIF4B;REPS1
The_Kinase_Library_2024,SNRK,23/839,6.011603781479332e-13,1.3119441193699011e-11,0,0,8.544467787114845,240.44059420623483,SRRM2;RANBP2;SPAG9;PPP1R12A;ICE1;AHNAK;RPS6;NOP2;DDX20;IRF2BP2;ARAP1;ADD3;GPATCH8;RPTOR;SH3PXD2A;MAP7D3;TBC1D5;MICAL1;KIF4A;CHEK1;CEP170;CIC;EIF4B
The_Kinase_Library_2024,PRKD1,22/760,7.209259570891157e-13,1.4859085004447885e-11,0,0,8.93191056910569,249.7204989712721,SRRM2;EEFSEC;VASP;AHNAK;BOD1L1;IRF2BP2;LSP1;CDC25C;GTF2F1;GPATCH8;SSH1;MYO1E;SH3PXD2A;MAP7D3;MICAL1;XIRP1;CEP170;PNPLA6;CIC;TLN1;EIF4B;REPS1
The_Kinase_Library_2024,MLK2,22/766,8.430052716145289e-13,1.6460787145736328e-11,0,0,8.85710685483871,246.24354155372345,SRRM2;RANBP2;VASP;FKBP15;AHNAK;NOP2;IRF2BP2;RGPD8;NUP153;GTF2F1;ADD3;GPATCH8;RPTOR;MYO1E;PALLD;TBC1D5;MICAL1;TPR;UBAP2L;PAM;EIF4B;REPS1
The_Kinase_Library_2024,MASTL,22/774,1.0362802364100214e-12,1.9222998385405896e-11,0,0,8.75922539893617,241.7141841359641,SRRM2;RANBP2;XRCC6;PPP1R12A;AHNAK;YTHDC1;XRCC5;IRF2BP2;CDC25C;RPS6KA3;SH3PXD2A;PALLD;NUP50;MICAL1;KIF4A;RPS6KA1;XIRP1;CEP170;UBAP2L;SEPHS2;EIF4B;REPS1
The_Kinase_Library_2024,TTK,22/796,1.8056833142602736e-12,3.1900405218598157e-11,0,0,8.500484496124031,229.8537980556993,SRRM2;RANBP2;SPAG9;NEK9;PPP1R12A;FKBP15;AHNAK;NOP2;LSP1;CDC25C;EEF1B2;LIMA1;TPR;CEP170;UBAP2L;CIC;TLN1;EMD;EIF4B;AGFG1;MAPK3;REPS1
The_Kinase_Library_2024,ULK1,22/798,1.89751868033855e-12,3.1999065018436456e-11,0,0,8.477690077319588,228.8168739593567,SRRM2;RANBP2;JUN;XRCC6;PPP1R12A;JUND;STAU2;DDX20;TSC2;RGPD8;ARAP1;ADD3;GPATCH8;LIMA1;MYO1E;MAP7D3;TBC1D5;MICAL1;KIF4A;TPR;TLN1;EMD
The_Kinase_Library_2024,CAMLCK,22/823,3.4863467067003476e-12,5.5196035972531245e-11,0,0,8.202364232209737,216.3961406468246,SRRM2;VASP;PPP1R12A;FKBP15;AHNAK;YTHDC1;RPS6;BOD1L1;DDX20;IRF2BP2;GPATCH8;SSH1;RPTOR;MYO1E;SH3PXD2A;TBC1D5;KIF4A;CHEK1;TPR;CEP170;EMD;EIF4B
The_Kinase_Library_2024,MLK4,22/824,3.5706330548268192e-12,5.5196035972531245e-11,0,0,8.191708229426434,215.91932452289043,SRRM2;RANBP2;SPAG9;VASP;PPP1R12A;FKBP15;AHNAK;STAU2;YTHDC1;BOD1L1;NOP2;TSC2;GPATCH8;SSH1;LIMA1;MAP7D3;TBC1D5;CEP170;CIC;EIF4B;MAPK3;REPS1
The_Kinase_Library_2024,SSTK,22/826,3.744993391341533e-12,5.5575701927508344e-11,0,0,8.170475746268657,214.97012949417496,SRRM2;RANBP2;SPAG9;PPP1R12A;AHNAK;BOD1L1;NOP2;IRF2BP2;LSP1;ARAP1;CDC25C;ADD3;GPATCH8;SSH1;RPTOR;DOK1;XIRP1;CEP170;CIC;TLN1;EMD;EIF4B
KEA_2015,CDK2,19/553,1.775969195444242e-12,6.156693210873372e-11,0,0,10.291799429817209,278.4618704483451,SRRM2;RANBP2;SPAG9;JUN;XRCC6;AHNAK;BOD1L1;DDX20;NUP153;CDC25C;GTF2F1;ADD3;MTA1;RPS6KB1;CHEK1;RPS6KA1;TPR;CIC;EIF4B
The_Kinase_Library_2024,CHK2,22/837,4.856339774016475e-12,6.83115375269445e-11,0,0,8.05555981595092,209.8532628602596,SRRM2;EEFSEC;PPP1R12A;YTHDC1;RPS6;BOD1L1;DDX20;IRF2BP2;ARAP1;OXSR1;SSH1;RPTOR;LIMA1;MYO1E;SH3PXD2A;MAP7D3;PACS1;KIF4A;CHEK1;TPR;XIRP1;CEP170
The_Kinase_Library_2024,RIPK3,22/838,4.971459604386797e-12,6.83115375269445e-11,0,0,8.045266544117647,209.39662735705645,SRRM2;RANBP2;XRCC6;ICE1;AHNAK;XRCC5;RPS6;NOP2;DDX20;IRF2BP2;RGPD8;ADD3;GPATCH8;GGA2;RPS6KA3;PALLD;TBC1D5;KIF4A;CHEK1;CEP170;PNPLA6;CIC
The_Kinase_Library_2024,NEK5,22/849,6.419330211670755e-12,8.505612530463751e-11,0,0,7.933683494558646,204.4645690870355,SRRM2;RANBP2;NEK9;PPP1R12A;FKBP15;AHNAK;BOD1L1;NOP2;OXSR1;GTF2F1;GPATCH8;MTA1;SH3PXD2A;PACS1;TBC1D5;NUP50;UBAP2L;CIC;EIF4B;AGFG1;MAPK3;REPS1
The_Kinase_Library_2024,MEK2,22/851,6.7219281232099015e-12,8.599432185209909e-11,0,0,7.913713811821472,203.58540069698495,SPAG9;NEK9;JUN;PPP1R12A;AHNAK;XRCC5;NUP153;OXSR1;GTF2F1;GPATCH8;RPTOR;RPS6KA3;RPS6KB1;MICAL1;KIF4A;RPS6KA1;TPR;CEP170;TLN1;EIF4B;AGFG1;MAPK3
The_Kinase_Library_2024,DCAMKL2,22/854,7.201090634367352e-12,8.905348751167624e-11,0,0,7.883939302884615,202.2765642215725,SRRM2;XRCC6;PPP1R12A;AHNAK;RPS6;BOD1L1;NOP2;DDX20;IRF2BP2;ADD3;SSH1;RPTOR;RPS6KA3;SH3PXD2A;MAP7D3;TBC1D5;KIF4A;CHEK1;RPS6KA1;CEP170;TLN1;REPS1
The_Kinase_Library_2024,LOK,23/949,7.498449640993273e-12,8.973951021962915e-11,0,0,7.486098254996743,191.7663246189416,SRRM2;SPAG9;JUN;XRCC6;PPP1R12A;AHNAK;YTHDC1;RPS6;BOD1L1;NOP2;CDC25C;GPATCH8;NFKB2;MYO1E;PACS1;TBC1D5;MICAL1;KIF4A;CEP170;UBAP2L;CIC;TLN1;REPS1
The_Kinase_Library_2024,ANKRD3,22/870,1.0348056860528768e-11,1.199727842267554e-10,0,0,7.728699882075472,195.4914533460917,SRRM2;RANBP2;VASP;PPP1R12A;FKBP15;AHNAK;YTHDC1;XRCC5;NOP2;DDX20;TSC2;RGPD8;OXSR1;NFKB2;SSH1;LIMA1;PACS1;TBC1D5;KIF4A;EMD;EIF4B;MAPK3
The_Kinase_Library_2024,MNK1,22/873,1.1066456068430091e-11,1.2075456474669306e-10,0,0,7.700242361927144,194.2548037920789,SRRM2;SPAG9;VASP;PPP1R12A;FKBP15;RPS6;NOP2;DDX20;IRF2BP2;ADD3;GPATCH8;RPTOR;MYO1E;SH3PXD2A;MAP7D3;PALLD;KIF4A;TPR;CEP170;UBAP2L;CIC;TLN1
The_Kinase_Library_2024,MAPKAPK3,21/782,1.091024505917372e-11,1.2075456474669306e-10,0,0,8.131264530476095,205.2438407036273,SRRM2;EEFSEC;VASP;PPP1R12A;TBC1D9B;AHNAK;RPS6;BOD1L1;DDX20;TSC2;IRF2BP2;LSP1;CDC25C;GTF2F1;NFKB2;SSH1;LIMA1;MYO1E;CEP170;PNPLA6;REPS1
The_Kinase_Library_2024,BMPR2,21/786,1.2005926896687392e-11,1.2726282510488635e-10,0,0,8.087058823529413,203.35411359344465,SPAG9;PPP1R12A;TBC1D9B;FKBP15;AHNAK;XRCC5;BOD1L1;DDX20;ARAP1;GTF2F1;GPATCH8;EEF1B2;LIMA1;SH3PXD2A;TBC1D5;TPR;UBAP2L;CIC;EMD;EIF4B;REPS1
The_Kinase_Library_2024,PKCE,23/977,1.3504691898216456e-11,1.3917335261773072e-10,0,0,7.255665368872916,181.59467634683656,SRRM2;SPAG9;PPP1R12A;RPS6;BOD1L1;NOP2;DDX20;IRF2BP2;ADD3;GPATCH8;NFKB2;RPTOR;LIMA1;MYO1E;SH3PXD2A;MAP7D3;PALLD;KIF4A;TPR;CEP170;CIC;EIF4B;REPS1
The_Kinase_Library_2024,RSK4,21/796,1.5213869504032376e-11,1.525498807025949e-10,0,0,7.978540942928039,198.73598944058256,SRRM2;VASP;PPP1R12A;FKBP15;AHNAK;RPS6;BOD1L1;NOP2;IRF2BP2;GTF2F1;PDS5A;GPATCH8;RPTOR;MYO1E;MAP7D3;PALLD;TPR;CEP170;CIC;EIF4B;REPS1
The_Kinase_Library_2024,HUNK,21/801,1.7104227395735715e-11,1.6270944522610127e-10,0,0,7.925325443786982,196.48225487802813,SRRM2;RANBP2;JUN;XRCC6;PPP1R12A;TBC1D9B;AHNAK;XRCC5;BOD1L1;NUP153;ARAP1;ARHGAP5;ADD3;EEF1B2;RPTOR;LIMA1;RAB14;CHEK1;CEP170;EMD;REPS1
The_Kinase_Library_2024,NIM1,21/800,1.670937198526059e-11,1.6270944522610127e-10,0,0,7.935913893551891,196.9301108347726,SRRM2;RANBP2;SPAG9;XRCC6;PPP1R12A;AHNAK;XRCC5;RPS6;BOD1L1;NOP2;IRF2BP2;ARAP1;SSH1;RPTOR;RPS6KA1;XIRP1;CEP170;UBAP2L;CIC;TLN1;EIF4B
The_Kinase_Library_2024,PIM2,21/805,1.8772875659856068e-11,1.7411842174516504e-10,0,0,7.883241758241758,194.7050985233059,SRRM2;VASP;PPP1R12A;FKBP15;AHNAK;YTHDC1;RPS6;BOD1L1;NOP2;TSC2;IRF2BP2;CDC25C;GTF2F1;GPATCH8;NFKB2;RPTOR;MYO1E;CIC;EMD;EIF4B;REPS1
The_Kinase_Library_2024,MLK3,21/811,2.1564422743007267e-11,1.9513172774769988e-10,0,0,7.820915287244401,192.0814937425704,SRRM2;SPAG9;VASP;PPP1R12A;FKBP15;ICE1;AHNAK;YTHDC1;NOP2;TSC2;NUP153;ADD3;GPATCH8;SSH1;MAP7D3;TBC1D5;TPR;CEP170;CIC;EIF4B;REPS1
The_Kinase_Library_2024,DSTYK,20/726,2.3428217320752067e-11,2.0694925299997658e-10,0,0,8.244484505107735,201.80090639151345,RANBP2;SPAG9;VASP;XRCC6;PPP1R12A;FKBP15;AHNAK;BOD1L1;RGPD8;GTF2F1;EEF1B2;LIMA1;MAP7D3;RPS6KB1;TBC1D5;KIF4A;CEP170;TLN1;EMD;REPS1
The_Kinase_Library_2024,MLK1,21/820,2.6490320561962708e-11,2.2848931355591776e-10,0,0,7.729180706652547,188.2383351614733,SRRM2;RANBP2;SPAG9;VASP;PPP1R12A;FKBP15;ICE1;AHNAK;YTHDC1;BOD1L1;DDX20;TSC2;RGPD8;NFKB2;SSH1;LIMA1;SH3PXD2A;MAP7D3;TBC1D5;CEP170;REPS1
The_Kinase_Library_2024,ULK2,21/821,2.7098463063235528e-11,2.2848931355591776e-10,0,0,7.719115384615384,187.81799641834235,SRRM2;RANBP2;VASP;XRCC6;PPP1R12A;JUND;FKBP15;AHNAK;STAU2;YTHDC1;DDX20;TSC2;RGPD8;GPATCH8;MYO1E;MAP7D3;CEP170;CIC;TLN1;EIF4B;REPS1
The_Kinase_Library_2024,NIK,22/916,2.8147420009204505e-11,2.3205984052033043e-10,0,0,7.313338926174497,177.66707762030606,SRRM2;SPAG9;PPP1R12A;YTHDC1;RPS6;BOD1L1;NOP2;DDX20;IRF2BP2;ADD3;GPATCH8;SSH1;RPTOR;LIMA1;MYO1E;SH3PXD2A;PALLD;KIF4A;TPR;CEP170;CIC;EIF4B
PPI_Hub_Proteins,PRKDC,15/296,2.1305906436480543e-12,2.8230326028336715e-10,0,0,14.760914239887724,396.69398875816495,SRRM2;SPAG9;JUN;XRCC6;PPP1R12A;XRCC5;RPS6;LSP1;ACACA;NFKB2;PEX5L;RPS6KB1;CHEK1;TPR;EIF4B
The_Kinase_Library_2024,MEK1,21/834,3.629413955761781e-11,2.9272012556252623e-10,0,0,7.590519443655975,182.4712661733585,RANBP2;SPAG9;TBC1D9B;ICE1;AHNAK;XRCC5;TSC2;RGPD8;NUP153;ARAP1;GTF2F1;GPATCH8;RPTOR;LIMA1;MICAL1;CEP170;CIC;TLN1;EIF4B;AGFG1;REPS1
The_Kinase_Library_2024,MYLK4,21/841,4.238515861432479e-11,3.3457220948754247e-10,0,0,7.52296435272045,179.68015707528266,SRRM2;PPP1R12A;FKBP15;RPS6;BOD1L1;NOP2;DDX20;IRF2BP2;GPATCH8;SSH1;RPTOR;MYO1E;SH3PXD2A;MAP7D3;TBC1D5;KIF4A;CHEK1;CEP170;CIC;EMD;EIF4B
The_Kinase_Library_2024,PKN2,22/937,4.359480879832474e-11,3.3695154300371826e-10,0,0,7.137602459016393,170.27523694682571,SRRM2;RANBP2;PPP1R12A;RPS6;BOD1L1;NOP2;DDX20;RGPD8;ADD3;GPATCH8;NFKB2;SSH1;LIMA1;MYO1E;SH3PXD2A;MAP7D3;PALLD;KIF4A;TPR;CEP170;UBAP2L;EIF4B
The_Kinase_Library_2024,IRE1,21/850,5.162833181777866e-11,3.9090022662032407e-10,0,0,7.437784169991649,176.1784256716912,SRRM2;SPAG9;ICE1;AHNAK;YTHDC1;RPS6;BOD1L1;NOP2;CDC25C;ADD3;GPATCH8;GGA2;LIMA1;PALLD;TBC1D5;CEP170;CIC;EMD;PAM;EIF4B;REPS1
The_Kinase_Library_2024,MAPKAPK5,20/762,5.5572894503113956e-11,4.1235087721310554e-10,0,0,7.829780282610471,184.88715073937155,SRRM2;EEFSEC;PPP1R12A;TBC1D9B;RPS6;BOD1L1;DDX20;DTNBP1;TSC2;LSP1;SSH1;RPTOR;RPS6KA3;MYO1E;MICAL1;RPS6KA1;TPR;CEP170;PNPLA6;REPS1
The_Kinase_Library_2024,NEK7,20/763,5.6883868763390626e-11,4.13802261004273e-10,0,0,7.818834373343122,184.4463757114328,SRRM2;RANBP2;XRCC6;PPP1R12A;FKBP15;AHNAK;BOD1L1;RGPD8;GTF2F1;GPATCH8;NFKB2;LIMA1;MAP7D3;ARL2BP;RPS6KB1;PACS1;TBC1D5;KIF4A;CEP170;TLN1
PPI_Hub_Proteins,RPS6KA3,16/375,4.974009310601557e-12,4.3937082243647087e-10,0,0,12.450457620374054,324.0455068803714,SRRM2;SPAG9;VASP;AHNAK;YTHDC1;RPS6;TSC2;CDC25C;ADD3;PPP3CA;RPS6KA3;CHEK1;RPS6KA1;CIC;EIF4B;MAPK3
The_Kinase_Library_2024,PKCH,22/956,6.413229334425715e-11,4.5755924674460396e-10,0,0,6.985412205567452,163.94813497635192,SRRM2;RANBP2;PPP1R12A;RPS6;BOD1L1;NOP2;DDX20;IRF2BP2;RGPD8;ADD3;GPATCH8;NFKB2;RPTOR;LIMA1;MYO1E;SH3PXD2A;PALLD;KIF4A;CEP170;CIC;EIF4B;REPS1
The_Kinase_Library_2024,IRE2,21/867,7.445011890220489e-11,5.211508323154342e-10,0,0,7.281833060556464,169.81884061762574,SRRM2;SPAG9;VASP;FKBP15;ICE1;YTHDC1;RPS6;BOD1L1;NOP2;TSC2;IRF2BP2;OXSR1;ADD3;GPATCH8;LIMA1;MAP7D3;PALLD;TPR;CEP170;EIF4B;REPS1
The_Kinase_Library_2024,GCN2,20/776,7.677955788226495e-11,5.240104811895072e-10,0,0,7.679172679172679,178.8485666473556,SRRM2;RANBP2;SPAG9;PPP1R12A;FKBP15;ICE1;XRCC5;NOP2;TSC2;NUP153;NFKB2;SSH1;RPTOR;LIMA1;SH3PXD2A;TBC1D5;CEP170;TLN1;EMD;EIF4B
The_Kinase_Library_2024,ASK1,21/869,7.768349451596471e-11,5.240104811895072e-10,0,0,7.263896952104499,169.09174123351693,SRRM2;RANBP2;NEK9;XRCC6;PPP1R12A;AHNAK;NOP2;TSC2;OXSR1;GPATCH8;RPS6KA3;MTA1;MAP7D3;TBC1D5;MICAL1;KIF4A;RPS6KA1;TLN1;EMD;AGFG1;REPS1
The_Kinase_Library_2024,PASK,20/780,8.410385067425429e-11,5.540282401712462e-10,0,0,7.637161084529506,177.17426143911285,SRRM2;PPP1R12A;FKBP15;ICE1;AHNAK;BOD1L1;IRF2BP2;OXSR1;GTF2F1;ADD3;PDS5A;GPATCH8;LIMA1;PACS1;PALLD;XIRP1;CEP170;CIC;EIF4B;REPS1
The_Kinase_Library_2024,CDK2,19/692,8.512024175137742e-11,5.540282401712462e-10,0,0,8.107582444390234,187.9901594330874,SRRM2;RANBP2;SPAG9;NEK9;PPP1R12A;TBC1D9B;BOD1L1;RGPD8;NUP153;ADD3;PDS5A;SH3PXD2A;MAP7D3;PACS1;PALLD;CEP170;UBAP2L;CIC;TLN1
The_Kinase_Library_2024,RAF1,20/783,9.002004196747681e-11,5.758178546540327e-10,0,0,7.6059414591524686,175.93294656715614,SRRM2;RANBP2;SPAG9;XRCC6;PPP1R12A;FKBP15;XRCC5;RPS6;BOD1L1;TSC2;NUP153;GPATCH8;NFKB2;SSH1;LIMA1;MYO1E;MICAL1;CEP170;CIC;EIF4B
The_Kinase_Library_2024,P90RSK,20/787,9.851440955337359e-11,6.194719651576542e-10,0,0,7.564695191813836,174.2967673229856,SRRM2;VASP;PPP1R12A;TBC1D9B;FKBP15;RPS6;BOD1L1;NOP2;DDX20;TSC2;IRF2BP2;ARAP1;GTF2F1;GPATCH8;RPTOR;XIRP1;CEP170;CIC;EIF4B;REPS1
The_Kinase_Library_2024,DCAMKL1,20/791,1.0775302462011512e-10,6.662728689010451e-10,0,0,7.523876901308808,172.6818479181012,SRRM2;SPAG9;VASP;PPP1R12A;AHNAK;YTHDC1;RPS6;BOD1L1;NOP2;IRF2BP2;ADD3;GPATCH8;SSH1;RPTOR;SH3PXD2A;KIF4A;CEP170;TLN1;EIF4B;REPS1
The_Kinase_Library_2024,PKN3,21/889,1.1810478808708191e-10,7.18309448857498e-10,0,0,7.089081885856079,162.05250476954092,SRRM2;XRCC6;PPP1R12A;FKBP15;AHNAK;RPS6;BOD1L1;NOP2;DDX20;CDC25C;ADD3;NFKB2;FYCO1;MYO1E;SH3PXD2A;MAP7D3;PALLD;KIF4A;XIRP1;CEP170;EIF4B
PPI_Hub_Proteins,GSK3B,20/696,1.0974948878386899e-11,7.270903631931321e-10,0,0,8.623812085350547,217.62539764598372,SRRM2;RANBP2;JUN;JUND;AHNAK;YTHDC1;DDX20;TSC2;GTF2F1;ADD3;NFKB2;SSH1;RPTOR;RPS6KA3;RPS6KB1;CHEK1;RPS6KA1;CIC;EIF4B;MAPK3
The_Kinase_Library_2024,SMMLCK,21/902,1.541591065308556e-10,9.224682019830227e-10,0,0,6.9797083733519605,157.69280176388148,SRRM2;VASP;PPP1R12A;FKBP15;AHNAK;RPS6;BOD1L1;DDX20;IRF2BP2;GPATCH8;SSH1;RPTOR;MYO1E;SH3PXD2A;PACS1;KIF4A;CHEK1;TPR;CEP170;CIC;EMD
The_Kinase_Library_2024,CRIK,20/808,1.5680480961311694e-10,9.234061010550222e-10,0,0,7.355022304260883,166.04712574983233,SRRM2;VASP;PPP1R12A;FKBP15;YTHDC1;RPS6;BOD1L1;NOP2;TSC2;IRF2BP2;GTF2F1;GPATCH8;NFKB2;SH3PXD2A;PACS1;KIF4A;CHEK1;CEP170;CIC;REPS1
The_Kinase_Library_2024,NUAK1,20/816,1.8648920791559403e-10,1.0604066935420416e-09,0,0,7.278056951423785,163.0477461502376,SRRM2;RANBP2;SPAG9;VASP;PPP1R12A;ICE1;AHNAK;BOD1L1;NOP2;DDX20;RGPD8;CDC25C;ADD3;SSH1;RPTOR;GGA2;SH3PXD2A;XIRP1;CEP170;TLN1
The_Kinase_Library_2024,RSK2,20/816,1.8648920791559403e-10,1.0604066935420416e-09,0,0,7.278056951423785,163.0477461502376,SRRM2;VASP;PPP1R12A;TBC1D9B;FKBP15;RPS6;BOD1L1;NOP2;TSC2;IRF2BP2;GTF2F1;GPATCH8;RPTOR;MYO1E;MAP7D3;TPR;CEP170;CIC;EIF4B;REPS1
The_Kinase_Library_2024,PHKG2,21/912,1.8864377836596968e-10,1.0604066935420416e-09,0,0,6.8977466977466975,154.44855443111032,SRRM2;RANBP2;PPP1R12A;RPS6;NOP2;DDX20;IRF2BP2;RGPD8;ADD3;GPATCH8;SSH1;RPTOR;LIMA1;MYO1E;SH3PXD2A;KIF4A;TPR;CEP170;UBAP2L;CIC;REPS1
The_Kinase_Library_2024,P70S6K,20/821,2.0762310213025902e-10,1.1496741923929267e-09,0,0,7.230734309385995,161.2113667063007,SRRM2;VASP;PPP1R12A;AHNAK;RPS6;BOD1L1;DDX20;DTNBP1;TSC2;GTF2F1;GPATCH8;NFKB2;RPTOR;MYO1E;MICAL1;KIF4A;TPR;CIC;EIF4B;REPS1
The_Kinase_Library_2024,CAMK2A,19/731,2.1515989044600148e-10,1.1738870493450964e-09,0,0,7.647954049974845,170.24070150051222,XRCC6;FKBP15;AHNAK;BOD1L1;IRF2BP2;LSP1;CDC25C;GPATCH8;DOK1;MYO1E;PEX5L;PACS1;PALLD;TBC1D5;CEP170;CIC;TLN1;EIF4B;REPS1
The_Kinase_Library_2024,MRCKA,20/829,2.4614079989881186e-10,1.3234527067023075e-09,0,0,7.156234782934412,158.3325346171908,SRRM2;SPAG9;VASP;PPP1R12A;FKBP15;AHNAK;YTHDC1;RPS6;BOD1L1;NOP2;IRF2BP2;GPATCH8;RPTOR;MYO1E;MAP7D3;PACS1;KIF4A;CEP170;CIC;EMD
The_Kinase_Library_2024,MPSK1,19/738,2.52586101494122e-10,1.3387063379188467e-09,0,0,7.570734643887655,167.3077008878137,SRRM2;RANBP2;CENPV;JUND;AHNAK;RPS6;IRF2BP2;OXSR1;CDC25C;GTF2F1;GPATCH8;MTA1;DDI2;NUP50;RPS6KA1;UBAP2L;CIC;EIF4B;REPS1
The_Kinase_Library_2024,JNK1,19/745,2.960015034765793e-10,1.5467120815466324e-09,0,0,7.495004317256692,164.44531580781958,SRRM2;SPAG9;CENPV;JUN;JUND;FKBP15;STAU2;BOD1L1;ARAP1;ARHGAP5;CDC25C;ACACA;SSH1;RPTOR;MAP7D3;RPS6KB1;PALLD;KIF4A;REPS1
The_Kinase_Library_2024,DAPK3,20/840,3.1006490078194316e-10,1.5976955304180684e-09,0,0,7.056171470805618,154.48950801493368,SRRM2;VASP;PPP1R12A;FKBP15;RPS6;BOD1L1;NOP2;IRF2BP2;GPATCH8;SSH1;LIMA1;MYO1E;SH3PXD2A;MAP7D3;TBC1D5;MICAL1;KIF4A;CEP170;CIC;EIF4B
The_Kinase_Library_2024,DLK,20/841,3.165858148361328e-10,1.6089498260850036e-09,0,0,7.0472077658435754,154.14658302855767,SRRM2;FKBP15;ICE1;AHNAK;BOD1L1;DDX20;DTNBP1;TSC2;GPATCH8;SSH1;RPTOR;MYO1E;PALLD;TBC1D5;MICAL1;TPR;CEP170;EMD;EIF4B;REPS1
The_Kinase_Library_2024,TAK1,20/844,3.3692433643717233e-10,1.6891747137593371e-09,0,0,7.020447190350103,153.12411611833218,SRRM2;RANBP2;JUN;PPP1R12A;AHNAK;XRCC5;RPS6;NOP2;RGPD8;GTF2F1;GPATCH8;SSH1;RPTOR;SH3PXD2A;MAP7D3;TBC1D5;KIF4A;CEP170;TLN1;REPS1
The_Kinase_Library_2024,TBK1,19/753,3.5408080640254015e-10,1.7515197223378984e-09,0,0,7.410224083939974,161.25756148143316,SRRM2;RANBP2;SPAG9;PPP1R12A;AHNAK;NOP2;TSC2;GTF2F1;ADD3;SSH1;LIMA1;SH3PXD2A;NUP50;MICAL1;CEP170;UBAP2L;CIC;TLN1;EMD
The_Kinase_Library_2024,PKCI,21/945,3.6066230745270726e-10,1.7606015271704526e-09,0,0,6.63986013986014,144.37100378113374,SRRM2;PPP1R12A;RPS6;NOP2;DDX20;IRF2BP2;ADD3;GPATCH8;NFKB2;RPTOR;LIMA1;MYO1E;SH3PXD2A;PALLD;KIF4A;TPR;CEP170;PNPLA6;CIC;EIF4B;REPS1
The_Kinase_Library_2024,BMPR1A,18/667,3.8058986155991325e-10,1.833751151152309e-09,0,0,7.857563672618508,170.42504633125793,RANBP2;SPAG9;PPP1R12A;ICE1;BOD1L1;NOP2;LSP1;GTF2F1;ACACA;NFKB2;SSH1;EEF1B2;SH3PXD2A;MAP7D3;PACS1;TPR;CEP170;PAM
The_Kinase_Library_2024,BMPR1B,18/671,4.1884529567391535e-10,1.9922000601925975e-09,0,0,7.807810107197549,168.59809969995052,SRRM2;RANBP2;SPAG9;XRCC6;PPP1R12A;ICE1;BOD1L1;NOP2;DTNBP1;GTF2F1;ACACA;SSH1;EEF1B2;SH3PXD2A;MAP7D3;TPR;CEP170;PAM
The_Kinase_Library_2024,TGFBR2,19/762,4.320092942682909e-10,2.003443102169199e-09,0,0,7.31702858520319,157.77397042665072,SRRM2;RANBP2;SPAG9;FKBP15;ICE1;AHNAK;RPS6;TSC2;LSP1;CDC25C;GPATCH8;LIMA1;MTA1;SH3PXD2A;ARL2BP;KIF4A;CEP170;UBAP2L;EIF4B
The_Kinase_Library_2024,CK1G1,19/762,4.320092942682909e-10,2.003443102169199e-09,0,0,7.31702858520319,157.77397042665072,SRRM2;RANBP2;SPAG9;XRCC6;FKBP15;AHNAK;XRCC5;TSC2;IRF2BP2;NUP153;SSH1;LIMA1;SH3PXD2A;TBC1D5;NUP50;STK17B;CEP170;TLN1;EIF4B
The_Kinase_Library_2024,PIM3,19/768,4.925243077782557e-10,2.255882940564603e-09,0,0,7.25614251838272,155.5098536729239,SRRM2;PPP1R12A;FKBP15;AHNAK;YTHDC1;BOD1L1;NOP2;TSC2;IRF2BP2;GTF2F1;ADD3;PDS5A;MYO1E;PALLD;RPS6KA1;XIRP1;CIC;EIF4B;REPS1
The_Kinase_Library_2024,MST3,21/963,5.078725307274599e-10,2.297813523169361e-09,0,0,6.506810387065165,139.2508867210573,SRRM2;RANBP2;SPAG9;JUN;XRCC6;AHNAK;RPS6;BOD1L1;NOP2;RGPD8;ADD3;NFKB2;SH3PXD2A;MAP7D3;TBC1D5;MICAL1;KIF4A;CEP170;CIC;TLN1;REPS1
The_Kinase_Library_2024,HPK1,20/867,5.3846555883758e-10,2.4068761726354483e-09,0,0,6.821580623233515,145.58820361997073,SRRM2;RANBP2;SPAG9;JUN;XRCC6;AHNAK;RPS6;NOP2;RGPD8;NUP153;GTF2F1;NFKB2;MYO1E;SH3PXD2A;TBC1D5;MICAL1;KIF4A;CEP170;TLN1;REPS1
KEA_2015,MAPK1,14/326,1.1165082089485531e-10,2.902921343266238e-09,0,0,12.216346153846152,279.9454490354968,JUN;JUND;AHNAK;TSC2;NUP153;RPTOR;RPS6KA3;RPS6KB1;NUP50;RPS6KA1;TPR;CEP170;UBAP2L;CIC
The_Kinase_Library_2024,NEK6,19/790,7.885316279143706e-10,3.482681356621803e-09,0,0,7.041001219583019,147.58536054788652,SRRM2;RANBP2;XRCC6;PPP1R12A;FKBP15;AHNAK;BOD1L1;RGPD8;ARHGAP5;GTF2F1;ADD3;LIMA1;MTA1;RPS6KB1;TBC1D5;CEP170;EMD;PAM;EIF4B
The_Kinase_Library_2024,MSK2,19/792,8.223722714684271e-10,3.549450445236151e-09,0,0,7.022050163155761,146.8930591378391,SRRM2;PPP1R12A;FKBP15;AHNAK;RPS6;BOD1L1;DDX20;IRF2BP2;GPATCH8;RPTOR;MYO1E;SH3PXD2A;MAP7D3;TBC1D5;MICAL1;TPR;CIC;EIF4B;REPS1
The_Kinase_Library_2024,GRK4,18/700,8.227836611598626e-10,3.549450445236151e-09,0,0,7.464550629636019,156.14591706952135,RANBP2;SPAG9;AHNAK;XRCC5;BOD1L1;NOP2;RGPD8;ARAP1;ACACA;NFKB2;EEF1B2;PACS1;TPR;CEP170;TLN1;EMD;PAM;EIF4B
The_Kinase_Library_2024,PKN1,20/894,9.166544121563925e-10,3.864531669432064e-09,0,0,6.601483947021705,137.37879921377245,SRRM2;SPAG9;PPP1R12A;RPS6;NOP2;DDX20;IRF2BP2;ADD3;GPATCH8;SSH1;RPTOR;FYCO1;RPS6KA3;LIMA1;MYO1E;SH3PXD2A;KIF4A;RPS6KA1;TPR;CEP170
The_Kinase_Library_2024,WNK3,19/797,9.129686915692743e-10,3.864531669432064e-09,0,0,6.975098799063807,145.18193514127336,SRRM2;SPAG9;NEK9;PPP1R12A;AHNAK;RPS6;BOD1L1;NOP2;DDX20;IRF2BP2;ARAP1;GPATCH8;RPTOR;LIMA1;MICAL1;KIF4A;CEP170;UBAP2L;CIC
The_Kinase_Library_2024,GRK5,18/708,9.855953448273755e-10,4.089373727699385e-09,0,0,7.374936061381074,152.93976649709995,SRRM2;RANBP2;XRCC6;ICE1;BOD1L1;NOP2;PDS5A;GPATCH8;ACACA;NFKB2;LIMA1;PACS1;NUP50;MICAL1;KIF4A;CIC;PAM;EIF4B
The_Kinase_Library_2024,HRI,19/801,9.920313625146756e-10,4.089373727699385e-09,0,0,6.937969996564492,143.8329042303128,SRRM2;RANBP2;SPAG9;PPP1R12A;FKBP15;ICE1;AHNAK;YTHDC1;RPS6;NOP2;DDX20;ARHGAP5;LIMA1;TBC1D5;CEP170;UBAP2L;TLN1;EIF4B;REPS1
The_Kinase_Library_2024,RSK3,19/802,1.0127672984991972e-09,4.128974370804419e-09,0,0,6.928747069251444,143.4983659964801,SRRM2;PPP1R12A;TBC1D9B;FKBP15;RPS6;BOD1L1;NOP2;DDX20;IRF2BP2;ARAP1;GTF2F1;GPATCH8;NFKB2;RPTOR;MAP7D3;TPR;CIC;EIF4B;REPS1
The_Kinase_Library_2024,AURB,19/804,1.055452524851643e-09,4.256227029564777e-09,0,0,6.910371708337294,142.83251988849912,SRRM2;VASP;PPP1R12A;FKBP15;RPS6;BOD1L1;NOP2;DDX20;IRF2BP2;GPATCH8;SSH1;RPTOR;MYO1E;MAP7D3;TBC1D5;KIF4A;TPR;CEP170;CIC
The_Kinase_Library_2024,CHAK1,19/811,1.218369434985568e-09,4.808670855102615e-09,0,0,6.846788783355947,140.5354913080997,SRRM2;RANBP2;SPAG9;ICE1;YTHDC1;NOP2;DDX20;GTF2F1;ADD3;GPATCH8;NFKB2;SH3PXD2A;MAP7D3;PALLD;TBC1D5;CEP170;TLN1;EIF4B;REPS1
The_Kinase_Library_2024,STLK3,19/811,1.218369434985568e-09,4.808670855102615e-09,0,0,6.846788783355947,140.5354913080997,SRRM2;RANBP2;SPAG9;NEK9;PPP1R12A;AHNAK;TSC2;GPATCH8;NFKB2;RPTOR;MYO1E;MICAL1;TPR;CEP170;UBAP2L;TLN1;EMD;AGFG1;REPS1
The_Kinase_Library_2024,CK1A2,19/812,1.243463244699373e-09,4.856051197720711e-09,0,0,6.837797142910918,140.21152902211594,SRRM2;SPAG9;PPP1R12A;TBC1D9B;XRCC5;BOD1L1;TSC2;IRF2BP2;NUP153;ARAP1;GPATCH8;RPTOR;STK17B;TPR;XIRP1;CEP170;CIC;TLN1;EIF4B
The_Kinase_Library_2024,JNK3,18/720,1.2864749547966334e-09,4.971689669057823e-09,0,0,7.244343891402715,148.30157141771582,SRRM2;SPAG9;CENPV;JUN;JUND;FKBP15;STAU2;BOD1L1;ARHGAP5;CDC25C;ACACA;SSH1;MAP7D3;RPS6KB1;PALLD;TPR;CEP170;PNPLA6
The_Kinase_Library_2024,TTBK2,19/815,1.3216541721116464e-09,5.054986575808462e-09,0,0,6.810957773944349,139.24582063798005,SRRM2;RANBP2;XRCC6;FKBP15;AHNAK;YTHDC1;XRCC5;RPS6;BOD1L1;DDX20;TSC2;IRF2BP2;NFKB2;LIMA1;MICAL1;STK17B;UBAP2L;EMD;EIF4B
The_Kinase_Library_2024,CAMK1B,19/825,1.616501862973775e-09,6.1196141955435775e-09,0,0,6.722936187548609,136.09240643002698,SRRM2;VASP;PPP1R12A;FKBP15;RPS6;BOD1L1;NOP2;DDX20;IRF2BP2;RPTOR;MYO1E;SH3PXD2A;MAP7D3;KIF4A;CEP170;CIC;TLN1;EIF4B;REPS1
The_Kinase_Library_2024,DAPK2,19/830,1.785815747121555e-09,6.692299415980777e-09,0,0,6.679739404089295,134.55259942126372,SRRM2;VASP;PPP1R12A;FKBP15;AHNAK;RPS6;BOD1L1;DDX20;IRF2BP2;SSH1;MYO1E;SH3PXD2A;MAP7D3;MICAL1;KIF4A;CEP170;CIC;EMD;EIF4B
The_Kinase_Library_2024,COT,18/736,1.8205909036805398e-09,6.754392252654803e-09,0,0,7.077011305915124,142.41851659797027,SRRM2;VASP;PPP1R12A;FKBP15;ICE1;AHNAK;XRCC5;BOD1L1;CDC25C;GPATCH8;LIMA1;PACS1;TBC1D5;KIF4A;TPR;CEP170;PAM;EIF4B
The_Kinase_Library_2024,TLK2,18/737,1.8599886087941246e-09,6.832235384778418e-09,0,0,7.066800294526712,142.0617342932236,SRRM2;RANBP2;SPAG9;FKBP15;ICE1;AHNAK;STAU2;BOD1L1;TSC2;IRF2BP2;GPATCH8;ACACA;MTA1;SH3PXD2A;TPR;CEP170;EIF4B;REPS1
The_Kinase_Library_2024,QIK,19/835,1.9714675279197747e-09,7.170729929982711e-09,0,0,6.637071992976295,133.03670748582792,SRRM2;RANBP2;SPAG9;PPP1R12A;ICE1;AHNAK;XRCC5;RPS6;NOP2;RGPD8;CDC25C;GPATCH8;SSH1;RPTOR;XIRP1;CEP170;UBAP2L;CIC;TLN1
The_Kinase_Library_2024,CAMK2B,18/742,2.069087668830868e-09,7.45273325375002e-09,0,0,7.016168345791355,140.29641126374864,XRCC6;PPP1R12A;FKBP15;AHNAK;BOD1L1;LSP1;GPATCH8;DOK1;LIMA1;MYO1E;PEX5L;PACS1;TBC1D5;XIRP1;CEP170;CIC;EIF4B;REPS1
The_Kinase_Library_2024,CAMK4,19/848,2.541293344729117e-09,9.024262750805653e-09,0,0,6.528545451271987,129.20378391477357,SRRM2;SPAG9;PPP1R12A;TBC1D9B;AHNAK;RPS6;BOD1L1;NOP2;DDX20;IRF2BP2;ARHGAP5;GPATCH8;RPTOR;MYO1E;SH3PXD2A;MAP7D3;KIF4A;CEP170;TLN1
The_Kinase_Library_2024,IKKB,18/752,2.5540366275865054e-09,9.024262750805653e-09,0,0,6.9169738740182725,136.85641421797845,PPP1R12A;FKBP15;AHNAK;DTNBP1;NUP153;SSH1;RPTOR;LIMA1;PEX5L;TBC1D5;MICAL1;KIF4A;TPR;CEP170;PNPLA6;TLN1;EMD;EIF4B
The_Kinase_Library_2024,MEKK2,19/850,2.6414381221937502e-09,9.245033427678124e-09,0,0,6.51215043914004,128.6276198846519,SRRM2;SPAG9;JUN;PPP1R12A;JUND;FKBP15;AHNAK;XRCC5;SSH1;MAP7D3;PACS1;TBC1D5;MICAL1;TPR;TLN1;EIF4B;AGFG1;MAPK3;REPS1
The_Kinase_Library_2024,MAP3K15,19/855,2.908036718018958e-09,1.0083005816682556e-08,0,0,6.471506105834464,127.20254979714352,SRRM2;RANBP2;VASP;JUN;XRCC6;JUND;AHNAK;NOP2;RPTOR;LIMA1;MTA1;MAP7D3;TBC1D5;DDI2;MICAL1;CIC;EIF4B;AGFG1;REPS1
The_Kinase_Library_2024,PLK1,18/763,3.207611627967622e-09,1.101873994422211e-08,0,0,6.810935649427556,133.2065032612121,RANBP2;JUN;AHNAK;BOD1L1;DDX20;RGPD8;ARAP1;CDC25C;NFKB2;LIMA1;RPS6KB1;PACS1;DDI2;KIF4A;TPR;CIC;TLN1;EIF4B
The_Kinase_Library_2024,AKT2,19/866,3.5847256057427342e-09,1.2201222015876646e-08,0,0,6.383777687712559,124.142668437305,SRRM2;VASP;PPP1R12A;FKBP15;RPS6;BOD1L1;NOP2;DDX20;IRF2BP2;GTF2F1;GPATCH8;RPTOR;MYO1E;SH3PXD2A;KIF4A;TPR;CEP170;CIC;EMD
The_Kinase_Library_2024,PRKX,18/778,4.34951200905625e-09,1.4669717775998808e-08,0,0,6.671284829721362,128.44359562675754,SRRM2;RANBP2;PPP1R12A;FKBP15;ICE1;BOD1L1;NOP2;IRF2BP2;ARHGAP5;GTF2F1;GPATCH8;MYO1E;PALLD;MICAL1;CEP170;CIC;TLN1;EMD
The_Kinase_Library_2024,PHKG1,19/883,4.922601218625478e-09,1.6453018487477947e-08,0,0,6.252591210613598,119.6084980236896,SRRM2;RANBP2;PPP1R12A;YTHDC1;RPS6;BOD1L1;NOP2;DDX20;RGPD8;ADD3;GPATCH8;NFKB2;SSH1;LIMA1;SH3PXD2A;KIF4A;RPS6KA1;CEP170;CIC
PPI_Hub_Proteins,CDK1,18/659,3.1361204991915896e-10,1.6621438645715425e-08,0,0,7.958933651463705,174.16426589305212,SRRM2;RANBP2;PPP1R12A;JUND;AHNAK;YTHDC1;TSC2;RGPD8;CDC25C;RPTOR;RPS6KA3;RPS6KB1;PACS1;PALLD;NUP50;CHEK1;UBAP2L;CIC
The_Kinase_Library_2024,PRKD2,18/789,5.414118515735141e-09,1.7934267583372654e-08,0,0,6.572327763790341,125.09936756422894,SRRM2;VASP;PPP1R12A;YTHDC1;BOD1L1;NOP2;IRF2BP2;GTF2F1;NFKB2;SSH1;MYO1E;MAP7D3;MICAL1;XIRP1;PNPLA6;CIC;TLN1;REPS1
The_Kinase_Library_2024,VRK2,18/790,5.5219702792585034e-09,1.812965463367172e-08,0,0,6.563471502590674,124.80133304735402,SRRM2;RANBP2;NEK9;CENPV;PPP1R12A;JUND;AHNAK;YTHDC1;RGPD8;RPTOR;MTA1;CHEK1;TPR;CEP170;UBAP2L;PNPLA6;CIC;REPS1
The_Kinase_Library_2024,PAK3,18/798,6.458988338250986e-09,2.1020040995536105e-08,0,0,6.493438914027149,122.45192777809017,SRRM2;SPAG9;PPP1R12A;AHNAK;RPS6;DDX20;IRF2BP2;ARAP1;GPATCH8;RPTOR;MYO1E;SH3PXD2A;MAP7D3;TBC1D5;MICAL1;KIF4A;CEP170;CIC
PPI_Hub_Proteins,ESR1,17/591,4.769512363438672e-10,2.1065346271854137e-08,0,0,8.301267484724537,178.17514173309954,SRRM2;JUN;XRCC6;JUND;AHNAK;XRCC5;RPS6;NOP2;TSC2;NUP153;RPS6KA3;MTA1;RPS6KB1;RPS6KA1;UBAP2L;EMD;MAPK3
KEA_2015,MAPK3,11/202,1.072640835712743e-09,2.2310929382825055e-08,0,0,15.145061082024434,312.79309952466565,RPTOR;SRRM2;RPS6KA3;JUN;RPS6KB1;NUP50;RPS6KA1;TSC2;NUP153;CIC;MAPK3
The_Kinase_Library_2024,MEKK6,19/909,7.885401374697362e-09,2.5219688879420013e-08,0,0,6.061646822069428,113.09973827070708,SRRM2;RANBP2;JUND;AHNAK;NOP2;NUP153;GPATCH8;RPTOR;LIMA1;MTA1;MAP7D3;TBC1D5;MICAL1;KIF4A;CEP170;CIC;EMD;EIF4B;REPS1
The_Kinase_Library_2024,CAMK1D,18/808,7.836474865208372e-09,2.5219688879420013e-08,0,0,6.40789277736411,119.59996568424702,SRRM2;VASP;PPP1R12A;FKBP15;AHNAK;BOD1L1;NOP2;DDX20;IRF2BP2;GPATCH8;SSH1;MYO1E;MAP7D3;KIF4A;CEP170;CIC;TLN1;REPS1
The_Kinase_Library_2024,PRKD3,18/810,8.142609298783571e-09,2.5600915676683936e-08,0,0,6.391042780748663,119.04055444044172,SRRM2;EEFSEC;VASP;PPP1R12A;YTHDC1;RPS6;BOD1L1;NOP2;DDX20;IRF2BP2;LSP1;NFKB2;SSH1;SH3PXD2A;MAP7D3;XIRP1;TLN1;REPS1
The_Kinase_Library_2024,PERK,18/810,8.142609298783571e-09,2.5600915676683936e-08,0,0,6.391042780748663,119.04055444044172,SRRM2;RANBP2;SPAG9;PPP1R12A;FKBP15;ICE1;AHNAK;RPS6;BOD1L1;NOP2;EEF1B2;SH3PXD2A;TBC1D5;STK17B;UBAP2L;TLN1;EIF4B;REPS1
The_Kinase_Library_2024,NEK8,19/915,8.770973541151667e-09,2.7344799863590492e-08,0,0,6.01915644989339,111.66629514415747,SRRM2;RANBP2;PPP1R12A;FKBP15;AHNAK;BOD1L1;DDX20;NFKB2;LIMA1;MYO1E;SH3PXD2A;MAP7D3;TBC1D5;KIF4A;CEP170;CIC;EMD;EIF4B;REPS1
KEA_2015,RPS6KA3,13/332,1.684961306256588e-09,2.920599597511419e-08,0,0,10.938935886975566,220.9831675093556,SRRM2;SPAG9;VASP;AHNAK;RPS6;TSC2;ADD3;PPP3CA;RPS6KA3;CHEK1;RPS6KA1;CIC;EIF4B
The_Kinase_Library_2024,RIPK1,18/821,1.0033022453237756e-08,3.10187610845934e-08,0,0,6.299868141528093,116.0270903280185,SRRM2;PPP1R12A;AHNAK;XRCC5;RPS6;NOP2;DDX20;TSC2;ADD3;GPATCH8;NFKB2;RPTOR;SH3PXD2A;PALLD;KIF4A;CHEK1;TPR;CEP170
The_Kinase_Library_2024,YANK3,18/823,1.0417442617514188e-08,3.1941084389237714e-08,0,0,6.283558640847644,115.49045220965134,SRRM2;PPP1R12A;FKBP15;RPS6;BOD1L1;NOP2;DDX20;TSC2;IRF2BP2;ADD3;RPTOR;FYCO1;MYO1E;SH3PXD2A;PALLD;KIF4A;CEP170;EIF4B
The_Kinase_Library_2024,CAMK2D,17/727,1.0694199207534193e-08,3.2520884475370375e-08,0,0,6.663972239232496,122.3076434701144,SRRM2;XRCC6;FKBP15;AHNAK;BOD1L1;NOP2;LSP1;CDC25C;DOK1;MYO1E;PEX5L;PALLD;RPS6KA1;XIRP1;CEP170;EIF4B;REPS1
The_Kinase_Library_2024,TAO2,19/931,1.1602340631914562e-08,3.4995677840978075e-08,0,0,5.9085820895522385,107.96196043186956,SRRM2;JUN;XRCC6;PPP1R12A;AHNAK;BOD1L1;NOP2;CDC25C;ADD3;NFKB2;MYO1E;SH3PXD2A;MAP7D3;MICAL1;CEP170;CIC;TLN1;EIF4B;REPS1
The_Kinase_Library_2024,SGK1,18/830,1.1872506321584586e-08,3.55217729460313e-08,0,0,6.227108084613156,113.63874765297156,SRRM2;VASP;PPP1R12A;FKBP15;AHNAK;RPS6;BOD1L1;NOP2;DDX20;TSC2;IRF2BP2;GTF2F1;RPTOR;MYO1E;KIF4A;CEP170;CIC;EMD
The_Kinase_Library_2024,DAPK1,18/834,1.2785926717085334e-08,3.7351014268020944e-08,0,0,6.195285467128028,112.59882236460892,SRRM2;VASP;PPP1R12A;FKBP15;RPS6;BOD1L1;IRF2BP2;SSH1;RPTOR;LIMA1;MYO1E;SH3PXD2A;MAP7D3;MICAL1;KIF4A;CEP170;CIC;EIF4B
The_Kinase_Library_2024,IRAK1,18/834,1.2785926717085334e-08,3.7351014268020944e-08,0,0,6.195285467128028,112.59882236460892,SRRM2;RANBP2;SPAG9;XRCC6;XRCC5;TSC2;ARAP1;CDC25C;GPATCH8;NFKB2;RPS6KA3;DOK1;LIMA1;KIF4A;RPS6KA1;CEP170;UBAP2L;REPS1
The_Kinase_Library_2024,KHS1,18/834,1.2785926717085334e-08,3.7351014268020944e-08,0,0,6.195285467128028,112.59882236460892,SRRM2;RANBP2;SPAG9;JUN;AHNAK;NOP2;RGPD8;GPATCH8;NFKB2;MYO1E;SH3PXD2A;MAP7D3;TBC1D5;MICAL1;CEP170;TLN1;AGFG1;REPS1
The_Kinase_Library_2024,MEKK3,18/836,1.3266545394055832e-08,3.84522526655837e-08,0,0,6.1794908672515465,112.08373113076344,SRRM2;JUN;PPP1R12A;FKBP15;AHNAK;XRCC5;BOD1L1;TSC2;SSH1;LIMA1;PACS1;MICAL1;KIF4A;CEP170;TLN1;EIF4B;AGFG1;REPS1
KEA_2015,CDK1,15/494,2.7416505146809753e-09,4.07330933609745e-08,0,0,8.571995648210768,168.99437164001506,SRRM2;RANBP2;JUND;AHNAK;RGPD8;CDC25C;RPTOR;RPS6KA3;RPS6KB1;PALLD;NUP50;CHEK1;TPR;UBAP2L;CIC
The_Kinase_Library_2024,ROCK2,18/844,1.5360444528295246e-08,4.417616217052353e-08,0,0,6.117077339410341,110.0552144734758,SRRM2;SPAG9;VASP;PPP1R12A;FKBP15;AHNAK;RPS6;BOD1L1;NOP2;IRF2BP2;GPATCH8;RPTOR;MYO1E;PACS1;KIF4A;CHEK1;CEP170;CIC
The_Kinase_Library_2024,CDC7,17/746,1.563382519877969e-08,4.4300764523052055e-08,0,0,6.483867119937973,116.53991879499708,SRRM2;PPP1R12A;AHNAK;BOD1L1;DTNBP1;LSP1;PDS5A;GPATCH8;NFKB2;SSH1;SH3PXD2A;RAB14;RPS6KA1;CEP170;CIC;TLN1;REPS1
The_Kinase_Library_2024,CAMK1A,18/845,1.56425880121828e-08,4.4300764523052055e-08,0,0,6.109360551959599,109.80517842872574,SRRM2;PPP1R12A;FKBP15;BOD1L1;NOP2;DDX20;IRF2BP2;GPATCH8;SSH1;RPTOR;MYO1E;SH3PXD2A;MAP7D3;KIF4A;CHEK1;CEP170;TLN1;REPS1
The_Kinase_Library_2024,MEKK1,18/849,1.68196095425743e-08,4.727329651738685e-08,0,0,6.078679125079635,108.81273539838917,SRRM2;RANBP2;FKBP15;AHNAK;XRCC5;SSH1;LIMA1;MYO1E;MAP7D3;RPS6KB1;TBC1D5;MICAL1;TPR;CEP170;TLN1;EIF4B;AGFG1;REPS1
PPI_Hub_Proteins,MAPK3,13/326,1.3509077637195555e-09,4.91172472823411e-08,0,0,11.1520416648431,227.75244881771428,SRRM2;JUN;JUND;TSC2;NUP153;CDC25C;RPTOR;RPS6KA3;RPS6KB1;NUP50;RPS6KA1;CIC;MAPK3
PPI_Hub_Proteins,MAPK14,16/552,1.4827848236178443e-09,4.91172472823411e-08,0,0,8.263539445628998,167.99233505327066,SRRM2;RANBP2;SPAG9;JUN;JUND;NUP153;CDC25C;GTF2F1;SSH1;RPTOR;RPS6KA3;MTA1;RPS6KB1;PACS1;RPS6KA1;MAPK3
The_Kinase_Library_2024,NUAK2,18/854,1.8405602758595298e-08,5.134194453713424e-08,0,0,6.040740219532789,107.58927251637436,SRRM2;RANBP2;PPP1R12A;BOD1L1;NOP2;DDX20;TSC2;RGPD8;LSP1;ADD3;SSH1;RPTOR;GGA2;RPS6KA3;SH3PXD2A;PALLD;XIRP1;CEP170
The_Kinase_Library_2024,SRPK2,16/663,1.985650744954728e-08,5.4975852714791346e-08,0,0,6.806623978803268,120.71366605826556,SRRM2;FKBP15;ICE1;AHNAK;YTHDC1;RPS6;BOD1L1;NOP2;TSC2;IRF2BP2;ADD3;MYO1E;PALLD;TPR;CEP170;EMD
The_Kinase_Library_2024,YANK2,18/862,2.123217891026632e-08,5.834917315339855e-08,0,0,5.980972957903541,105.67032261401648,SRRM2;NEK9;SPAG7;XRCC6;PPP1R12A;FKBP15;XRCC5;NOP2;TSC2;IRF2BP2;LSP1;ARAP1;OXSR1;ADD3;RPTOR;KIF4A;CEP170;EIF4B
The_Kinase_Library_2024,MRCKB,18/874,2.6228357990823543e-08,7.123282950118116e-08,0,0,5.893416712479384,102.87798474565096,SRRM2;VASP;PPP1R12A;AHNAK;YTHDC1;RPS6;BOD1L1;NOP2;IRF2BP2;GPATCH8;RPTOR;MYO1E;PACS1;KIF4A;TPR;CEP170;CIC;EMD
The_Kinase_Library_2024,MARK1,17/773,2.6304306311756928e-08,7.123282950118116e-08,0,0,6.243501265240396,108.97115644901956,SRRM2;RANBP2;SPAG9;PPP1R12A;XRCC5;BOD1L1;NOP2;NUP153;LSP1;CDC25C;SSH1;RPTOR;XIRP1;CEP170;CIC;TLN1;REPS1
The_Kinase_Library_2024,MARK3,17/776,2.7832450716436423e-08,7.482492185360808e-08,0,0,6.217849573237097,108.17232202508168,SRRM2;RANBP2;SPAG9;PPP1R12A;AHNAK;XRCC5;BOD1L1;NOP2;LSP1;CDC25C;SSH1;RPTOR;XIRP1;CEP170;CIC;TLN1;REPS1
The_Kinase_Library_2024,ROCK1,18/878,2.8120662402064003e-08,7.505586871342262e-08,0,0,5.864774281805746,101.96943001188346,SRRM2;SPAG9;VASP;PPP1R12A;FKBP15;AHNAK;YTHDC1;RPS6;BOD1L1;NOP2;IRF2BP2;GPATCH8;RPTOR;MYO1E;PACS1;KIF4A;CEP170;CIC
The_Kinase_Library_2024,MST2,17/783,3.172028581263402e-08,8.350767376156437e-08,0,0,6.15877700836266,106.33934953511984,SRRM2;JUN;FKBP15;AHNAK;NOP2;NUP153;LIMA1;MAP7D3;TBC1D5;MICAL1;KIF4A;TPR;CEP170;TLN1;EIF4B;AGFG1;REPS1
The_Kinase_Library_2024,PKG2,18/885,3.173741779078322e-08,8.350767376156437e-08,0,0,5.815285975982088,100.40538712277824,SRRM2;VASP;NEK9;PPP1R12A;TBC1D9B;FKBP15;AHNAK;RPS6;BOD1L1;NOP2;DDX20;IRF2BP2;GPATCH8;RPTOR;MYO1E;SH3PXD2A;KIF4A;TPR
The_Kinase_Library_2024,PDK1,18/889,3.3991658200220054e-08,8.88091914949411e-08,0,0,5.787364084554603,99.52617225699956,SRRM2;VASP;XRCC6;PPP1R12A;AHNAK;BOD1L1;DDX20;TSC2;OXSR1;GTF2F1;ADD3;RPS6KA3;SH3PXD2A;RPS6KB1;PACS1;KIF4A;RPS6KA1;CEP170
The_Kinase_Library_2024,MNK2,18/890,3.4577782890279515e-08,8.970879337268322e-08,0,0,5.780423637344846,99.30799297309429,SRRM2;SPAG9;PPP1R12A;RPS6;NOP2;DDX20;IRF2BP2;ADD3;GPATCH8;RPTOR;SH3PXD2A;MAP7D3;MICAL1;KIF4A;TPR;CEP170;CIC;TLN1
The_Kinase_Library_2024,LRRK2,18/891,3.5173195144217735e-08,9.06198291562832e-08,0,0,5.7734990903577925,99.09045834375496,SRRM2;RANBP2;PPP1R12A;AHNAK;TSC2;RGPD8;CDC25C;GTF2F1;NFKB2;RPTOR;PALLD;TBC1D5;MICAL1;CHEK1;CEP170;TLN1;EIF4B;REPS1
The_Kinase_Library_2024,DMPK1,18/894,3.7016504310327375e-08,9.47111937871135e-08,0,0,5.752820306204674,98.44169708084908,SRRM2;SPAG9;VASP;PPP1R12A;FKBP15;RPS6;BOD1L1;NOP2;GTF2F1;GPATCH8;RPTOR;MYO1E;PACS1;TBC1D5;KIF4A;CHEK1;CEP170;CIC
The_Kinase_Library_2024,MOS,16/694,3.745655956841665e-08,9.518070958823685e-08,0,0,6.4849557522123895,110.89328801452632,SRRM2;RANBP2;SPAG9;BOD1L1;DTNBP1;LSP1;ARAP1;GPATCH8;NFKB2;LIMA1;SH3PXD2A;MAP7D3;CEP170;TLN1;PAM;EIF4B
The_Kinase_Library_2024,MSK1,17/794,3.884666280627159e-08,9.804157755868545e-08,0,0,6.068099155055677,103.54388169528892,SRRM2;PPP1R12A;FKBP15;RPS6;BOD1L1;DDX20;IRF2BP2;GPATCH8;RPTOR;MYO1E;SH3PXD2A;MAP7D3;TBC1D5;MICAL1;CEP170;CIC;REPS1
The_Kinase_Library_2024,PAK1,17/795,3.95623972308344e-08,9.917330657188893e-08,0,0,6.059982862039417,103.29475148903256,SRRM2;PPP1R12A;AHNAK;YTHDC1;RPS6;NOP2;TSC2;IRF2BP2;GPATCH8;RPTOR;MYO1E;SH3PXD2A;MAP7D3;TBC1D5;MICAL1;KIF4A;CIC
The_Kinase_Library_2024,PRP4,16/702,4.3882933269221625e-08,1.0926555867705517e-07,0,0,6.406663890045814,108.54003617493528,SRRM2;SPAG9;NEK9;AHNAK;DDX20;DTNBP1;TSC2;IRF2BP2;NUP153;GTF2F1;GPATCH8;RPTOR;MAP7D3;PACS1;CEP170;CIC
The_Kinase_Library_2024,PKACA,17/802,4.492119054144152e-08,1.1110507793916537e-07,0,0,6.00374780762485,101.57354396738108,SRRM2;PPP1R12A;FKBP15;RPS6;BOD1L1;NOP2;IRF2BP2;GPATCH8;RPTOR;MYO1E;SH3PXD2A;TBC1D5;MICAL1;KIF4A;TPR;CEP170;CIC
The_Kinase_Library_2024,OSR1,17/804,4.6570127153904236e-08,1.1442064353707598e-07,0,0,5.987864390549325,101.08896221852906,SRRM2;SPAG9;VASP;PPP1R12A;AHNAK;NOP2;NUP153;ARHGAP5;ADD3;RPTOR;MAP7D3;MICAL1;TPR;UBAP2L;CIC;EIF4B;REPS1
The_Kinase_Library_2024,ALK4,16/707,4.8395423789010486e-08,1.1812304095870321e-07,0,0,6.358652057060161,107.10424871000436,RANBP2;SPAG9;JUN;XRCC6;ICE1;AHNAK;BOD1L1;NOP2;DDX20;GTF2F1;SSH1;EEF1B2;SH3PXD2A;TPR;CEP170;EMD
The_Kinase_Library_2024,PAK6,17/810,5.1855636016482256e-08,1.257414441968295e-07,0,0,5.94069484803626,99.6539810639472,SRRM2;SPAG9;VASP;PPP1R12A;YTHDC1;RPS6;NOP2;DDX20;IRF2BP2;ARAP1;GPATCH8;RPTOR;MYO1E;SH3PXD2A;MAP7D3;TPR;CEP170
The_Kinase_Library_2024,PKCA,18/919,5.62091744326558e-08,1.3541301113321624e-07,0,0,5.585852320950578,93.25125676117077,SRRM2;SPAG9;PPP1R12A;NOP2;DDX20;IRF2BP2;ADD3;GPATCH8;NFKB2;LIMA1;MYO1E;PALLD;TPR;CEP170;PNPLA6;CIC;EIF4B;REPS1
The_Kinase_Library_2024,PKCG,18/920,5.7139732713531894e-08,1.3676671507561502e-07,0,0,5.57936611451676,93.05136314405704,SRRM2;RANBP2;SPAG9;PPP1R12A;RPS6;NOP2;DDX20;IRF2BP2;RGPD8;ADD3;GPATCH8;NFKB2;RPTOR;LIMA1;MYO1E;PALLD;CIC;REPS1
The_Kinase_Library_2024,PAK2,17/816,5.768586647201587e-08,1.371888234687044e-07,0,0,5.894233734196732,98.24658290640583,SRRM2;SPAG9;NEK9;PPP1R12A;RPS6;BOD1L1;DDX20;IRF2BP2;ARAP1;GPATCH8;RPTOR;MYO1E;SH3PXD2A;MAP7D3;TBC1D5;KIF4A;CEP170
The_Kinase_Library_2024,TTBK1,17/817,5.871400950078063e-08,1.387445702215899e-07,0,0,5.886557971014493,98.0146484282321,SRRM2;RANBP2;XRCC6;AHNAK;YTHDC1;XRCC5;RPS6;TSC2;NFKB2;LIMA1;KIF4A;STK17B;CHEK1;RPS6KA1;UBAP2L;STX3;EIF4B
The_Kinase_Library_2024,TSSK1,17/820,6.190002342594208e-08,1.453475233609146e-07,0,0,5.863645387766889,97.32329255141076,SRRM2;RANBP2;SPAG9;PPP1R12A;AHNAK;BOD1L1;NOP2;CDC25C;GTF2F1;SSH1;RPTOR;GGA2;PALLD;XIRP1;CEP170;TLN1;REPS1
The_Kinase_Library_2024,CAMK2G,16/725,6.837874687476528e-08,1.58553219315862e-07,0,0,6.191416481966552,102.14725079894232,SRRM2;XRCC6;FKBP15;AHNAK;BOD1L1;NOP2;TSC2;ADD3;GPATCH8;EEF1B2;PEX5L;MICAL1;KIF4A;XIRP1;CEP170;EIF4B
The_Kinase_Library_2024,ERK7,16/725,6.837874687476528e-08,1.58553219315862e-07,0,0,6.191416481966552,102.14725079894232,SRRM2;RANBP2;PPP1R12A;DDX20;TSC2;RGPD8;OXSR1;ADD3;RPTOR;SH3PXD2A;RPS6KB1;PACS1;PALLD;DDI2;TPR;CIC
The_Kinase_Library_2024,LATS2,16/728,7.236154497428813e-08,1.6674616885379436e-07,0,0,6.164365971107544,101.35198299513698,SRRM2;RANBP2;FKBP15;AHNAK;BOD1L1;GTF2F1;ADD3;PDS5A;GPATCH8;LIMA1;PALLD;MICAL1;CEP170;CIC;EIF4B;REPS1
The_Kinase_Library_2024,PKCT,18/940,7.899474261898398e-08,1.8090771303483369e-07,0,0,5.452596656884012,89.1711361470829,SRRM2;PPP1R12A;RPS6;BOD1L1;NOP2;DDX20;IRF2BP2;ADD3;GPATCH8;NFKB2;RPTOR;LIMA1;MYO1E;SH3PXD2A;KIF4A;TPR;CEP170;CIC
The_Kinase_Library_2024,CK1A,16/737,8.561431746760423e-08,1.9486448945080474e-07,0,0,6.084565088171191,99.01664247710504,RANBP2;SPAG9;FKBP15;AHNAK;XRCC5;TSC2;IRF2BP2;LSP1;CDC25C;GPATCH8;TBC1D5;STK17B;TPR;CEP170;PAM;EIF4B
The_Kinase_Library_2024,AKT3,17/846,9.69214445322636e-08,2.192552190333524e-07,0,0,5.672016223492596,91.59946048744628,SRRM2;VASP;PPP1R12A;FKBP15;RPS6;BOD1L1;NOP2;DDX20;IRF2BP2;ADD3;RPTOR;MYO1E;SH3PXD2A;KIF4A;TPR;CEP170;CIC
The_Kinase_Library_2024,PDHK4,17/848,1.002530230214615e-07,2.254174032785589e-07,0,0,5.657772196934024,91.17821605557596,SRRM2;RANBP2;XRCC6;AHNAK;DDX20;RGPD8;NUP153;ADD3;SSH1;DOK1;LIMA1;MAP7D3;RAB14;PALLD;RPS6KA1;CEP170;REPS1
The_Kinase_Library_2024,ALPHAK3,16/747,1.029096917836283e-07,2.299969617573861e-07,0,0,5.998202071526285,96.50755645709336,SRRM2;RANBP2;PPP1R12A;YTHDC1;XRCC5;NOP2;RGPD8;ARHGAP5;GPATCH8;MAP7D3;PALLD;TPR;CEP170;CIC;PAM;EIF4B
The_Kinase_Library_2024,CK1D,16/750,1.0868733142746033e-07,2.4145508957836994e-07,0,0,5.9727520435967305,95.77182829981044,RANBP2;SPAG9;ICE1;AHNAK;XRCC5;BOD1L1;DDX20;IRF2BP2;LSP1;CDC25C;SSH1;EEF1B2;STK17B;CEP170;TLN1;EMD
The_Kinase_Library_2024,CK1G3,16/753,1.1475924861368317e-07,2.5342667402188364e-07,0,0,5.947509207210699,95.04375095190956,SRRM2;RANBP2;XRCC6;FKBP15;XRCC5;BOD1L1;DDX20;NUP153;GPATCH8;LIMA1;TBC1D5;STK17B;CEP170;CIC;EMD;EIF4B
The_Kinase_Library_2024,NEK1,17/864,1.309244377695566e-07,2.874140024408609e-07,0,0,5.546241637150728,87.90041751509173,SRRM2;RANBP2;XRCC6;PPP1R12A;AHNAK;NOP2;TSC2;RGPD8;LSP1;GTF2F1;GPATCH8;SH3PXD2A;MAP7D3;TBC1D5;KIF4A;CIC;REPS1
The_Kinase_Library_2024,KHS2,17/865,1.3310023696340262e-07,2.904716936083669e-07,0,0,5.539410719168718,87.70085526451139,SRRM2;RANBP2;SPAG9;JUN;XRCC6;AHNAK;NOP2;RGPD8;CDC25C;NFKB2;MYO1E;MAP7D3;TBC1D5;MICAL1;CEP170;TLN1;REPS1
The_Kinase_Library_2024,NDR1,16/764,1.397634179547369e-07,3.032294038667099e-07,0,0,5.856684491978609,92.43789452647913,SRRM2;PPP1R12A;FKBP15;AHNAK;YTHDC1;RPS6;BOD1L1;NOP2;IRF2BP2;GTF2F1;GPATCH8;RPTOR;MYO1E;PALLD;CIC;EIF4B
The_Kinase_Library_2024,GRK6,15/667,1.4557612666286957e-07,3.140043197204919e-07,0,0,6.241467208156917,98.25671370453956,RANBP2;PPP1R12A;ICE1;BOD1L1;NOP2;TSC2;ACACA;PEX5L;PACS1;PALLD;MICAL1;CIC;EMD;PAM;REPS1
The_Kinase_Library_2024,MARK2,16/770,1.5540432314168684e-07,3.332659184136753e-07,0,0,5.808260704812429,91.05747137914132,SRRM2;RANBP2;SPAG9;PPP1R12A;XRCC5;BOD1L1;NOP2;NUP153;CDC25C;SSH1;RPTOR;GGA2;XIRP1;CEP170;CIC;TLN1
The_Kinase_Library_2024,CK1E,16/772,1.6096197267932457e-07,3.4320052795419205e-07,0,0,5.7922902494331066,90.60356995594525,SRRM2;RANBP2;SPAG9;ICE1;AHNAK;XRCC5;NOP2;IRF2BP2;PDS5A;SSH1;LIMA1;SH3PXD2A;CEP170;CIC;TLN1;EIF4B
The_Kinase_Library_2024,AKT1,17/877,1.6191786271902174e-07,3.432658689643261e-07,0,0,5.458678800134816,85.35286599749416,SRRM2;VASP;PPP1R12A;FKBP15;RPS6;BOD1L1;NOP2;DDX20;IRF2BP2;ADD3;GPATCH8;RPTOR;MYO1E;SH3PXD2A;KIF4A;TPR;CEP170
The_Kinase_Library_2024,WNK1,17/880,1.6996171176650797e-07,3.582715628714457e-07,0,0,5.438846625354762,84.77906956742247,SRRM2;NEK9;PPP1R12A;AHNAK;RPS6;BOD1L1;NOP2;DDX20;ADD3;GPATCH8;SSH1;PALLD;KIF4A;CHEK1;CEP170;UBAP2L;TLN1
The_Kinase_Library_2024,VRK1,17/881,1.727230604236051e-07,3.600014349278511e-07,0,0,5.432266505636071,84.58895254778385,SRRM2;VASP;AHNAK;TSC2;OXSR1;GTF2F1;GPATCH8;NFKB2;LIMA1;MYO1E;SH3PXD2A;RPS6KB1;DDI2;KIF4A;UBAP2L;TLN1;REPS1
The_Kinase_Library_2024,PIM1,16/776,1.7262379550540838e-07,3.600014349278511e-07,0,0,5.760601503759398,89.70495763540218,SRRM2;FKBP15;AHNAK;YTHDC1;BOD1L1;NOP2;TSC2;IRF2BP2;GTF2F1;PDS5A;MYO1E;PALLD;XIRP1;CIC;EIF4B;REPS1
The_Kinase_Library_2024,TGFBR1,15/679,1.8311284435059665e-07,3.795243868942534e-07,0,0,6.12485151875106,95.01582142104792,RANBP2;XRCC6;AHNAK;BOD1L1;NOP2;DTNBP1;OXSR1;GTF2F1;GPATCH8;SSH1;EEF1B2;SH3PXD2A;MAP7D3;TPR;CEP170
The_Kinase_Library_2024,HASPIN,16/780,1.850499652331075e-07,3.814085394526826e-07,0,0,5.729244577412117,88.81841596073566,SRRM2;NEK9;PPP1R12A;TSC2;OXSR1;CDC25C;ADD3;GPATCH8;NFKB2;LIMA1;MTA1;RPS6KB1;PALLD;KIF4A;CEP170;CIC
The_Kinase_Library_2024,NEK11,17/887,1.9016998502377618e-07,3.89795936153707e-07,0,0,5.393103448275862,83.46015000183438,RANBP2;VASP;XRCC6;JUND;AHNAK;XRCC5;NOP2;DDX20;RGPD8;NUP153;GPATCH8;MAP7D3;TBC1D5;KIF4A;CIC;AGFG1;REPS1
The_Kinase_Library_2024,PKACB,16/784,1.982851870089572e-07,4.041967273644127e-07,0,0,5.698214285714286,87.94372924577095,SRRM2;PPP1R12A;FKBP15;RPS6;BOD1L1;NOP2;IRF2BP2;GTF2F1;GPATCH8;RPTOR;MYO1E;SH3PXD2A;TBC1D5;MICAL1;CEP170;CIC
The_Kinase_Library_2024,ACVR2B,15/688,2.1680458433942994e-07,4.371440260322202e-07,0,0,6.040118870728083,92.68121129412764,RANBP2;SPAG9;PPP1R12A;BOD1L1;NOP2;DTNBP1;OXSR1;GTF2F1;ACACA;EEF1B2;SH3PXD2A;PACS1;TPR;UBAP2L;PAM
The_Kinase_Library_2024,CK2A1,15/688,2.1680458433942994e-07,4.371440260322202e-07,0,0,6.040118870728083,92.68121129412764,RANBP2;AHNAK;BOD1L1;NOP2;DTNBP1;ARAP1;OXSR1;ARHGAP5;NFKB2;EEF1B2;LIMA1;PACS1;CEP170;CIC;PAM
The_Kinase_Library_2024,AURA,16/790,2.1975844207764859e-07,4.407047676259871e-07,0,0,5.652270210409745,86.65346739523035,VASP;PPP1R12A;FKBP15;RPS6;BOD1L1;IRF2BP2;RPTOR;MYO1E;SH3PXD2A;MAP7D3;TBC1D5;MICAL1;KIF4A;TPR;CEP170;REPS1
The_Kinase_Library_2024,BRSK2,16/794,2.352271462155246e-07,4.6918963035462164e-07,0,0,5.622034520749174,85.80750616894346,SRRM2;RANBP2;SPAG9;PPP1R12A;ICE1;IRF2BP2;LSP1;ARAP1;CDC25C;SSH1;RPTOR;RPS6KA3;MTA1;CEP170;CIC;REPS1
The_Kinase_Library_2024,YSK4,16/798,2.516800583935182e-07,4.993224687914184e-07,0,0,5.592108147606869,84.97268258463171,RANBP2;SPAG9;VASP;PPP1R12A;AHNAK;NOP2;RGPD8;NFKB2;SSH1;LIMA1;MICAL1;CEP170;TLN1;EIF4B;AGFG1;REPS1
The_Kinase_Library_2024,PAK5,16/799,2.5595354968366853e-07,5.050998241097927e-07,0,0,5.584674329501916,84.76569402814317,SRRM2;VASP;PPP1R12A;RPS6;BOD1L1;IRF2BP2;ARAP1;GPATCH8;RPTOR;MYO1E;SH3PXD2A;MAP7D3;TBC1D5;KIF4A;TPR;CEP170
The_Kinase_Library_2024,ACVR2A,15/698,2.607536653680693e-07,5.118497875743582e-07,0,0,5.948590518219125,90.17878632614004,RANBP2;SPAG9;PPP1R12A;BOD1L1;NOP2;GTF2F1;ACACA;SSH1;EEF1B2;SH3PXD2A;TPR;CEP170;UBAP2L;CIC;PAM
The_Kinase_Library_2024,MST1,16/801,2.6469910139296236e-07,5.168598242988897e-07,0,0,5.569863512283894,84.3537566607955,SRRM2;JUN;PPP1R12A;AHNAK;NOP2;NUP153;CDC25C;NFKB2;MAP7D3;TBC1D5;MICAL1;KIF4A;CEP170;TLN1;EIF4B;REPS1
The_Kinase_Library_2024,SIK,16/802,2.691729919934383e-07,5.228438745003434e-07,0,0,5.562486368593238,84.14880189968228,SRRM2;RANBP2;SPAG9;PPP1R12A;BOD1L1;NOP2;DDX20;IRF2BP2;RGPD8;SSH1;RPTOR;GGA2;XIRP1;CEP170;CIC;EIF4B
The_Kinase_Library_2024,SLK,17/910,2.730108838160443e-07,5.275366557070439e-07,0,0,5.247853676745054,79.31477041720947,SRRM2;RANBP2;JUN;XRCC6;PPP1R12A;NOP2;CDC25C;ADD3;NFKB2;MYO1E;TBC1D5;MICAL1;CHEK1;CEP170;TLN1;EIF4B;REPS1
The_Kinase_Library_2024,P38A,15/702,2.804850178751345e-07,5.391706820294036e-07,0,0,5.91272525985608,89.20378135835408,SRRM2;RANBP2;CENPV;AHNAK;TSC2;IRF2BP2;RGPD8;LSP1;CDC25C;MAP7D3;PALLD;TPR;UBAP2L;CIC;REPS1
PPI_Hub_Proteins,MAPK1,13/406,1.8681993019404604e-08,5.500809055713577e-07,0,0,8.845655129143575,157.41467555363187,JUN;JUND;TSC2;NUP153;CDC25C;RPTOR;RPS6KA3;RPS6KB1;NUP50;RPS6KA1;TPR;CIC;MAPK3
The_Kinase_Library_2024,YSK1,17/919,3.1354639659463333e-07,5.996170780237575e-07,0,0,5.193033195154086,77.7673260385526,SRRM2;RANBP2;XRCC6;PPP1R12A;AHNAK;BOD1L1;NOP2;RGPD8;GPATCH8;NFKB2;SSH1;MAP7D3;TBC1D5;MICAL1;CIC;TLN1;REPS1
KEA_2015,GSK3B,14/527,5.221526239936301e-08,6.033763655037502e-07,0,0,7.353638726445744,123.3050126306566,SRRM2;RANBP2;JUN;JUND;AHNAK;GTF2F1;ADD3;NFKB2;RPS6KA3;RPS6KB1;CHEK1;RPS6KA1;CIC;EIF4B
KEA_2015,PRKCA,13/442,5.0617090797760145e-08,6.033763655037502e-07,0,0,8.088418430884184,135.8771515864861,RANBP2;VASP;PPP1R12A;XRCC5;RPS6;TSC2;ADD3;ACACA;MYO1E;TBC1D5;RPS6KA1;PAM;EIF4B
The_Kinase_Library_2024,PKCB,17/923,3.3326460062385434e-07,6.340572658023075e-07,0,0,5.169018139936655,77.09243748725521,SRRM2;RANBP2;JUND;RPS6;BOD1L1;NOP2;DDX20;IRF2BP2;RGPD8;NUP153;ADD3;GPATCH8;NFKB2;LIMA1;MYO1E;PALLD;EIF4B
The_Kinase_Library_2024,GCK,16/816,3.394604913972526e-07,6.425502158590852e-07,0,0,5.461142857142857,81.34868304733925,RANBP2;JUN;AHNAK;NOP2;TSC2;RGPD8;CDC25C;NFKB2;MYO1E;MAP7D3;TBC1D5;MICAL1;CEP170;TLN1;AGFG1;REPS1
The_Kinase_Library_2024,CK1G2,15/718,3.736679625396144e-07,7.037097162548067e-07,0,0,5.773345621381203,85.44492766936442,SRRM2;RANBP2;SPAG9;PPP1R12A;FKBP15;BOD1L1;TSC2;NUP153;NFKB2;EEF1B2;TPR;CEP170;CIC;TLN1;EMD
The_Kinase_Library_2024,PKACG,16/823,3.8052103598042594e-07,7.12996486609788e-07,0,0,5.411789697291556,79.99558368663618,SRRM2;VASP;PPP1R12A;FKBP15;RPS6;BOD1L1;NOP2;IRF2BP2;GTF2F1;GPATCH8;RPTOR;MYO1E;SH3PXD2A;TPR;CEP170;CIC
The_Kinase_Library_2024,P70S6KB,16/826,3.99460024184537e-07,7.447219546354935e-07,0,0,5.390899470899471,79.42494208357304,SRRM2;VASP;PPP1R12A;FKBP15;RPS6;BOD1L1;NOP2;IRF2BP2;GTF2F1;GPATCH8;NFKB2;MYO1E;KIF4A;CIC;EIF4B;REPS1
The_Kinase_Library_2024,PKG1,16/827,4.059607083436289e-07,7.530571139774317e-07,0,0,5.383970406905055,79.23594340812565,SRRM2;PPP1R12A;TBC1D9B;RPS6;BOD1L1;NOP2;IRF2BP2;ARAP1;GPATCH8;RPTOR;MYO1E;SH3PXD2A;KIF4A;TPR;CEP170;PNPLA6
The_Kinase_Library_2024,CAMKK2,16/831,4.329353210963788e-07,7.990995230186891e-07,0,0,5.356424189307625,78.48595616705296,SRRM2;RANBP2;TBC1D9B;ICE1;XRCC5;NOP2;RGPD8;GTF2F1;NFKB2;MYO1E;PALLD;TBC1D5;KIF4A;TLN1;EIF4B;AGFG1
The_Kinase_Library_2024,HGK,16/833,4.47023817552665e-07,8.169745631134912e-07,0,0,5.342752229410737,78.11453154363494,SRRM2;JUN;JUND;AHNAK;NOP2;NUP153;GPATCH8;NFKB2;MYO1E;SH3PXD2A;MAP7D3;TBC1D5;MICAL1;CIC;TLN1;REPS1
The_Kinase_Library_2024,NEK9,16/833,4.47023817552665e-07,8.169745631134912e-07,0,0,5.342752229410737,78.11453154363494,SRRM2;RANBP2;VASP;FKBP15;AHNAK;XRCC5;IRF2BP2;RGPD8;GPATCH8;SSH1;LIMA1;MAP7D3;TBC1D5;TLN1;PAM;EIF4B
The_Kinase_Library_2024,MTOR,15/730,4.610381633764698e-07,8.384566598660308e-07,0,0,5.6729045602285035,82.76645793571998,SRRM2;RANBP2;ICE1;AHNAK;YTHDC1;SSH1;RPTOR;PPP3CA;PPP3CB;SH3PXD2A;RPS6KB1;TBC1D5;TPR;PNPLA6;CIC
PPI_Hub_Proteins,MAPK8,12/352,3.4832669517078153e-08,9.230657422025708e-07,0,0,9.33577106518283,160.32049016800795,SRRM2;SPAG9;RPS6KA3;JUN;XRCC6;JUND;AHNAK;RPS6KB1;NOP2;CIC;CDC25C;MAPK3
The_Kinase_Library_2024,TNIK,16/844,5.322252426207419e-07,9.631978781087574e-07,0,0,5.268737060041408,76.11322430527123,SRRM2;JUN;JUND;AHNAK;NOP2;NUP153;ADD3;NFKB2;MAP7D3;TBC1D5;MICAL1;CEP170;UBAP2L;CIC;TLN1;REPS1
The_Kinase_Library_2024,CHK1,15/741,5.569289465589316e-07,1.0030128115211827e-06,0,0,5.583750436503317,80.41063057847298,SRRM2;PPP1R12A;DDX20;LSP1;ARAP1;CDC25C;GTF2F1;SSH1;FYCO1;DOK1;PEX5L;MAP7D3;XIRP1;CEP170;REPS1
The_Kinase_Library_2024,MYO3B,16/853,6.126117870768665e-07,1.097966053166751e-06,0,0,5.209626216077829,74.52648705392825,SRRM2;AHNAK;YTHDC1;NOP2;NUP153;NFKB2;SH3PXD2A;MAP7D3;TBC1D5;MICAL1;UBAP2L;CIC;TLN1;EIF4B;MAPK3;REPS1
The_Kinase_Library_2024,ZAK,16/859,6.721579539485275e-07,1.1988971197831911e-06,0,0,5.1709201830198275,73.49311204001732,RANBP2;SPAG9;VASP;XRCC6;AHNAK;XRCC5;BOD1L1;DDX20;SSH1;MTA1;MAP7D3;TBC1D5;MICAL1;CIC;TLN1;REPS1
The_Kinase_Library_2024,NDR2,15/754,6.932551672554663e-07,1.230610847137694e-06,0,0,5.4818083058567915,77.74228014389946,SRRM2;RANBP2;FKBP15;AHNAK;BOD1L1;NOP2;IRF2BP2;GTF2F1;ADD3;PDS5A;GPATCH8;PALLD;CEP170;CIC;REPS1
The_Kinase_Library_2024,TAO3,16/867,7.597093820780719e-07,1.3421532416712604e-06,0,0,5.120161154943764,72.14475965456869,SRRM2;RANBP2;JUN;XRCC6;PPP1R12A;AHNAK;STAU2;NOP2;RGPD8;CDC25C;ACACA;MYO1E;MAP7D3;MICAL1;TLN1;REPS1
PPI_Hub_Proteins,XPO1,8/124,6.156400367579713e-08,1.3595384145071865e-06,0,0,17.504862953138815,290.6365391572281,RANBP2;RPS6KA3;RPS6KB1;NUP50;CHEK1;NUP153;TLN1;AGFG1
PPI_Hub_Proteins,FOS,9/173,5.7158897246364184e-08,1.3595384145071865e-06,0,0,14.075863161229014,234.74923349048572,RPS6KA3;JUN;PPP1R12A;JUND;RPS6KB1;RPS6KA1;TPR;GTF2F1;MAPK3
The_Kinase_Library_2024,CK2A2,14/666,8.915232173164227e-07,1.5675597802103926e-06,0,0,5.744461486025903,80.02226920126489,RANBP2;PPP1R12A;BOD1L1;NOP2;ARAP1;OXSR1;ARHGAP5;ACACA;NFKB2;EEF1B2;LIMA1;PACS1;CIC;PAM
The_Kinase_Library_2024,WNK4,16/880,9.24215470274701e-07,1.6173770729807267e-06,0,0,5.0396825396825395,70.02296492631358,SRRM2;VASP;NEK9;PPP1R12A;AHNAK;RPS6;BOD1L1;NOP2;TSC2;CDC25C;GTF2F1;GPATCH8;RPTOR;PALLD;KIF4A;CHEK1
PPI_Hub_Proteins,PRKCA,14/547,8.266975330028717e-08,1.6851911249673925e-06,0,0,7.070408588701271,115.30713656868124,RANBP2;VASP;PPP1R12A;YTHDC1;XRCC5;RPS6;TSC2;ADD3;ACACA;MYO1E;TBC1D5;PAM;EIF4B;MAPK3
The_Kinase_Library_2024,SRPK3,14/671,9.740958094879694e-07,1.6966645320189514e-06,0,0,5.699264332825977,78.88782724968578,SRRM2;AHNAK;YTHDC1;RPS6;BOD1L1;NOP2;IRF2BP2;ADD3;MYO1E;PALLD;MICAL1;TPR;CEP170;EMD
The_Kinase_Library_2024,ALK2,14/675,1.045028264476551e-06,1.811707879069161e-06,0,0,5.663598924188939,77.99606356506679,XRCC6;BOD1L1;NOP2;OXSR1;GTF2F1;ACACA;SSH1;EEF1B2;LIMA1;SH3PXD2A;MAP7D3;PACS1;CIC;PAM
The_Kinase_Library_2024,ATR,15/784,1.1295106380191571e-06,1.949062542814453e-06,0,0,5.259711716331801,72.02505151762097,SRRM2;SPAG9;VASP;CENPV;FKBP15;ICE1;XRCC5;NOP2;TSC2;GPATCH8;MYO1E;SH3PXD2A;DDI2;CEP170;TLN1
The_Kinase_Library_2024,PAK4,15/786,1.1659185789271538e-06,2.0025731147313615e-06,0,0,5.245519811475859,71.6642984933559,SRRM2;NEK9;PPP1R12A;RPS6;BOD1L1;IRF2BP2;ARAP1;GPATCH8;RPTOR;MYO1E;SH3PXD2A;MAP7D3;TBC1D5;KIF4A;CEP170
The_Kinase_Library_2024,BRSK1,15/791,1.2616091004939427e-06,2.1470503499231778e-06,0,0,5.21036009873675,70.77295994808406,SRRM2;RANBP2;PPP1R12A;FKBP15;AHNAK;BOD1L1;IRF2BP2;LSP1;ARAP1;CDC25C;SSH1;RPTOR;CEP170;CIC;REPS1
The_Kinase_Library_2024,LKB1,15/791,1.2616091004939427e-06,2.1470503499231778e-06,0,0,5.21036009873675,70.77295994808406,SRRM2;RANBP2;ICE1;XRCC5;TSC2;GTF2F1;ADD3;NFKB2;SH3PXD2A;PALLD;TBC1D5;PNPLA6;CIC;AGFG1;MAPK3
The_Kinase_Library_2024,AMPKA2,15/801,1.4744944604278923e-06,2.4978878758846946e-06,0,0,5.141382647027202,69.03434925101072,SRRM2;RANBP2;SPAG9;PPP1R12A;FKBP15;BOD1L1;NOP2;ADD3;SSH1;RPTOR;GGA2;CEP170;CIC;TLN1;REPS1
The_Kinase_Library_2024,TAO1,16/917,1.583859760633438e-06,2.6709635054318432e-06,0,0,4.823339146979547,64.41880923694998,SRRM2;JUN;XRCC6;PPP1R12A;AHNAK;BOD1L1;NOP2;NFKB2;MYO1E;MAP7D3;TBC1D5;MICAL1;CEP170;CIC;TLN1;REPS1
PPI_Hub_Proteins,MTOR,8/138,1.4132421327172092e-07,2.6750654655004317e-06,0,0,15.608678500986194,246.1833426718654,RPTOR;SRRM2;RPS6KA3;JUN;AHNAK;RPS6KB1;RPS6KA1;TSC2
The_Kinase_Library_2024,CDK16,14/700,1.6035088707496646e-06,2.6918633079100704e-06,0,0,5.450113378684807,72.72258660477894,SRRM2;AHNAK;TSC2;RGPD8;ADD3;GPATCH8;SSH1;RPTOR;MAP7D3;PALLD;DDI2;TPR;CIC;REPS1
The_Kinase_Library_2024,CDK3,14/704,1.7142393697958355e-06,2.864787415289437e-06,0,0,5.417391304347826,71.92421826298238,SRRM2;RANBP2;SPAG9;NEK9;PPP1R12A;JUND;ADD3;PDS5A;SH3PXD2A;MAP7D3;RPS6KB1;TPR;CEP170;CIC
The_Kinase_Library_2024,JNK2,14/711,1.9245991280199836e-06,3.2019115537910937e-06,0,0,5.361031404431691,70.55542381410652,SRRM2;SPAG9;CENPV;JUND;FKBP15;STAU2;IRF2BP2;ARAP1;CDC25C;GTF2F1;RPS6KB1;PALLD;TPR;CIC
KEA_2015,RPS6KB1,5/34,3.2960748275829997e-07,3.42791782068632e-06,0,0,42.32652192422307,631.7387184946706,RPS6KA3;RPS6KB1;RPS6KA1;RPS6;EIF4B
The_Kinase_Library_2024,PINK1,15/829,2.2532765840695603e-06,3.73198934236521e-06,0,0,4.957261999515521,64.45989813879955,SRRM2;XRCC6;TBC1D9B;ICE1;AHNAK;IRF2BP2;GPATCH8;LIMA1;RPS6KB1;TPR;CEP170;TLN1;EMD;EIF4B;MAPK3
The_Kinase_Library_2024,NLK,14/721,2.2652234317234495e-06,3.735101747419554e-06,0,0,5.2824532453245325,68.66046708033943,SRRM2;RANBP2;AHNAK;BOD1L1;DDX20;NUP153;LSP1;OXSR1;ADD3;RPTOR;PALLD;TPR;CEP170;EMD
The_Kinase_Library_2024,MYO3A,15/835,2.461919958018612e-06,4.041470373561527e-06,0,0,4.91944349020955,63.53249260100188,SRRM2;JUN;JUND;AHNAK;YTHDC1;NOP2;NUP153;NFKB2;SH3PXD2A;MAP7D3;TBC1D5;MICAL1;TLN1;MAPK3;REPS1
The_Kinase_Library_2024,MEK5,16/952,2.572455306279872e-06,4.2043212274441965e-06,0,0,4.634432234432235,59.64815404723742,XRCC6;PPP1R12A;XRCC5;GPATCH8;RPTOR;MYO1E;MAP7D3;TBC1D5;MICAL1;KIF4A;CEP170;UBAP2L;EIF4B;AGFG1;MAPK3;REPS1
The_Kinase_Library_2024,SGK3,15/843,2.767065701551648e-06,4.502549891559919e-06,0,0,4.869871402327005,62.32326580169714,SRRM2;VASP;PPP1R12A;TBC1D9B;RPS6;BOD1L1;NOP2;DDX20;GPATCH8;RPTOR;MYO1E;SH3PXD2A;KIF4A;CEP170;CIC
The_Kinase_Library_2024,EEF2K,15/845,2.8484707650375287e-06,4.614771414100101e-06,0,0,4.857627693874088,62.025728115096975,SRRM2;RANBP2;SPAG9;VASP;PPP1R12A;AHNAK;BOD1L1;NOP2;NUP153;MAP7D3;MICAL1;KIF4A;CIC;TLN1;REPS1
The_Kinase_Library_2024,GSK3B,14/740,3.0641496836759686e-06,4.9426066636686275e-06,0,0,5.139118457300276,65.24491410089354,SRRM2;PPP1R12A;BOD1L1;DDX20;IRF2BP2;LSP1;GTF2F1;GPATCH8;RPS6KA3;PALLD;MICAL1;KIF4A;PNPLA6;SEPHS2
The_Kinase_Library_2024,PRPK,14/741,3.112432138053428e-06,4.998754645964596e-06,0,0,5.131782057160324,65.0715409640271,SRRM2;RANBP2;AHNAK;XRCC5;GTF2F1;GPATCH8;RPTOR;FYCO1;MAP7D3;PACS1;NUP50;UBAP2L;PNPLA6;TLN1
The_Kinase_Library_2024,TLK1,14/754,3.804964564537713e-06,6.084663161394359e-06,0,0,5.038213213213213,62.87288987639021,SRRM2;FKBP15;BOD1L1;TSC2;ARHGAP5;LIMA1;MTA1;NUP50;STK17B;TPR;CEP170;EMD;EIF4B;REPS1
The_Kinase_Library_2024,MARK4,14/755,3.863535773011164e-06,6.151810179343957e-06,0,0,5.03115159694107,62.70791020678807,SRRM2;RANBP2;SPAG9;PPP1R12A;AHNAK;XRCC5;BOD1L1;NOP2;LSP1;SSH1;RPTOR;XIRP1;CIC;TLN1
The_Kinase_Library_2024,PKCZ,15/876,4.4170465712355995e-06,7.003095204822254e-06,0,0,4.67512391421701,57.64446150944045,SRRM2;PPP1R12A;NOP2;DDX20;IRF2BP2;ADD3;GPATCH8;NFKB2;MYO1E;PALLD;CEP170;PNPLA6;CIC;PAM;EIF4B
The_Kinase_Library_2024,CLK2,13/658,4.498184072496605e-06,7.101388471898895e-06,0,0,5.320101943294043,65.50022678984774,SRRM2;FKBP15;ICE1;AHNAK;YTHDC1;RPS6;BOD1L1;NOP2;IRF2BP2;MYO1E;PALLD;TPR;EMD
PPI_Hub_Proteins,SUMO2,8/162,4.837428302337355e-07,8.546123334129328e-06,0,0,13.16017316017316,191.37145341281777,RANBP2;JUN;XRCC6;MTA1;AHNAK;XRCC5;NOP2;TPR
KEA_2015,MAPK14,11/396,1.032362605429484e-06,9.20238440491682e-06,0,0,7.439619047619048,102.54518387699174,SRRM2;RANBP2;SPAG9;JUN;MTA1;JUND;AHNAK;RPS6KB1;RPS6KA1;CDC25C;GTF2F1
KEA_2015,MTOR,6/78,1.06181358518271e-06,9.20238440491682e-06,0,0,20.66875,284.30965579487804,RPTOR;SRRM2;JUN;AHNAK;RPS6KB1;OXSR1
The_Kinase_Library_2024,P38D,13/681,6.520102855643686e-06,1.024982270950766e-05,0,0,5.13079320810434,61.26485408347762,SRRM2;NEK9;JUN;JUND;FKBP15;TSC2;IRF2BP2;ARHGAP5;MAP7D3;RPS6KB1;UBAP2L;CIC;REPS1
The_Kinase_Library_2024,FAM20C,13/692,7.74472748935387e-06,1.212360294746956e-05,0,0,5.04478786289265,59.36957723736624,RANBP2;SPAG9;BOD1L1;GTF2F1;EEF1B2;FYCO1;LIMA1;PACS1;NUP50;MICAL1;UBAP2L;EMD;PAM
The_Kinase_Library_2024,AURC,14/806,8.156484466978366e-06,1.2714519904407453e-05,0,0,4.694654882154882,55.00585021478156,SRRM2;CENPV;PPP1R12A;FKBP15;RPS6;BOD1L1;NOP2;IRF2BP2;GPATCH8;RPTOR;MYO1E;MICAL1;TPR;CEP170
KEA_2015,RPS6KL1,4/21,1.80330962130695e-06,1.3396014329708773e-05,0,0,57.09325681492109,755.108957549998,RPTOR;RPS6;RPS6KA1;TSC2
KEA_2015,RPS6KC1,4/21,1.80330962130695e-06,1.3396014329708773e-05,0,0,57.09325681492109,755.108957549998,RPTOR;RPS6;RPS6KA1;TSC2
The_Kinase_Library_2024,ICK,13/700,8.758986461554659e-06,1.3539933238486576e-05,0,0,4.983968415385536,58.04045710003262,SRRM2;NEK9;FKBP15;ICE1;YTHDC1;IRF2BP2;GTF2F1;PDS5A;ACACA;RPTOR;PALLD;TPR;EMD
The_Kinase_Library_2024,AMPKA1,14/811,8.748381938598473e-06,1.3539933238486576e-05,0,0,4.663982991774711,54.31973924782638,SRRM2;RANBP2;PPP1R12A;BOD1L1;NOP2;CDC25C;ADD3;SSH1;RPTOR;GGA2;CEP170;CIC;TLN1;REPS1
PPI_Hub_Proteins,CSNK2A1,13/564,8.22087819041659e-07,1.3615829502877478e-05,0,0,6.258086169604455,87.68466503091679,SRRM2;RANBP2;JUN;XRCC6;CDC25C;GTF2F1;ACACA;EEF1B2;RPS6KB1;PACS1;CHEK1;PAM;EIF4B
The_Kinase_Library_2024,GRK1,13/703,9.168574711860624e-06,1.411427891327922e-05,0,0,4.961524717093508,57.55234072229646,RANBP2;AHNAK;BOD1L1;RGPD8;GTF2F1;GPATCH8;SSH1;EEF1B2;PACS1;MICAL1;CIC;PAM;EIF4B
The_Kinase_Library_2024,PKCD,15/932,9.301470921053288e-06,1.425969302359822e-05,0,0,4.376718325218486,50.70576115802569,SRRM2;PPP1R12A;RPS6;BOD1L1;NOP2;DDX20;IRF2BP2;ADD3;GPATCH8;NFKB2;LIMA1;MYO1E;PALLD;TPR;EIF4B
The_Kinase_Library_2024,PKR,15/933,9.421060467908826e-06,1.438359437693076e-05,0,0,4.371720519193593,50.59201068740746,SRRM2;AHNAK;YTHDC1;XRCC5;RPS6;NOP2;TSC2;IRF2BP2;NFKB2;MYO1E;PALLD;TBC1D5;CEP170;UBAP2L;REPS1
KEA_2015,CHEK1,7/137,2.0770847935669884e-06,1.4401121235397789e-05,0,0,13.484712755598832,176.44133340974534,SRRM2;RANBP2;XRCC6;CHEK1;NUP153;CDC25C;ADD3
The_Kinase_Library_2024,PLK2,13/707,9.740982608521532e-06,1.481108421213725e-05,0,0,4.931901622517864,56.91004415129686,RANBP2;SPAG9;XRCC6;ICE1;BOD1L1;NOP2;ARAP1;ACACA;EEF1B2;LIMA1;PACS1;TPR;CIC
The_Kinase_Library_2024,MINK,14/820,9.910599628901218e-06,1.5007479438050416e-05,0,0,4.6097325613454645,53.11290389246075,JUN;JUND;AHNAK;NOP2;NUP153;GPATCH8;NFKB2;MAP7D3;TBC1D5;MICAL1;CEP170;CIC;TLN1;REPS1
The_Kinase_Library_2024,BUB1,14/828,1.1056689591260732e-05,1.66749261721859e-05,0,0,4.562517062517062,52.069611549428565,SRRM2;PPP1R12A;AHNAK;NOP2;NUP153;ADD3;NFKB2;DOK1;MTA1;PALLD;KIF4A;CHEK1;XIRP1;TLN1
KEA_2015,RPS6KA6,4/23,2.6506193432199584e-06,1.722902573092973e-05,0,0,51.078305519897306,655.8820778119904,RPTOR;RPS6;RPS6KA1;TSC2
The_Kinase_Library_2024,CLK4,13/724,1.2541507914382676e-05,1.8837649539416894e-05,0,0,4.809721981388359,54.28476737182918,SRRM2;PPP1R12A;ICE1;YTHDC1;RPS6;BOD1L1;IRF2BP2;MYO1E;PALLD;MICAL1;TPR;CEP170;EMD
The_Kinase_Library_2024,PDHK1,14/844,1.3707221176496068e-05,2.0505560711613063e-05,0,0,4.470816599732262,50.062361282741534,SRRM2;RANBP2;XRCC6;PPP1R12A;AHNAK;TSC2;ACACA;GGA2;RPS6KA3;DOK1;TBC1D5;CEP170;TLN1;EIF4B
The_Kinase_Library_2024,CDK6,13/732,1.4089237473937757e-05,2.0992398003336975e-05,0,0,4.754224855678549,53.105163978547814,SRRM2;RANBP2;PPP1R12A;JUND;ICE1;RGPD8;ADD3;SSH1;RPTOR;SH3PXD2A;RPS6KB1;TPR;CIC
PPI_Hub_Proteins,YWHAZ,12/500,1.4910798532284466e-06,2.1952008950307684e-05,0,0,6.455250332299513,86.60370279624954,EEF1B2;RPTOR;SRRM2;RPS6KA3;LIMA1;XRCC6;AHNAK;TSC2;CEP170;CIC;CDC25C;TLN1
PPI_Hub_Proteins,MYC,12/498,1.4301648818240968e-06,2.1952008950307684e-05,0,0,6.4824824824824825,87.23943945918657,RANBP2;SPAG9;NEK9;XRCC6;XRCC5;DDX20;NUP153;GTF2F1;PDS5A;ACACA;MAPK3;NFKB2
The_Kinase_Library_2024,IKKA,13/743,1.64913805178589e-05,2.4473208688502606e-05,0,0,4.679902420716832,51.53823365728783,RANBP2;AHNAK;BOD1L1;TSC2;RGPD8;GTF2F1;LIMA1;MICAL1;KIF4A;TPR;CEP170;TLN1;EMD
The_Kinase_Library_2024,ATM,13/760,2.091463328340817e-05,3.091366114798578e-05,0,0,4.569345876657314,49.23498277584196,SRRM2;RANBP2;SPAG9;JUN;XRCC6;BOD1L1;NOP2;FYCO1;LIMA1;SH3PXD2A;PALLD;TPR;EIF4B
The_Kinase_Library_2024,IKKE,13/768,2.3334974897673495e-05,3.435426859935265e-05,0,0,4.51904200308446,48.198101218484894,SRRM2;RANBP2;PPP1R12A;AHNAK;STAU2;NUP153;RPTOR;LIMA1;TBC1D5;MICAL1;CEP170;TLN1;EMD
KEA_2015,MAPK8,8/225,5.656330746134709e-06,3.46034351528241e-05,0,0,9.309701051636535,112.48665217021512,SRRM2;RPS6KA3;JUN;JUND;AHNAK;RPS6KB1;CIC;CDC25C
The_Kinase_Library_2024,DYRK4,12/657,2.36658294671543e-05,3.470364716329741e-05,0,0,4.844500314267756,51.601090189013185,SRRM2;FKBP15;ICE1;MAP7D3;PALLD;YTHDC1;IRF2BP2;UBAP2L;LSP1;CIC;ADD3;EMD
PPI_Hub_Proteins,PIN1,7/145,3.032261392298875e-06,4.0177463447960094e-05,0,0,12.697853604843148,161.3414913803578,SRRM2;GGA2;JUN;XRCC6;RPS6KB1;CDC25C;REPS1
PPI_Hub_Proteins,AKT1,10/355,2.9268939372641432e-06,4.0177463447960094e-05,0,0,7.463386727688787,95.0952553740736,SRRM2;AHNAK;RPS6KB1;PALLD;YTHDC1;CHEK1;RPS6;TSC2;EIF4B;MAPK3
The_Kinase_Library_2024,RIPK2,14/899,2.762178824372604e-05,4.034521038748961e-05,0,0,4.1808851224105466,43.88635673683156,SRRM2;RANBP2;XRCC6;XRCC5;DDX20;TSC2;IRF2BP2;RPS6KA3;LIMA1;MYO1E;KIF4A;CHEK1;RPS6KA1;CEP170
PPI_Hub_Proteins,GABARAPL2,12/539,3.239487276373755e-06,4.087924420185929e-05,0,0,5.965536694189446,75.40495345599001,EEF1B2;RANBP2;FYCO1;DOK1;NEK9;PPP3CB;XRCC6;PACS1;TBC1D5;XRCC5;RPS6;NOP2
The_Kinase_Library_2024,CDK14,12/678,3.2194923907045023e-05,4.684045791966158e-05,0,0,4.6866325785244705,48.47712965320261,RPTOR;SRRM2;SH3PXD2A;MAP7D3;AHNAK;PALLD;TPR;TSC2;CEP170;OXSR1;CIC;GPATCH8
The_Kinase_Library_2024,P38G,12/680,3.313192708739264e-05,4.8015409958682304e-05,0,0,4.672115229001457,48.1929301464775,SRRM2;CENPV;JUN;JUND;FKBP15;MAP7D3;AHNAK;PALLD;TPR;UBAP2L;CIC;CDC25C
KEA_2015,PRKACB,6/111,8.359803019272673e-06,4.830108411135322e-05,0,0,14.149285714285714,165.43451957944183,SPAG9;XRCC6;AHNAK;TBC1D5;RPS6KA1;GTF2F1
The_Kinase_Library_2024,SMG1,13/796,3.385505403643542e-05,4.887247100201378e-05,0,0,4.351073321786595,44.78743499804956,SRRM2;SPAG9;XRCC5;BOD1L1;NUP153;EEF1B2;RPTOR;LIMA1;PALLD;CHEK1;TPR;CEP170;TLN1
The_Kinase_Library_2024,ERK1,12/688,3.712165202094643e-05,5.338036007663226e-05,0,0,4.614904845674077,47.07807562574692,SRRM2;CENPV;JUND;MAP7D3;PALLD;TPR;TSC2;UBAP2L;LSP1;CIC;ACACA;REPS1
The_Kinase_Library_2024,SKMLCK,13/805,3.802201641037253e-05,5.4463969452695784e-05,0,0,4.299605645496056,43.758570821296864,SRRM2;PPP1R12A;FKBP15;ICE1;YTHDC1;BOD1L1;NOP2;IRF2BP2;SSH1;SH3PXD2A;TBC1D5;MICAL1;CIC
The_Kinase_Library_2024,PLK4,13/808,3.9507401434695415e-05,5.637402281643077e-05,0,0,4.2827087102610495,43.422480083563464,SRRM2;RANBP2;SPAG9;PPP1R12A;DDX20;IRF2BP2;CDC25C;SSH1;LIMA1;MTA1;KIF4A;UBAP2L;TLN1
The_Kinase_Library_2024,GRK2,12/696,4.152313285238415e-05,5.902330378633916e-05,0,0,4.559032716927454,45.99726582732859,EEF1B2;RANBP2;SPAG9;XRCC6;PPP1R12A;BOD1L1;NOP2;TPR;CEP170;CIC;GTF2F1;PAM
The_Kinase_Library_2024,BRAF,13/822,4.7131195603228296e-05,6.67392120946477e-05,0,0,4.205513317642278,41.89774372942138,RANBP2;VASP;XRCC6;AHNAK;XRCC5;DDX20;RGPD8;SSH1;LIMA1;MYO1E;PACS1;EMD;EIF4B
The_Kinase_Library_2024,MOK,12/706,4.765784064468892e-05,6.722836075733683e-05,0,0,4.491003972271984,44.69206163604319,SRRM2;LIMA1;CENPV;AHNAK;PALLD;YTHDC1;BOD1L1;TPR;GTF2F1;EMD;EIF4B;NFKB2
The_Kinase_Library_2024,NEK3,13/826,4.953291043051698e-05,6.960874912773409e-05,0,0,4.18394581206086,41.47492452872726,SRRM2;RANBP2;AHNAK;NOP2;RGPD8;NUP153;GPATCH8;MYO1E;RPS6KB1;TBC1D5;KIF4A;CIC;EIF4B
The_Kinase_Library_2024,GSK3A,12/712,5.1704447406445854e-05,7.238622636902419e-05,0,0,4.4511196911196915,43.932403381952334,SRRM2;SPAG9;VASP;FKBP15;ICE1;AHNAK;PALLD;DDX20;CEP170;LSP1;PNPLA6;CIC
The_Kinase_Library_2024,KIS,12/720,5.7561782628254954e-05,8.02835389288819e-05,0,0,4.398992212551534,42.94582883079297,SRRM2;NEK9;FKBP15;ICE1;MAP7D3;PACS1;MICAL1;ARHGAP5;CIC;GPATCH8;ACACA;REPS1
The_Kinase_Library_2024,PLK3,12/730,6.568599036290475e-05,9.127154466156428e-05,0,0,4.335466385605661,41.75325049033085,RANBP2;LIMA1;JUN;XRCC6;PACS1;BOD1L1;NOP2;TPR;ARAP1;CIC;ACACA;EIF4B
The_Kinase_Library_2024,NEK4,13/860,7.465415666507502e-05,0.00010334586612963742,0,0,4.008846695023532,38.094644410427094,SRRM2;PPP1R12A;AHNAK;RPS6;NOP2;NUP153;GPATCH8;SH3PXD2A;MAP7D3;TBC1D5;KIF4A;CIC;REPS1
The_Kinase_Library_2024,SRPK1,11/636,8.668127860121755e-05,0.00011954927271766436,0,0,4.5264853333333335,42.33745138100336,SRRM2;MYO1E;ICE1;PALLD;YTHDC1;RPS6;BOD1L1;NOP2;TPR;TSC2;IRF2BP2
PPI_Hub_Proteins,PRKACB,7/174,1.0076105181486055e-05,0.0001213712669588093,0,0,10.477450162965209,120.54666586067174,SPAG9;XRCC6;AHNAK;TBC1D5;RPS6KA1;GTF2F1;MAPK3
The_Kinase_Library_2024,DYRK2,11/645,9.816856309054172e-05,0.00013489087743181842,0,0,4.460147213459516,41.16191599010279,SRRM2;FKBP15;ICE1;MAP7D3;AHNAK;PALLD;YTHDC1;IRF2BP2;UBAP2L;CIC;EMD
The_Kinase_Library_2024,CDKL1,12/765,0.00010244533112070864,0.00014024803633130227,0,0,4.126413265855497,37.90598019974633,SRRM2;SPAG9;NEK9;FKBP15;AHNAK;PALLD;RPS6;TPR;GTF2F1;ADD3;PDS5A;EMD
The_Kinase_Library_2024,DYRK1B,11/657,0.00011549624866185816,0.00015753348622628445,0,0,4.374571723426213,39.661059348833376,SRRM2;LIMA1;FKBP15;ICE1;MAP7D3;PALLD;YTHDC1;BOD1L1;IRF2BP2;LSP1;EMD
The_Kinase_Library_2024,DYRK1A,11/661,0.00012182503432212242,0.00016555709792493562,0,0,4.346748717948718,39.17691883036657,SRRM2;FKBP15;MAP7D3;PALLD;YTHDC1;BOD1L1;IRF2BP2;LSP1;GTF2F1;EMD;GPATCH8
The_Kinase_Library_2024,P38B,11/665,0.00012844799002704378,0.00017392045364975637,0,0,4.319266055045872,38.70056546724003,SRRM2;CENPV;JUN;JUND;MAP7D3;PALLD;IRF2BP2;UBAP2L;LSP1;CIC;REPS1
The_Kinase_Library_2024,CAMKK1,12/801,0.00015756045139919214,0.00021256337261491012,0,0,3.9307368204706608,34.416357704870016,SRRM2;RANBP2;MYO1E;SPAG7;XRCC6;AHNAK;TBC1D5;KIF4A;RGPD8;CIC;GPATCH8;AGFG1
The_Kinase_Library_2024,CDK8,11/687,0.00017064392283767913,0.00022938005569847448,0,0,4.1739250493096645,36.212687793477386,SRRM2;NEK9;TBC1D9B;FKBP15;MAP7D3;PALLD;TSC2;UBAP2L;CIC;ACACA;REPS1
The_Kinase_Library_2024,GRK3,11/689,0.00017500637184999078,0.00023439481572688295,0,0,4.16117994100295,35.99707010607048,EEF1B2;RANBP2;SPAG9;PPP1R12A;FKBP15;BOD1L1;NOP2;TPR;CEP170;CIC;PAM
The_Kinase_Library_2024,GRK7,11/691,0.00017946344041398784,0.0002394997711999622,0,0,4.148509803921568,35.78313329376063,EEF1B2;RANBP2;LIMA1;BOD1L1;NOP2;TPR;CIC;GTF2F1;PAM;GPATCH8;ACACA
KEA_2015,MAPKAPK2,4/47,4.935523133318723e-05,0.00027015495045534067,0,0,22.54225751559841,223.53954809218396,RPS6KA3;TSC2;LSP1;CDC25C
KEA_2015,CSNK2A2,7/229,5.8706649762434195e-05,0.0003052745787646578,0,0,7.859733150872391,76.57704647227101,EEF1B2;JUN;PACS1;XRCC5;ACACA;EIF4B;MAPK3
KEA_2015,ATM,6/161,6.84986332061783e-05,0.00033454120216173185,0,0,9.560806451612905,91.67567390378962,SRRM2;JUN;CHEK1;RPS6;TPR;NFKB2
KEA_2015,MAP3K8,3/19,7.07683312265202e-05,0.00033454120216173185,0,0,44.95030120481928,429.5495264329296,RPS6KA1;CHEK1;MAPK3
The_Kinase_Library_2024,CDK13,11/720,0.000255795486438525,0.0003401438188842035,0,0,3.972825575928538,32.85976599839113,SRRM2;RANBP2;MTA1;ICE1;RPS6KB1;YTHDC1;TPR;DDX20;PNPLA6;CIC;GPATCH8
The_Kinase_Library_2024,CLK1,11/721,0.00025885477835330676,0.00034298258131813147,0,0,3.967023474178404,32.76461226766217,SRRM2;RANBP2;MYO1E;PALLD;YTHDC1;RPS6;BOD1L1;TPR;IRF2BP2;CEP170;EMD
PPI_Hub_Proteins,CSNK2A2,8/289,3.451259325264999e-05,0.0003976450961718369,0,0,7.165982297654896,73.62463699608247,EEF1B2;JUN;PACS1;YTHDC1;XRCC5;ACACA;EIF4B;MAPK3
The_Kinase_Library_2024,TRKC,4/75,0.00030692484803599064,0.000403791200784938,0,0,13.633115767777396,110.277014223021,DOK1;UBAP2L;ARHGAP5;TLN1
The_Kinase_Library_2024,KIT,4/75,0.00030692484803599064,0.000403791200784938,0,0,13.633115767777396,110.277014223021,PPP1R12A;AHNAK;UBAP2L;ARHGAP5
PPI_Hub_Proteins,BRCA1,7/216,4.0556276769465727e-05,0.00044780888932951737,0,0,8.354127551329416,84.48378817126631,JUN;JUND;XRCC5;CHEK1;NUP153;GTF2F1;ACACA
The_Kinase_Library_2024,CDKL5,11/752,0.0003703520679990099,0.000485514548507536,0,0,3.7949257759784074,29.983922854007183,SRRM2;SPAG9;NEK9;FKBP15;PALLD;TPR;IRF2BP2;ARAP1;CIC;PDS5A;EMD
The_Kinase_Library_2024,EPHA3,4/79,0.00037449268880224314,0.0004892140406536345,0,0,12.903414634146342,101.8071450356952,DOK1;UBAP2L;ARAP1;EMD
PPI_Hub_Proteins,ATM,7/222,4.825274128070418e-05,0.0005114790575754644,0,0,8.118516337945247,80.69040408851201,SRRM2;JUN;XRCC5;CHEK1;RPS6;TPR;NFKB2
The_Kinase_Library_2024,EGFR,4/81,0.0004119853016201623,0.0005363036733371236,0,0,12.566993981628128,97.95372218458252,AHNAK;ARAP1;ARHGAP5;EMD
The_Kinase_Library_2024,CLK3,10/645,0.00044283361062774434,0.0005744449984017244,0,0,3.994819726481558,30.849262109567345,SRRM2;FKBP15;ICE1;AHNAK;PALLD;YTHDC1;TPR;IRF2BP2;CIC;ADD3
The_Kinase_Library_2024,VEGFR3,4/83,0.0004520851607794739,0.0005844027688124907,0,0,12.247607286199443,94.32666202137996,PPP1R12A;AHNAK;UBAP2L;TLN1
The_Kinase_Library_2024,QSK,11/773,0.0004669458006444115,0.000601516986246794,0,0,3.686299212598425,28.27132484002384,RPTOR;SRRM2;RANBP2;SPAG9;PPP1R12A;NOP2;XIRP1;CEP170;LSP1;CIC;SSH1
The_Kinase_Library_2024,BCKDK,11/774,0.000472028910765778,0.0006059609892529538,0,0,3.6812756662297943,28.19294043924864,SRRM2;RPS6KA3;LIMA1;FKBP15;AHNAK;TBC1D5;YTHDC1;BOD1L1;DDX20;ADD3;EIF4B
PPI_Hub_Proteins,ARRB2,8/323,7.545296115156981e-05,0.0007405568409320742,0,0,6.381440781440782,60.572643089184766,SRRM2;LIMA1;XRCC6;PPP1R12A;XRCC5;RPS6;EIF4B;MAPK3
PPI_Hub_Proteins,MAP1LC3B,8/322,7.383991940046298e-05,0.0007405568409320742,0,0,6.4020904785236,60.90699877920648,EEF1B2;SRRM2;RANBP2;FYCO1;DOK1;NEK9;XRCC6;XRCC5
The_Kinase_Library_2024,LATS1,11/797,0.0006024570455028882,0.0007707295306261086,0,0,3.569262086513995,26.464272999162382,SRRM2;FKBP15;AHNAK;PALLD;BOD1L1;IRF2BP2;ARHGAP5;PDS5A;GPATCH8;EIF4B;REPS1
The_Kinase_Library_2024,CDK19,10/677,0.0006449748413275931,0.0008222875124829451,0,0,3.7968515742128934,27.892807862975992,SRRM2;NEK9;TBC1D9B;FKBP15;MAP7D3;PALLD;TSC2;UBAP2L;CIC;ACACA
The_Kinase_Library_2024,CDK7,10/679,0.0006598002606277434,0.0008383078653866193,0,0,3.785107387302336,27.72051179353561,SRRM2;CENPV;PALLD;TSC2;UBAP2L;LSP1;CIC;ACACA;EIF4B;REPS1
The_Kinase_Library_2024,MAK,10/681,0.0006749070993173436,0.000851668482471886,0,0,3.773433210447878,27.549592510224272,SRRM2;CENPV;JUND;FKBP15;ICE1;AHNAK;PALLD;TPR;UBAP2L;GTF2F1
The_Kinase_Library_2024,CDK10,10/681,0.0006749070993173436,0.000851668482471886,0,0,3.773433210447878,27.549592510224272,SRRM2;RANBP2;SH3PXD2A;AHNAK;RPS6KB1;PALLD;TPR;OXSR1;CIC;EMD
KEA_2015,PDPK1,3/27,0.0002083763918890318,0.000942223685063448,0,0,29.954819277108435,253.90197687438877,RPS6KA3;RPS6KB1;RPS6KA1
KEA_2015,CSNK1E,5/128,0.00022838707212644423,0.000989677312547925,0,0,9.932249322493226,83.27663340297214,SRRM2;RPS6KA3;AHNAK;EIF4B;NFKB2
The_Kinase_Library_2024,CDK12,10/696,0.0007976004068895697,0.0010030839015458,0,0,3.688046647230321,26.310166410803493,SRRM2;RANBP2;RPS6KB1;PALLD;YTHDC1;TPR;DDX20;PNPLA6;CIC;GPATCH8
The_Kinase_Library_2024,CDK9,10/708,0.0009085362672275098,0.0011387397133155,0,0,3.622379731563867,25.36997308696421,SRRM2;RANBP2;RPS6KB1;PALLD;YTHDC1;DDI2;TPR;DDX20;CIC;GPATCH8
KEA_2015,AKT1,6/210,0.0002917515668218931,0.001213686517979,0,0,7.2463235294117645,58.98223236469168,SRRM2;PALLD;CHEK1;RPS6;TSC2;EIF4B
The_Kinase_Library_2024,CDK4,10/717,0.000999834494092656,0.0012489515060888,0,0,3.57459242164818,24.69300133597527,SRRM2;RANBP2;PPP1R12A;JUND;SH3PXD2A;RPS6KB1;PALLD;TPR;RGPD8;CIC
PPI_Hub_Proteins,ARRB1,7/263,0.00013926054544954815,0.0012725532601424,0,0,6.8040941455696204,60.414667461222315,SRRM2;LIMA1;JUN;XRCC5;ACACA;EIF4B;MAPK3
PPI_Hub_Proteins,MAPK10,6/182,0.00013451397884484478,0.0012725532601424,0,0,8.411079545454545,74.97503775448871,SRRM2;SPAG9;JUN;JUND;RPS6KB1;EIF4B
KEA_2015,PDK1,3/33,0.00038151485806802734,0.0015260594322721,0,0,23.956626506024097,188.5712498587488,RPS6KA3;RPS6KB1;RPS6KA1
The_Kinase_Library_2024,NEK2,11/870,0.0012318046057308,0.0015335553984098,0,0,3.2534730306558015,21.79591062103954,SRRM2;LIMA1;MYO1E;FKBP15;MAP7D3;TBC1D5;NOP2;PAM;GPATCH8;EIF4B;NFKB2
The_Kinase_Library_2024,SBK,10/740,0.0012679282930561,0.0015732488184743,0,0,3.4578226387887527,23.06495976918452,SRRM2;MYO1E;BOD1L1;DDX20;XIRP1;IRF2BP2;CDC25C;EMD;GPATCH8;REPS1
PPI_Hub_Proteins,ATXN1,6/194,0.00019037672470940137,0.0016816610682663,0,0,7.869414893617021,67.4133874415217,RPS6KA3;TBC1D5;UBAP2L;CIC;GPATCH8;ACACA
PPI_Hub_Proteins,GABARAP,9/479,0.00021598528934470068,0.0018463258605272,0,0,4.835479414202818,40.81289814475945,EEF1B2;SRRM2;FYCO1;NEK9;XRCC6;XRCC5;RPS6;NOP2;ACACA
The_Kinase_Library_2024,HIPK2,9/633,0.0015828828460187,0.0019574984529098,0,0,3.6132617382617385,23.300145448961512,SRRM2;ICE1;PALLD;YTHDC1;TPR;IRF2BP2;UBAP2L;CIC;EMD
The_Kinase_Library_2024,HIPK4,9/650,0.00189681128971,0.0023379301942937,0,0,3.5143343396073505,22.02637538498017,SRRM2;LIMA1;ICE1;MAP7D3;PALLD;YTHDC1;KIF4A;UBAP2L;CIC
PPI_Hub_Proteins,JUN,6/211,0.00029926801486524195,0.0024783132481027,0,0,7.210609756097561,58.508120685474,PPP3CB;JUN;JUND;PACS1;GTF2F1;MAPK3
PPI_Hub_Proteins,XRCC6,5/141,0.00035725121544623756,0.002706793768654,0,0,8.976942628903414,71.25063405109978,SRRM2;XRCC5;CHEK1;ARAP1;NFKB2
PPI_Hub_Proteins,SRC,9/513,0.0003575010637845029,0.002706793768654,0,0,4.50139146567718,35.72471818050719,RPS6KA3;DOK1;SH3PXD2A;RPS6KB1;YTHDC1;MICAL1;ARHGAP5;CDC25C;EMD
PPI_Hub_Proteins,NEDD4,5/141,0.00035725121544623756,0.002706793768654,0,0,8.976942628903414,71.25063405109978,RPS6KA3;XRCC6;UBAP2L;CDC25C;MAPK3
KEA_2015,PRKCB,6/250,0.0007331128434388318,0.0028238420636162,0,0,6.046106557377049,43.64207237916901,SRRM2;SPAG9;VASP;AHNAK;ADD3;NFKB2
PPI_Hub_Proteins,MAPK9,6/222,0.00039241652265715625,0.0028886216251151,0,0,6.839583333333334,53.644129201042475,SRRM2;SPAG9;JUN;JUND;RPS6KB1;CDC25C
The_Kinase_Library_2024,DYRK3,9/675,0.0024473935747514,0.0030065662789165,0,0,3.378027378027378,20.31117219040062,SRRM2;FKBP15;ICE1;PALLD;YTHDC1;BOD1L1;IRF2BP2;ADD3;EMD
PPI_Hub_Proteins,GRB2,11/767,0.00043740387884043657,0.0031327575106139,0,0,3.716719576719577,28.74753838666846,PPP3CA;LIMA1;PPP3CB;XRCC6;PPP1R12A;MTA1;MICAL1;RPS6KA1;TSC2;ARAP1;REPS1
KEA_2015,SRC,6/259,0.0008809264242610578,0.0032720124329696,0,0,5.828359683794466,40.99980863591037,RPS6KA3;DOK1;SH3PXD2A;RPS6KB1;ARHGAP5;EMD
KEA_2015,PTK6,2/11,0.0009801323593554442,0.003514957426654,0,0,52.65873015873016,364.8103585138722,ARAP1;ARHGAP5
PPI_Hub_Proteins,YWHAG,8/428,0.0005091392953785939,0.0035505766651401,0,0,4.76043956043956,36.097408324964135,RPTOR;SRRM2;LIMA1;PPP1R12A;CHEK1;TSC2;CEP170;CDC25C
KEA_2015,MAPK10,4/105,0.0010947220462902,0.0037950364271393,0,0,9.569186186911374,65.23558033984769,SRRM2;JUN;RPS6KB1;EIF4B
PPI_Hub_Proteins,EIF2C2,5/156,0.0005671349259514207,0.003853609112234,0,0,8.079061401357206,60.390283665174486,XRCC6;RPS6;DDX20;EMD;EIF4B
PPI_Hub_Proteins,IRS1,5/157,0.0005838313143320807,0.00386788245745,0,0,8.025503573749187,59.75708471801258,RPTOR;RPS6KA3;RPS6KB1;RPS6KA1;MAPK3
The_Kinase_Library_2024,EPHB2,3/69,0.0032777744338807,0.0039870633277696,0,0,10.869660460021906,62.18087759567566,DOK1;ARAP1;ARHGAP5
The_Kinase_Library_2024,MKK7,3/69,0.0032777744338807,0.0039870633277696,0,0,10.869660460021906,62.18087759567566,SRRM2;DOK1;MYO1E
The_Kinase_Library_2024,EPHA8,3/69,0.0032777744338807,0.0039870633277696,0,0,10.869660460021906,62.18087759567566,AHNAK;ARAP1;ARHGAP5
PPI_Hub_Proteins,PLCG1,6/244,0.0006457947848993522,0.0040746575713887,0,0,6.200420168067227,45.54226455206528,RANBP2;PPP3CA;DOK1;PPP3CB;AHNAK;DTNBP1
PPI_Hub_Proteins,AR,6/243,0.0006320640589203457,0.0040746575713887,0,0,6.226898734177215,45.87057287957462,RPS6KA3;JUN;XRCC6;XRCC5;GTF2F1;MAPK3
PPI_Hub_Proteins,YWHAB,11/812,0.00070281270181499,0.0043312875809528,0,0,3.4996754057428214,25.409113759622063,SRRM2;PPP3CA;RPS6KA3;PEX5L;RPS6KA1;TSC2;CDC25C;ADD3;EMD;ACACA;EIF4B
PPI_Hub_Proteins,PLK1,5/166,0.0007512189960039701,0.0045243871350239,0,0,7.573422283567211,54.481786274523365,RANBP2;SPAG9;TSC2;RGPD8;CDC25C
The_Kinase_Library_2024,EPHA4,3/73,0.0038433323361367,0.0046445481977418,0,0,10.246471600688468,56.98488590691847,DOK1;NEK9;ARAP1
The_Kinase_Library_2024,ZAP70,3/73,0.0038433323361367,0.0046445481977418,0,0,10.246471600688468,56.98488590691847,DOK1;AHNAK;ARAP1
PPI_Hub_Proteins,ABL1,7/351,0.000791490067517372,0.0046609970642689,0,0,5.040844863114513,35.999663536091575,PPP3CA;DOK1;JUN;XRCC6;YTHDC1;MICAL1;EMD
KEA_2015,CSNK2A1,6/286,0.0014650459376487,0.0047097373713715,0,0,5.259107142857143,34.320242589639236,EEF1B2;JUN;RPS6KB1;PACS1;CDC25C;ACACA
KEA_2015,PRKACA,7/393,0.0015209752746314,0.0047097373713715,0,0,4.482717911720338,29.085682685786654,VASP;PPP1R12A;AHNAK;TPR;ADD3;EMD;ACACA
KEA_2015,INSR,4/113,0.001436685347036,0.0047097373713715,0,0,8.863280375923026,58.01386304405191,DOK1;PPP1R12A;TSC2;ARHGAP5
KEA_2015,PRKAA1,3/53,0.0015397218329483,0.0047097373713715,0,0,14.359518072289156,92.99444332020654,RPTOR;VASP;ACACA
KEA_2015,PAK2,2/15,0.0018503664133103,0.0053455029717855,0,0,36.44871794871795,229.34887761330484,JUN;RPS6
KEA_2015,RET,2/15,0.0018503664133103,0.0053455029717855,0,0,36.44871794871795,229.34887761330484,DOK1;MAPK3
The_Kinase_Library_2024,VEGFR2,3/77,0.0044648995092652,0.0053781744088876,0,0,9.69065450993162,52.44105994132862,PPP1R12A;AHNAK;TLN1
The_Kinase_Library_2024,HER4,3/78,0.0046292283850392,0.0055580703263739,0,0,9.560963855421686,51.39367124217311,AHNAK;ARAP1;ARHGAP5
KEA_2015,RPS6KA2,2/16,0.0021088085432045,0.0059274618511695,0,0,33.843537414965986,208.5314286270724,RPS6KA1;TSC2
The_Kinase_Library_2024,LIMK1,3/81,0.0051440359397251,0.0061562494633485,0,0,9.191844300278037,48.440259346062234,SRRM2;RANBP2;CEP170
KEA_2015,MAPK9,4/131,0.0024659716680081,0.0067489750913905,0,0,7.600153639331669,45.64020979169638,SRRM2;JUN;RPS6KB1;CDC25C
PPI_Hub_Proteins,PPP2CA,5/184,0.0011905873840774,0.0068588186256634,0,0,6.8056417683978205,45.82448552337557,RPS6KB1;PACS1;XRCC5;TSC2;MAPK3
KEA_2015,PLK3,2/18,0.0026737657475791,0.0071300419935443,0,0,29.610119047619047,175.4182632174737,JUN;CDC25C
PPI_Hub_Proteins,CSNK1E,5/195,0.0015389653276779,0.0086771449326521,0,0,6.408057179987004,41.5027111965236,SRRM2;RPS6KA3;AHNAK;EIF4B;NFKB2
The_Kinase_Library_2024,CDK17,8/659,0.0074040096997595,0.0088324360083948,0,0,3.034857615502777,14.8882028972933,RPTOR;SRRM2;MAP7D3;AHNAK;PALLD;UBAP2L;CIC;REPS1
PPI_Hub_Proteins,MDM2,5/197,0.0016095866838365,0.0088862598170142,0,0,6.340663580246914,40.78173957643876,RANBP2;RPS6KA3;JUN;JUND;RPS6KB1
PPI_Hub_Proteins,SUMO1,5/198,0.001645778272806,0.0089006375978286,0,0,6.307490564830807,40.42812501170669,RANBP2;CENPV;JUN;OXSR1;NFKB2
PPI_Hub_Proteins,INSR,5/202,0.0017965550118305,0.0095217415627021,0,0,6.178166321990349,39.05765286041756,DOK1;PPP1R12A;TSC2;ARHGAP5;MAPK3
PPI_Hub_Proteins,VCL,4/121,0.0018469737701928,0.0095970205706101,0,0,8.253908692933082,51.95180804970236,VASP;XIRP1;STX3;TLN1
KEA_2015,NEK7,1/1,0.0042999391173866,0.0106474682906716,0,0,19914.0,108514.46102290176,NEK9
KEA_2015,HSPB8,1/1,0.0042999391173866,0.0106474682906716,0,0,19914.0,108514.46102290176,MAPK3
KEA_2015,STK17B,1/1,0.0042999391173866,0.0106474682906716,0,0,19914.0,108514.46102290176,STK17B
PPI_Hub_Proteins,HDAC4,4/127,0.0022035067367371,0.011229409331449,0,0,7.848899464604402,48.017253197590016,RANBP2;RPS6KA3;MAPK3;NFKB2
PPI_Hub_Proteins,RFC1,4/128,0.0022672205223551,0.0113361026117755,0,0,7.785208497246263,47.40569654231064,XRCC5;NUP153;TLN1;NFKB2
PPI_Hub_Proteins,YWHAE,5/215,0.0023569369238338,0.0115664497188142,0,0,5.791887125220459,35.04318994020091,SRRM2;TSC2;CDC25C;EMD;EIF4B
The_Kinase_Library_2024,CDK1,8/713,0.0115786864043603,0.0137682456923643,0,0,2.794544462629569,12.459725899323248,SRRM2;RANBP2;PPP1R12A;JUND;SH3PXD2A;TPR;CIC;ADD3
PPI_Hub_Proteins,SMAD3,6/328,0.0029100143606146,0.0140209782829613,0,0,4.56335403726708,26.648149745631073,RPS6KA3;JUN;XRCC6;JUND;TSC2;NUP153
The_Kinase_Library_2024,CDK5,8/718,0.0120386652365254,0.0142694722132617,0,0,2.7741422896352472,12.260687220229244,SRRM2;PPP1R12A;JUND;ICE1;TPR;CEP170;CIC;ADD3
PPI_Hub_Proteins,PARP1,4/140,0.0031336287911241,0.0148287791008552,0,0,7.093974175035868,40.9007591962397,XRCC6;XRCC5;GTF2F1;NFKB2
PPI_Hub_Proteins,HSP90AA1,5/231,0.0032096840467747,0.0149222153051809,0,0,5.377471867147383,30.875199842667257,JUN;CHEK1;RPS6;MAPK3;NFKB2
PPI_Hub_Proteins,ACTB,6/339,0.0034221315969427,0.0153705910710142,0,0,4.410135135135135,25.03850539673218,EEF1B2;VASP;MYO1E;TLN1;EMD;SSH1
PPI_Hub_Proteins,PRKCB,6/338,0.0033729823412163,0.0153705910710142,0,0,4.423644578313253,25.17919896200375,SRRM2;SPAG9;VASP;AHNAK;ADD3;NFKB2
KEA_2015,PRKAA2,2/28,0.0064243047806953,0.0155378534230771,0,0,18.21245421245421,91.93040155644884,VASP;ACACA
PPI_Hub_Proteins,PCNA,4/146,0.0036415465039447,0.0160834970590893,0,0,6.792167639986259,38.14037698419543,XRCC6;XRCC5;CHEK1;CDC25C
PPI_Hub_Proteins,APC,4/150,0.0040095954520207,0.0174187343407458,0,0,6.60474440360842,36.4520131932931,RANBP2;TPR;NUP153;AGFG1
KEA_2015,ABL1,3/94,0.0077653156697834,0.0183543824922154,0,0,7.873560174764994,38.250449543217194,DOK1;JUN;EMD
KEA_2015,MAPK15,1/2,0.0085816305202462,0.0198331016467914,0,0,234.27058823529413,1114.690229377954,JUN
The_Kinase_Library_2024,HIPK1,7/622,0.0176222719579852,0.0208212194153264,0,0,2.7805495523309665,11.22950441241104,SRRM2;ICE1;PALLD;YTHDC1;TPR;IRF2BP2;EMD
PPI_Hub_Proteins,SMAD2,6/370,0.0052277638083387,0.0223444743420931,0,0,4.02815934065934,21.163029395776334,RPS6KA3;JUN;TPR;TSC2;NUP153;MAPK3
PPI_Hub_Proteins,PTK2,4/163,0.0053782052358656,0.0226226093254666,0,0,6.060745513115508,31.66982299671511,MICAL1;TSC2;TLN1;MAPK3
PPI_Hub_Proteins,ACTA1,4/165,0.0056132359136953,0.0226764299789678,0,0,5.9848507801848205,31.017254714684512,VASP;RPS6KB1;XIRP1;TLN1
PPI_Hub_Proteins,RAF1,4/166,0.0057332860701541,0.0226764299789678,0,0,5.947606142728094,30.698369429342353,RPS6KA3;PEX5L;PPP1R12A;MAPK3
PPI_Hub_Proteins,SRRM2,4/166,0.0057332860701541,0.0226764299789678,0,0,5.947606142728094,30.698369429342353,EEF1B2;RPS6KA3;XRCC6;MAPK3
PPI_Hub_Proteins,GABARAPL1,7/499,0.0056898596293658,0.0226764299789678,0,0,3.497838839147885,18.08057276191465,EEF1B2;FYCO1;DOK1;NEK9;XRCC6;AHNAK;RPS6
PPI_Hub_Proteins,TP53,7/502,0.0058745131814371,0.0228933234276596,0,0,3.476102800153433,17.8571992258413,RPS6KA3;XRCC6;MTA1;CHEK1;CDC25C;MAPK3;NFKB2
KEA_2015,PRKG1,3/106,0.0107725612059718,0.0243553557700234,0,0,6.9520411744063635,31.497981454363668,SRRM2;VASP;PPP1R12A
PPI_Hub_Proteins,SFN,4/173,0.0066219372794551,0.0254320779573278,0,0,5.699235098859864,28.595155885248023,SRRM2;CHEK1;TSC2;EIF4B
PPI_Hub_Proteins,YWHAH,4/177,0.0071685944968831,0.0271382505953433,0,0,5.566333004370506,27.486806585141736,RPS6KA3;LIMA1;TSC2;CDC25C
KEA_2015,CAMK1D,1/3,0.012845130618796,0.0272631343745874,0,0,117.12941176470588,510.0740472374152,ACACA
KEA_2015,ICK,1/3,0.012845130618796,0.0272631343745874,0,0,117.12941176470588,510.0740472374152,RPTOR
KEA_2015,BRSK2,1/3,0.012845130618796,0.0272631343745874,0,0,117.12941176470588,510.0740472374152,CDC25C
KEA_2015,PRKD1,2/41,0.0134424546275705,0.0279603056253468,0,0,12.133699633699631,52.28820471678212,JUN;SSH1
The_Kinase_Library_2024,MKK4,2/56,0.024220733969424,0.028526642230655,0,0,8.756613756613756,32.579386361435965,DOK1;ARAP1
The_Kinase_Library_2024,CDK18,7/667,0.0247101988117379,0.0290110245542872,0,0,2.5849252013808974,9.565617070932982,SRRM2;MAP7D3;AHNAK;PALLD;TSC2;UBAP2L;CIC
KEA_2015,NEK9,1/4,0.0170905124090214,0.0311826893076881,0,0,78.08235294117647,317.73519355477225,NEK9
KEA_2015,NUAK1,1/4,0.0170905124090214,0.0311826893076881,0,0,78.08235294117647,317.73519355477225,PPP1R12A
KEA_2015,KSR2,1/4,0.0170905124090214,0.0311826893076881,0,0,78.08235294117647,317.73519355477225,MAPK3
KEA_2015,PIK3CA,1/4,0.0170905124090214,0.0311826893076881,0,0,78.08235294117647,317.73519355477225,RPS6KB1
KEA_2015,MAP3K2,1/4,0.0170905124090214,0.0311826893076881,0,0,78.08235294117647,317.73519355477225,MAPK3
KEA_2015,CAMK1G,1/4,0.0170905124090214,0.0311826893076881,0,0,78.08235294117647,317.73519355477225,ACACA
KEA_2015,DMPK,1/4,0.0170905124090214,0.0311826893076881,0,0,78.08235294117647,317.73519355477225,PPP1R12A
PPI_Hub_Proteins,YWHAQ,4/188,0.0088236014156968,0.0329331602135165,0,0,5.230646871686108,24.742660544828183,TPR;TSC2;CDC25C;EMD
The_Kinase_Library_2024,EPHB3,2/62,0.0292539023029863,0.0342372168908767,0,0,7.878571428571429,27.82508399467758,DOK1;ARAP1
PPI_Hub_Proteins,STAT3,4/192,0.0094823765094229,0.0349004135416262,0,0,5.1183186299948105,23.842767614277797,RPS6KA3;JUN;MAPK3;NFKB2
The_Kinase_Library_2024,EPHB4,2/64,0.0310166267385094,0.036186064528261,0,0,7.623655913978495,26.478724700644403,DOK1;ARAP1
PPI_Hub_Proteins,SP1,4/195,0.0099969598494521,0.0362903337000661,0,0,5.037160005107904,23.19851068287677,CD2;JUN;MAPK3;NFKB2
PPI_Hub_Proteins,LCK,4/196,0.0101724389320116,0.0364283286078797,0,0,5.010670731707317,22.98932450578549,CD2;DOK1;CDC25C;MAPK3
The_Kinase_Library_2024,ARG,2/65,0.031913456894228,0.0371156504945411,0,0,7.5022675736961455,25.843267512966868,DOK1;JUN
KEA_2015,MAP3K14,1/5,0.0213178505521487,0.0382251113348873,0,0,58.55882352941177,225.34667975778615,NFKB2
PPI_Hub_Proteins,FYN,6/433,0.0109180201547626,0.0385770045468279,0,0,3.422775175644028,15.461841366963924,CD2;RPS6KA3;DOK1;PPP1R12A;MTA1;YTHDC1
The_Kinase_Library_2024,ABL,2/67,0.0337375403697494,0.0389926089631683,0,0,7.270695970695971,24.64143638145943,DOK1;JUN
The_Kinase_Library_2024,FAK,2/67,0.0337375403697494,0.0389926089631683,0,0,7.270695970695971,24.64143638145943,DOK1;ARAP1
The_Kinase_Library_2024,PYK2,2/68,0.0346645906265795,0.03981598489926,0,0,7.16017316017316,24.07276391232094,DOK1;ARHGAP5
The_Kinase_Library_2024,SYK,2/68,0.0346645906265795,0.03981598489926,0,0,7.16017316017316,24.07276391232094,AHNAK;ARAP1
The_Kinase_Library_2024,FGFR3,2/69,0.0356015123078617,0.0402687837384655,0,0,7.052949538024165,23.52417628062031,ARHGAP5;TLN1
The_Kinase_Library_2024,JAK3,2/69,0.0356015123078617,0.0402687837384655,0,0,7.052949538024165,23.52417628062031,UBAP2L;TLN1
The_Kinase_Library_2024,TRKA,2/69,0.0356015123078617,0.0402687837384655,0,0,7.052949538024165,23.52417628062031,UBAP2L;ARHGAP5
The_Kinase_Library_2024,PDGFRA,2/69,0.0356015123078617,0.0402687837384655,0,0,7.052949538024165,23.52417628062031,UBAP2L;TLN1
The_Kinase_Library_2024,ALK,2/69,0.0356015123078617,0.0402687837384655,0,0,7.052949538024165,23.52417628062031,AHNAK;UBAP2L
PPI_Hub_Proteins,PRKACA,6/440,0.0117468000081777,0.0409592368706197,0,0,3.366359447004608,14.96068852678753,SRRM2;VASP;PPP1R12A;EMD;ACACA;MAPK3
The_Kinase_Library_2024,MET,2/70,0.0365482055274848,0.0412139338926956,0,0,6.9488795518207285,22.99469847199605,JUN;AHNAK
The_Kinase_Library_2024,HER2,2/71,0.0375045710905225,0.0420368455425494,0,0,6.8478260869565215,22.483415742857915,AHNAK;ARHGAP5
The_Kinase_Library_2024,NEK10,2/71,0.0375045710905225,0.0420368455425494,0,0,6.8478260869565215,22.483415742857915,SRRM2;MYO1E
The_Kinase_Library_2024,IGF1R,2/72,0.0384705104335523,0.0426046548383519,0,0,6.7496598639455785,21.98946911741363,UBAP2L;EMD
The_Kinase_Library_2024,CSK,2/72,0.0384705104335523,0.0426046548383519,0,0,6.7496598639455785,21.98946911741363,DOK1;SH3PXD2A
The_Kinase_Library_2024,JAK2,2/72,0.0384705104335523,0.0426046548383519,0,0,6.7496598639455785,21.98946911741363,UBAP2L;ARHGAP5
The_Kinase_Library_2024,MUSK,2/72,0.0384705104335523,0.0426046548383519,0,0,6.7496598639455785,21.98946911741363,AHNAK;PALLD
KEA_2015,BRSK1,1/6,0.025527220063161,0.0428198530091733,0,0,46.84470588235294,171.82684693856828,CDC25C
KEA_2015,MARK3,1/6,0.025527220063161,0.0428198530091733,0,0,46.84470588235294,171.82684693856828,CDC25C
KEA_2015,RPS6KB2,1/6,0.025527220063161,0.0428198530091733,0,0,46.84470588235294,171.82684693856828,RPS6
KEA_2015,RAF1,1/6,0.025527220063161,0.0428198530091733,0,0,46.84470588235294,171.82684693856828,PPP1R12A
PPI_Hub_Proteins,NR3C1,4/209,0.0126377035423255,0.0434933953080034,0,0,4.68982748364069,20.499566979104028,PPP3CA;JUN;MAPK3;NFKB2
The_Kinase_Library_2024,VEGFR1,2/74,0.0404307195028843,0.0446422527844348,0,0,6.561507936507937,21.050402728648404,AHNAK;TLN1
KEA_2015,UHMK1,1/7,0.0297186959454334,0.0461305131093295,0,0,39.03529411764706,137.2472719605343,PAM
KEA_2015,FGFR3,1/7,0.0297186959454334,0.0461305131093295,0,0,39.03529411764706,137.2472719605343,RPS6KA3
KEA_2015,VRK1,1/7,0.0297186959454334,0.0461305131093295,0,0,39.03529411764706,137.2472719605343,JUN
KEA_2015,WNK1,1/7,0.0297186959454334,0.0461305131093295,0,0,39.03529411764706,137.2472719605343,OXSR1
KEA_2015,NEK6,1/7,0.0297186959454334,0.0461305131093295,0,0,39.03529411764706,137.2472719605343,RPS6KB1
The_Kinase_Library_2024,EPHA2,2/76,0.0424280572502087,0.0467086327591318,0,0,6.383526383526384,20.17159488240805,ARAP1;ARHGAP5
The_Kinase_Library_2024,EPHA5,2/79,0.0454920089491832,0.049933536450139,0,0,6.133889919604205,18.95506069500997,DOK1;ARAP1
PPI_Hub_Proteins,PLCG2,3/121,0.0153600562814658,0.0502520359825734,0,0,6.063712477026751,25.32197166385249,PPP3CA;PPP3CB;REPS1
PPI_Hub_Proteins,PRKG1,3/121,0.0153600562814658,0.0502520359825734,0,0,6.063712477026751,25.32197166385249,SRRM2;VASP;PPP1R12A
PPI_Hub_Proteins,SMAD4,4/221,0.0152266642130434,0.0502520359825734,0,0,4.42778464651006,18.52898212843084,JUN;JUND;CHEK1;MAPK3
PPI_Hub_Proteins,CLTC,3/120,0.01502502040955,0.0502520359825734,0,0,6.1158480074142725,25.67456502947887,GGA2;XRCC6;NFKB2
The_Kinase_Library_2024,TESK1,2/80,0.0465310679425488,0.0507736064902518,0,0,6.054945054945055,18.574361747156463,RANBP2;CEP170
The_Kinase_Library_2024,LIMK2,2/80,0.0465310679425488,0.0507736064902518,0,0,6.054945054945055,18.574361747156463,SRRM2;RANBP2
KEA_2015,MAP2K2,1/8,0.0338923530455285,0.0510841263294923,0,0,33.457142857142856,113.23790361856584,MAPK3
KEA_2015,PRKD2,1/8,0.0338923530455285,0.0510841263294923,0,0,33.457142857142856,113.23790361856584,SSH1
KEA_2015,SGK1,2/68,0.0346645906265795,0.0515016775023466,0,0,7.16017316017316,24.07276391232094,VASP;AHNAK
PPI_Hub_Proteins,CREB1,3/124,0.0163904365197682,0.0528180901501834,0,0,5.912476351687743,24.306528790465403,RPS6KA3;JUN;RPS6KA1
PPI_Hub_Proteins,MAP3K3,4/227,0.0166378680449072,0.0528180901501834,0,0,4.30733894782894,17.64317896182374,SPAG9;RPS6KA3;LIMA1;PPP1R12A
PPI_Hub_Proteins,CAV1,3/125,0.0167423380098694,0.0528180901501834,0,0,5.863717163736915,23.981515817968855,TSC2;STX3;MAPK3
KEA_2015,PRKG2,1/9,0.038048266007532,0.0557326713349765,0,0,29.273529411764702,95.69223347722578,VASP
PPI_Hub_Proteins,ITGB1,3/129,0.0181922700050938,0.0567170770747045,0,0,5.676419965576592,22.74404394729898,DOK1;ARHGAP5;TLN1
PPI_Hub_Proteins,EP300,5/357,0.018923499544421,0.0582236788465364,0,0,3.4304854096520763,13.609938921551183,JUN;XRCC6;MTA1;JUND;NFKB2
PPI_Hub_Proteins,COPS5,3/132,0.0193242629593685,0.0582236788465364,0,0,5.543569627346596,21.87710894286107,JUN;PPP1R12A;JUND
PPI_Hub_Proteins,CALM1,5/359,0.019334655616963,0.0582236788465364,0,0,3.410755388156518,13.458350177239254,PPP3CA;PPP3CB;PACS1;TPR;NFKB2
PPI_Hub_Proteins,ESR2,5/361,0.0197516684552932,0.0588111476477832,0,0,3.3912470522957414,13.309007767543603,SRRM2;LIMA1;RPS6KA1;RPS6;MAPK3
PPI_Hub_Proteins,NFKBIA,3/134,0.0201001797323198,0.059033131369863,0,0,5.458383150924308,21.326047738175543,RPS6KA3;RPS6KA1;NFKB2
PPI_Hub_Proteins,UBB,3/135,0.0204945210793486,0.059033131369863,0,0,5.4167579408543265,21.05817567430337,JUN;CHEK1;NFKB2
PPI_Hub_Proteins,SGK1,3/135,0.0204945210793486,0.059033131369863,0,0,5.4167579408543265,21.05817567430337,RPTOR;VASP;AHNAK
PPI_Hub_Proteins,SYK,3/136,0.0208931199802749,0.0595341590835792,0,0,5.375758673792916,20.79523737407891,RPS6KB1;RPS6KA1;MAPK3
KEA_2015,ILK,1/10,0.0421865092184754,0.0601013282016635,0,0,26.019607843137255,82.36909635390154,PPP1R12A
KEA_2015,CDC42BPA,1/10,0.0421865092184754,0.0601013282016635,0,0,26.019607843137255,82.36909635390154,SRRM2
PPI_Hub_Proteins,ACTG1,4/246,0.0216376838077877,0.0605402137914448,0,0,3.9653295706510785,15.200372643742655,VASP;LSP1;TLN1;NFKB2
PPI_Hub_Proteins,TAF1,3/138,0.0217030955101406,0.0605402137914448,0,0,5.295582329317269,20.28367099968616,RANBP2;JUN;GTF2F1
PPI_Hub_Proteins,STAT1,3/139,0.0221144739994575,0.0610451626026692,0,0,5.256378454996456,20.0348071294582,JUN;NUP153;MAPK3
The_Kinase_Library_2024,FGFR4,2/89,0.0562638667229234,0.0612137670211279,0,0,5.426108374384237,15.614726984034691,ARHGAP5;EMD
KEA_2015,ALK,1/11,0.0463071568006132,0.0650803284765375,0,0,23.416470588235295,71.94614007723759,VASP
The_Kinase_Library_2024,HIPK3,6/651,0.0614652597710117,0.0666772262428227,0,0,2.2405813953488374,6.249615922274143,SRRM2;FKBP15;YTHDC1;BOD1L1;TPR;EMD
PPI_Hub_Proteins,CDK5,3/146,0.0251134361013944,0.067222834008783,0,0,4.997303900918359,18.41182798733701,RPS6KA3;STX3;TLN1
PPI_Hub_Proteins,PPP2R1A,3/146,0.0251134361013944,0.067222834008783,0,0,4.997303900918359,18.41182798733701,RPS6KB1;MAPK3;NFKB2
PPI_Hub_Proteins,MAP1LC3A,5/383,0.0247336739962616,0.067222834008783,0,0,3.190280227317265,11.80272769088119,SRRM2;FYCO1;NEK9;TPR;DDX20
PPI_Hub_Proteins,GRIN1,3/149,0.0264625885929783,0.0701258597713927,0,0,4.893876877372504,17.774674819804833,PPP3CA;RPS6KA3;MAPK3
KEA_2015,CDK3,1/13,0.0544959601278673,0.073604933159717,0,0,19.511764705882353,56.77199069596926,JUN
KEA_2015,PKN1,1/13,0.0544959601278673,0.073604933159717,0,0,19.511764705882353,56.77199069596926,CDC25C
KEA_2015,MAP3K1,1/13,0.0544959601278673,0.073604933159717,0,0,19.511764705882353,56.77199069596926,MAPK3
PPI_Hub_Proteins,UBC,6/540,0.0288618798960293,0.0749842958083116,0,0,2.7219101123595504,9.649807157379549,RANBP2;JUN;RPS6KB1;TSC2;CDC25C;NFKB2
PPI_Hub_Proteins,TBP,3/154,0.0287961924827407,0.0749842958083116,0,0,4.73063113380675,16.78197121639173,JUN;JUND;GTF2F1
PPI_Hub_Proteins,PRKCZ,3/156,0.0297593288446099,0.0765652635322488,0,0,4.668320340184266,16.407337588984873,PPP3CA;RPS6KB1;MAPK3
PPI_Hub_Proteins,RNPS1,3/157,0.0302472472649191,0.077072312742342,0,0,4.63777186668753,16.2245496650366,SRRM2;DDX20;GPATCH8
PPI_Hub_Proteins,RPA2,3/162,0.0327501841649261,0.0826552267019564,0,0,4.490793362127756,15.353334037572411,FYCO1;NEK9;XRCC6
KEA_2015,MAPK11,1/15,0.0626152632725983,0.0834870176967977,0,0,16.722689075630253,46.33432734971711,RPTOR
KEA_2015,LCK,2/96,0.0642800829883674,0.0846218814024078,0,0,5.020263424518744,13.77814031431165,DOK1;MAPK3
PPI_Hub_Proteins,SQSTM1,3/165,0.0343024595308988,0.0849546894924129,0,0,4.406961178045515,14.862645011160916,SRRM2;CHEK1;MAPK3
PPI_Hub_Proteins,POLR2A,3/165,0.0343024595308988,0.0849546894924129,0,0,4.406961178045515,14.862645011160916,XRCC5;GTF2F1;MAPK3
PPI_Hub_Proteins,MAP3K14,3/166,0.0348282733687676,0.0854582633585503,0,0,4.379702860521842,14.704089273919648,RPS6;MAPK3;NFKB2
KEA_2015,ERBB2,1/17,0.0706656488135395,0.0907312034149149,0,0,14.630882352941176,38.768849097220134,TSC2
KEA_2015,FGFR1,1/17,0.0706656488135395,0.0907312034149149,0,0,14.630882352941176,38.768849097220134,RPS6KA3
PPI_Hub_Proteins,CALM3,3/172,0.0380708347590626,0.09171610191956,0,0,4.222927211805803,13.80182164571413,PPP3CA;PPP3CB;TSC2
PPI_Hub_Proteins,H2AFX,3/172,0.0380708347590626,0.09171610191956,0,0,4.222927211805803,13.80182164571413,EEF1B2;XRCC6;XRCC5
PPI_Hub_Proteins,ERBB2,3/175,0.0397481935428101,0.0948943359355377,0,0,4.148641075931634,13.380159380652374,DOK1;TSC2;TLN1
KEA_2015,MAP2K1,1/19,0.0786476946512038,0.0997482956551854,0,0,13.003921568627453,33.06607217254294,MAPK3
PPI_Hub_Proteins,NFKB1,4/305,0.0425717778944379,0.1007278673395183,0,0,3.178510655538449,10.033171469735764,SPAG9;JUN;TPR;NFKB2
PPI_Hub_Proteins,SIN3A,3/183,0.0444021361978464,0.1028068556315232,0,0,3.962650602409638,12.34154730020882,MTA1;DDX20;NFKB2
PPI_Hub_Proteins,HSPA8,3/183,0.0444021361978464,0.1028068556315232,0,0,3.962650602409638,12.34154730020882,JUN;TSC2;NFKB2
PPI_Hub_Proteins,NFKB2,3/184,0.0450022462387044,0.1028068556315232,0,0,3.9405578113559208,12.2198387206556,XRCC6;XRCC5;NFKB2
PPI_Hub_Proteins,MAP3K1,3/184,0.0450022462387044,0.1028068556315232,0,0,3.9405578113559208,12.2198387206556,RPS6;NOP2;MAPK3
KEA_2015,CAMK1,1/20,0.0826132694677771,0.1035154219837207,0,0,12.318885448916408,30.718187529247057,ACACA
KEA_2015,CHEK2,1/23,0.0944090551290999,0.1155122556873693,0,0,10.637433155080211,25.105600520866265,CDC25C
KEA_2015,CHUK,1/23,0.0944090551290999,0.1155122556873693,0,0,10.637433155080211,25.105600520866265,NFKB2
PPI_Hub_Proteins,SHC1,3/195,0.0518689570643162,0.1174809711285795,0,0,3.7127259036144578,10.986085142535329,DOK1;TPR;MAPK3
KEA_2015,ROCK2,1/24,0.0983075728072943,0.1188835764181234,0,0,10.174424552429668,23.601146819428006,PPP1R12A
PPI_Hub_Proteins,LYN,3/197,0.053169160885983,0.1194053189388601,0,0,3.674077754316234,10.780760870861084,DOK1;RPS6KB1;MAPK3
KEA_2015,IKBKB,1/25,0.1021895020267238,0.1207694114861282,0,0,9.75,22.23903168224061,DOK1
KEA_2015,STK11,1/25,0.1021895020267238,0.1207694114861282,0,0,9.75,22.23903168224061,RPS6KA1
PPI_Hub_Proteins,VIM,3/199,0.0544850720835507,0.1213323033793357,0,0,3.63621834275879,10.580771844364897,SRRM2;RPS6KA3;MICAL1
PPI_Hub_Proteins,CREBBP,4/334,0.0559479930880952,0.1225307286640103,0,0,2.89490022172949,8.346960514834755,RPS6KA3;JUN;XRCC6;RPS6KA1
PPI_Hub_Proteins,SLC2A4,6/635,0.0558008296617836,0.1225307286640103,0,0,2.299483306836248,6.636231885611056,LIMA1;PPP1R12A;AHNAK;RAB14;RPS6;MAPK3
PPI_Hub_Proteins,RB1,3/209,0.0612971642917022,0.1331454798139433,0,0,3.457948298046555,9.654666673954988,JUN;CHEK1;NFKB2
PPI_Hub_Proteins,HDAC1,4/346,0.0620763215754209,0.13374166843485,0,0,2.791613179289687,7.75898359080946,JUN;MTA1;EMD;NFKB2
PPI_Hub_Proteins,GRIN2B,3/219,0.0684882601152692,0.1463660397624705,0,0,3.296184738955823,8.83737761139076,PPP3CA;RPS6KA3;MAPK3
PPI_Hub_Proteins,PRKAB1,3/223,0.071468052495474,0.1515122712904049,0,0,3.2355969331872947,8.537137868823852,RPS6KA3;DDX20;ACACA
KEA_2015,GSK3A,1/34,0.1363917975983422,0.155876340112391,0,0,7.0877005347593585,14.12028477327799,JUN
KEA_2015,JAK2,1/34,0.1363917975983422,0.155876340112391,0,0,7.0877005347593585,14.12028477327799,MAPK3
KEA_2015,MAPK4,1/34,0.1363917975983422,0.155876340112391,0,0,7.0877005347593585,14.12028477327799,RPS6KA1
KEA_2015,ROCK1,1/35,0.140111630971025,0.1566839744192108,0,0,6.8788927335640135,13.519196644704603,PPP1R12A
KEA_2015,PRKCQ,1/35,0.140111630971025,0.1566839744192108,0,0,6.8788927335640135,13.519196644704603,PPP1R12A
KEA_2015,HCK,1/41,0.1621003778502616,0.1793450988981617,0,0,5.845294117647059,10.635743648833245,EMD
PPI_Hub_Proteins,NCK1,3/244,0.0880399628679457,0.1851634139682987,0,0,2.950507423886417,7.169628132059951,DOK1;MTA1;DTNBP1
KEA_2015,PRKACG,2/176,0.1751899809485221,0.1917869265120663,0,0,2.7011494252873565,4.705089744750046,VASP;ACACA
PPI_Hub_Proteins,RAC1,3/249,0.0922062639625793,0.1923988972447522,0,0,2.8898031148986187,6.888502321932605,ARL2BP;RPS6KB1;ARHGAP5
PPI_Hub_Proteins,BCL2,2/121,0.0956441298132242,0.1980132375039408,0,0,3.960584233693478,9.295970254918984,PPP3CA;MAPK3
PPI_Hub_Proteins,DLG4,4/409,0.0997259968423404,0.1987021741595504,0,0,2.3497741644083106,5.417002255209031,PPP3CA;RPS6KA3;PPP3CB;MAPK3
PPI_Hub_Proteins,SMURF2,2/124,0.0996573098218419,0.1987021741595504,0,0,3.862607338017174,8.907241585091118,RAB14;ARHGAP5
PPI_Hub_Proteins,EEF1G,2/124,0.0996573098218419,0.1987021741595504,0,0,3.862607338017174,8.907241585091118,EEF1B2;C1ORF174
PPI_Hub_Proteins,GSTK1,2/122,0.096976544847948,0.1987021741595504,0,0,3.927380952380952,9.1637035246627,RPS6KA3;PDS5A
PPI_Hub_Proteins,RTN1,2/123,0.0983142945650835,0.1987021741595504,0,0,3.894726485635577,9.034152424857972,LSP1;SSH1
PPI_Hub_Proteins,TUBB,2/125,0.1010055219359007,0.1997497262165201,0,0,3.8310104529616726,8.782898292883132,JUN;NFKB2
KEA_2015,PAK1,1/48,0.1870522818483187,0.2026399720023452,0,0,4.9729662077597,8.336517035216884,PPP1R12A
PPI_Hub_Proteins,BTK,2/128,0.105080659667604,0.2062694430512227,0,0,3.7392290249433104,8.424584088559756,PPP3CB;RPS6KB1
PPI_Hub_Proteins,HTT,2/130,0.1078221646957192,0.2100946591497471,0,0,3.680431547619047,8.197322252510986,XRCC6;TPR
PPI_Hub_Proteins,FLNA,2/135,0.1147586993453776,0.2219785060330297,0,0,3.541174364482635,7.666372029966024,RPS6KA3;RPS6KA1
PPI_Hub_Proteins,TOP1,2/136,0.1161596791979339,0.2230602535322645,0,0,3.5145700071073205,7.5661293718878895,JUN;NOP2
PPI_Hub_Proteins,PTP4A3,2/137,0.1175650683947083,0.2241348426230051,0,0,3.4883597883597885,7.467752699680994,DDX20;PDS5A
PPI_Hub_Proteins,RHOA,2/139,0.1203888247431582,0.2246692856122318,0,0,3.437087243656587,7.276411886089979,PPP1R12A;ARHGAP5
PPI_Hub_Proteins,MAPK13,2/139,0.1203888247431582,0.2246692856122318,0,0,3.437087243656587,7.276411886089979,EEF1B2;XRCC6
PPI_Hub_Proteins,HSP90AB1,2/138,0.1189748043196168,0.2246692856122318,0,0,3.4625350140056024,7.371195285145307,RPS6;NFKB2
PPI_Hub_Proteins,RELA,3/283,0.1225879967307036,0.2271735603750801,0,0,2.5345094664371772,5.319748237641617,JUN;CHEK1;NFKB2
PPI_Hub_Proteins,NCOR1,2/142,0.1246559777425006,0.2294016257066851,0,0,3.3629251700680274,7.002274428698776,DDX20;EMD
PPI_Hub_Proteins,NPM1,2/144,0.1275210484492515,0.233055709234839,0,0,3.3152246814218644,6.827618512179875,NOP2;ACACA
KEA_2015,ATR,1/58,0.2214287694166872,0.2374081651477883,0,0,4.098452012383901,6.179048898114302,CHEK1
PPI_Hub_Proteins,MCC,3/292,0.1311801158397283,0.2376850107367339,0,0,2.4544544961854338,4.985448627887573,EEF1B2;RPS6KA3;ACACA
PPI_Hub_Proteins,COPS6,2/147,0.131847911616226,0.2376850107367339,0,0,3.246141215106732,6.577026859520895,C1ORF174;EMD
The_Kinase_Library_2024,JAK1,1/59,0.2247863578796311,0.2431362646453153,0,0,4.027586206896552,6.011594699734063,UBAP2L
The_Kinase_Library_2024,PDGFRB,1/60,0.228129634375795,0.2453220126186086,0,0,3.9591226321036888,5.850954699068187,TLN1
The_Kinase_Library_2024,MYT1,1/60,0.228129634375795,0.2453220126186086,0,0,3.9591226321036888,5.850954699068187,SRRM2
PPI_Hub_Proteins,PIK3R1,3/301,0.1399798710774762,0.2506396340238594,0,0,2.3792350610495676,4.678186748158327,DOK1;DTNBP1;TLN1
The_Kinase_Library_2024,TYRO3,1/62,0.2347734924011352,0.251011428474989,0,0,3.828929604628737,5.548632425072559,ARAP1
The_Kinase_Library_2024,AXL,1/62,0.2347734924011352,0.251011428474989,0,0,3.828929604628737,5.548632425072559,ARAP1
PPI_Hub_Proteins,EGFR,4/467,0.1417995045742116,0.2521937497460811,0,0,2.0493072749302006,4.002996246995956,XRCC6;AHNAK;TLN1;MAPK3
PPI_Hub_Proteins,PMP3,2/156,0.1450245370972359,0.2562100155384501,0,0,3.0550401978973407,5.898831482880095,LSP1;SSH1
PPI_Hub_Proteins,CHUK,2/157,0.1465055351901469,0.257112363082046,0,0,3.0351766513056835,5.829639720267291,CHEK1;NFKB2
PPI_Hub_Proteins,CAMK2A,2/160,0.1509674185795401,0.263199775813014,0,0,2.9770946353224836,5.628766737073269,PPP1R12A;STX3
PPI_Hub_Proteins,RUVBL2,2/161,0.1524608313475189,0.2640661457979903,0,0,2.9582210242587603,5.563962794079106,SRRM2;NFKB2
The_Kinase_Library_2024,BRK,1/67,0.2511368678628957,0.2654466609035165,0,0,3.537967914438503,4.888612632693461,UBAP2L
The_Kinase_Library_2024,FLT3,1/67,0.2511368678628957,0.2654466609035165,0,0,3.537967914438503,4.888612632693461,AHNAK
The_Kinase_Library_2024,FGFR2,1/67,0.2511368678628957,0.2654466609035165,0,0,3.537967914438503,4.888612632693461,TLN1
The_Kinase_Library_2024,CTK,1/67,0.2511368678628957,0.2654466609035165,0,0,3.537967914438503,4.888612632693461,AHNAK
The_Kinase_Library_2024,EPHB1,1/68,0.2543677981624342,0.2673383941027283,0,0,3.4849868305531166,4.770856483616748,ARAP1
The_Kinase_Library_2024,FGR,1/68,0.2543677981624342,0.2673383941027283,0,0,3.4849868305531166,4.770856483616748,AHNAK
The_Kinase_Library_2024,TXK,1/70,0.260788382019869,0.2687569159149205,0,0,3.3836317135549874,4.547756661251317,DOK1
The_Kinase_Library_2024,BLK,1/70,0.260788382019869,0.2687569159149205,0,0,3.3836317135549874,4.547756661251317,AHNAK
The_Kinase_Library_2024,ACK,1/70,0.260788382019869,0.2687569159149205,0,0,3.3836317135549874,4.547756661251317,PALLD
The_Kinase_Library_2024,CSFR,1/70,0.260788382019869,0.2687569159149205,0,0,3.3836317135549874,4.547756661251317,AHNAK
The_Kinase_Library_2024,MER,1/69,0.2575849502210434,0.2687569159149205,0,0,3.4335640138408303,4.657305832354093,ARAP1
The_Kinase_Library_2024,MST1R,1/69,0.2575849502210434,0.2687569159149205,0,0,3.4335640138408303,4.657305832354093,TLN1
The_Kinase_Library_2024,FGFR1,1/70,0.260788382019869,0.2687569159149205,0,0,3.3836317135549874,4.547756661251317,UBAP2L
PPI_Hub_Proteins,HDAC3,2/164,0.1569586875051389,0.2700912479796221,0,0,2.9029982363315696,5.375692723016611,JUN;EMD
The_Kinase_Library_2024,BTK,1/71,0.2639781514229198,0.2705411441378543,0,0,3.335126050420168,4.442017496799639,EMD
The_Kinase_Library_2024,TYK2,1/71,0.2639781514229198,0.2705411441378543,0,0,3.335126050420168,4.442017496799639,UBAP2L
PPI_Hub_Proteins,GCN1,2/165,0.1584636726217504,0.2709217628694442,0,0,2.8850423605024833,5.3149113187565655,GGA2;LSP1
The_Kinase_Library_2024,TNNI3K,1/72,0.2671543160230924,0.2715458938207323,0,0,3.287986743993372,4.3399084793012666,PALLD
The_Kinase_Library_2024,INSR,1/72,0.2671543160230924,0.2715458938207323,0,0,3.287986743993372,4.3399084793012666,TLN1
The_Kinase_Library_2024,FRK,1/72,0.2671543160230924,0.2715458938207323,0,0,3.287986743993372,4.3399084793012666,AHNAK
The_Kinase_Library_2024,EPHA6,1/74,0.2734660599102547,0.2756954027899578,0,0,3.1975825946817085,4.1459144787075015,DOK1
The_Kinase_Library_2024,TRKB,1/74,0.2734660599102547,0.2756954027899578,0,0,3.1975825946817085,4.1459144787075015,UBAP2L
The_Kinase_Library_2024,LYN,1/74,0.2734660599102547,0.2756954027899578,0,0,3.1975825946817085,4.1459144787075015,PPP1R12A
The_Kinase_Library_2024,DDR1,1/75,0.2766017531435907,0.2781009496375939,0,0,3.1542130365659777,4.053720538658391,UBAP2L
PPI_Hub_Proteins,IKBKB,2/169,0.1645107513475471,0.2794573660711538,0,0,2.815369261477046,5.081120314681784,DOK1;NFKB2
KEA_2015,CSNK1D,1/72,0.2671543160230924,0.2835107027183838,0,0,3.287986743993372,4.3399084793012666,RANBP2
The_Kinase_Library_2024,SRMS,1/77,0.2828330655678514,0.2835974792585753,0,0,3.0708978328173373,3.878232050839515,DOK1
PPI_Hub_Proteins,EIF2C1,2/174,0.1721269260534023,0.286878210089004,0,0,2.7328349944629013,4.808486389087873,XRCC6;RPS6
PPI_Hub_Proteins,IKBKG,3/332,0.1717148244428234,0.286878210089004,0,0,2.151646098070092,3.791028670925663,LIMA1;JUN;NFKB2
PPI_Hub_Proteins,PRKCD,2/173,0.1705988566019474,0.286878210089004,0,0,2.7489557226399333,4.861364209732221,RPS6;MAPK3
PPI_Hub_Proteins,PAK1,2/176,0.1751899809485221,0.2901584059459897,0,0,2.7011494252873565,4.705089744750046,VASP;OXSR1
PPI_Hub_Proteins,CTNNB1,3/337,0.1770182881978759,0.2913655054188641,0,0,2.1188947406392034,3.6688709655727503,JUN;XIRP1;EMD
The_Kinase_Library_2024,MKK6,1/80,0.2920806911352911,0.2920806911352911,0,0,2.9538346984363364,3.6353587272888825,ARAP1
KEA_2015,PLK1,1/77,0.2828330655678514,0.2941463881905655,0,0,3.0708978328173373,3.878232050839515,CDC25C
KEA_2015,AURKB,1/77,0.2828330655678514,0.2941463881905655,0,0,3.0708978328173373,3.878232050839515,AHNAK
PPI_Hub_Proteins,DYNLL1,2/183,0.1859783853317038,0.3042239019314908,0,0,2.595764272559853,4.3663995095232515,NEK9;MTA1
KEA_2015,CSNK1A1,1/84,0.3042277526751243,0.3132642205763657,0,0,2.810914245216159,3.34492799962935,RPS6KA1
PPI_Hub_Proteins,HNRNPK,2/188,0.1937425180074516,0.3136645738704738,0,0,2.525345622119816,4.144660945023376,EMD;MAPK3
PPI_Hub_Proteins,AGP1,2/189,0.1953005837306723,0.3136645738704738,0,0,2.5117137764196587,4.102169751181436,LSP1;SSH1
PPI_Hub_Proteins,RPS3,2/189,0.1953005837306723,0.3136645738704738,0,0,2.5117137764196587,4.102169751181436,MAPK3;NFKB2
PPI_Hub_Proteins,RPL7A,2/193,0.2015488866552961,0.3179193747836515,0,0,2.4586138120169534,3.938019061225504,SRRM2;NFKB2
PPI_Hub_Proteins,CASP3,2/193,0.2015488866552961,0.3179193747836515,0,0,2.4586138120169534,3.938019061225504,PPP3CA;EIF4B
PPI_Hub_Proteins,CCT2,2/193,0.2015488866552961,0.3179193747836515,0,0,2.4586138120169534,3.938019061225504,RPS6KB1;RPS6KA1
PPI_Hub_Proteins,CCT3,2/202,0.2156901596901284,0.3382123805791954,0,0,2.346904761904762,3.5999461914704916,XRCC6;NFKB2
PPI_Hub_Proteins,CDC42,2/205,0.2204255050665611,0.3436044637802277,0,0,2.3118695754163734,3.4959987377397814,RPS6KB1;ARHGAP5
KEA_2015,CDK5,1/97,0.3423004909893973,0.3490122653225228,0,0,2.4286764705882353,2.6037021954467265,TLN1
PPI_Hub_Proteins,UBE2I,2/212,0.2315081782531479,0.3587699838425978,0,0,2.234013605442177,3.2686748428240433,RANBP2;JUN
PPI_Hub_Proteins,HDAC2,2/214,0.2346819643074831,0.3615739566365293,0,0,2.2127133872416893,3.207381214818029,MTA1;DDX20
PPI_Hub_Proteins,CRK,2/215,0.2362698973774347,0.3619163167920242,0,0,2.202213279678068,3.177310364541156,MICAL1;REPS1
KEA_2015,PRKCD,1/104,0.361940593415089,0.3654545797589248,0,0,2.2628212450028555,2.2996490843913855,RPS6
KEA_2015,FYN,1/115,0.3916385661993983,0.3916385661993983,0,0,2.043343653250774,1.9154628083065537,RPS6KA3
PPI_Hub_Proteins,SSE2,2/249,0.2904330236687022,0.4423261567368166,0,0,1.8957971852708695,2.3439300551192797,GGA2;LSP1
PPI_Hub_Proteins,IKBKE,3/454,0.310183668449233,0.46970669793741,0,0,1.5598268907114043,1.8259188176864671,EEF1B2;RAB14;NFKB2
PPI_Hub_Proteins,231403,2/288,0.3519963034012073,0.5299944340984087,0,0,1.634032634032634,1.7061500191220265,EEF1B2;RAB14
PPI_Hub_Proteins,CLPB,1/132,0.4348691019791356,0.5820217779013684,0,0,1.776650202065559,1.4794347596036352,SRRM2
PPI_Hub_Proteins,OST1,1/132,0.4348691019791356,0.5820217779013684,0,0,1.776650202065559,1.4794347596036352,SSH1
PPI_Hub_Proteins,CHD3,1/132,0.4348691019791356,0.5820217779013684,0,0,1.776650202065559,1.4794347596036352,MTA1
PPI_Hub_Proteins,SMURF1,1/131,0.4324123886675401,0.5820217779013684,0,0,1.7904072398190043,1.5010336413104233,OXSR1
PPI_Hub_Proteins,HNRNPA1,1/130,0.4299451202867729,0.5820217779013684,0,0,1.80437756497948,1.523070962778997,SRRM2
PPI_Hub_Proteins,MCM2,1/129,0.4274672521090908,0.5820217779013684,0,0,1.8185661764705885,1.5455586516680218,EMD
PPI_Hub_Proteins,DNM1,1/129,0.4274672521090908,0.5820217779013684,0,0,1.8185661764705885,1.5455586516680218,PPP3CA
PPI_Hub_Proteins,IL7R,1/127,0.4224795359492009,0.5820217779013684,0,0,1.8476190476190475,1.5919349350699237,MAPK3
PPI_Hub_Proteins,CDH1,1/127,0.4224795359492009,0.5820217779013684,0,0,1.8476190476190475,1.5919349350699237,XRCC5
PPI_Hub_Proteins,MED19,1/127,0.4224795359492009,0.5820217779013684,0,0,1.8476190476190475,1.5919349350699237,DDX20
PPI_Hub_Proteins,CASP8,1/130,0.4299451202867729,0.5820217779013684,0,0,1.80437756497948,1.523070962778997,MAPK3
PPI_Hub_Proteins,KAT5,1/126,0.4199695974564232,0.5820217779013684,0,0,1.8624941176470589,1.6158495296629436,C1ORF174
PPI_Hub_Proteins,SEC27,1/126,0.4199695974564232,0.5820217779013684,0,0,1.8624941176470589,1.6158495296629436,LSP1
PPI_Hub_Proteins,HRR25,1/126,0.4199695974564232,0.5820217779013684,0,0,1.8624941176470589,1.6158495296629436,LSP1
PPI_Hub_Proteins,PIK3CA,1/125,0.417448878008937,0.5820217779013684,0,0,1.8776091081593929,1.6402665305040176,RPS6KB1
PPI_Hub_Proteins,ATN1,1/124,0.414917331782972,0.5820217779013684,0,0,1.8929698708751792,1.66520012460197,RPS6KA3
PPI_Hub_Proteins,RNR1,1/124,0.414917331782972,0.5820217779013684,0,0,1.8929698708751792,1.66520012460197,LSP1
PPI_Hub_Proteins,SDHA,1/127,0.4224795359492009,0.5820217779013684,0,0,1.8476190476190475,1.5919349350699237,SRRM2
PPI_Hub_Proteins,HIST1H3A,1/122,0.4098215751066792,0.5820217779013684,0,0,1.924453087019932,1.716676423946221,RPS6KA3
PPI_Hub_Proteins,HGS,1/122,0.4098215751066792,0.5820217779013684,0,0,1.924453087019932,1.716676423946221,GGA2
PPI_Hub_Proteins,HSPA5,1/121,0.4072572721420906,0.5820217779013684,0,0,1.9405882352941175,1.743250157166395,NFKB2
PPI_Hub_Proteins,ERG11,1/121,0.4072572721420906,0.5820217779013684,0,0,1.9405882352941175,1.743250157166395,SSH1
PPI_Hub_Proteins,DED1,1/133,0.4373153048926516,0.5823545517414708,0,0,1.763101604278075,1.4582627871632894,NOP2
PPI_Hub_Proteins,BMS1,1/134,0.4397510418557994,0.5826701304589341,0,0,1.7497567448031843,1.4375065753304217,NOP2
PPI_Hub_Proteins,SAC1,1/136,0.4445912947172885,0.586152701990455,0,0,1.7236601307189543,1.397198656643996,SSH1
PPI_Hub_Proteins,TSGA14,1/137,0.4469958985068555,0.5864055104174095,0,0,1.7108996539792387,1.377626427274088,EEFSEC
PPI_Hub_Proteins,ARX1,1/143,0.4612089470988867,0.5937048699306572,0,0,1.6381110190555097,1.2677408194346094,NOP2
PPI_Hub_Proteins,UBA1,1/144,0.4635424280342268,0.5937048699306572,0,0,1.6265734265734266,1.2506029502698812,RPS6KA3
PPI_Hub_Proteins,SMARCA4,1/144,0.4635424280342268,0.5937048699306572,0,0,1.6265734265734266,1.2506029502698812,NFKB2
PPI_Hub_Proteins,HSPA1A,1/145,0.4658659197562531,0.5937048699306572,0,0,1.6151960784313726,1.233779496508637,SRRM2
PPI_Hub_Proteins,ARF1,1/145,0.4658659197562531,0.5937048699306572,0,0,1.6151960784313726,1.233779496508637,GGA2
PPI_Hub_Proteins,EFT1,1/147,0.4704831044733509,0.5937048699306572,0,0,1.5929089443996778,1.2010457464252422,LSP1
PPI_Hub_Proteins,RUVBL1,1/147,0.4704831044733509,0.5937048699306572,0,0,1.5929089443996778,1.2010457464252422,NFKB2
PPI_Hub_Proteins,RPL27A,1/147,0.4704831044733509,0.5937048699306572,0,0,1.5929089443996778,1.2010457464252422,NOP2
PPI_Hub_Proteins,DBP5,1/149,0.4750608370792901,0.5966403878010041,0,0,1.5712241653418124,1.1694816374365784,LSP1
PPI_Hub_Proteins,CUL1,1/151,0.4795994508772219,0.5994993135965274,0,0,1.5501176470588236,1.1390326487530038,CHEK1
PPI_Hub_Proteins,BEM2,1/153,0.4840992761265066,0.6021793941585492,0,0,1.5295665634674922,1.1096474311683664,NOP2
PPI_Hub_Proteins,GLC7,1/154,0.4863347456024435,0.6021793941585492,0,0,1.5194925028835062,1.0953385017193231,NOP2
PPI_Hub_Proteins,SPF1,1/155,0.4885606405437286,0.6021793941585492,0,0,1.5095492742551566,1.0812775841638456,SSH1
PPI_Hub_Proteins,EIF1B,1/159,0.4973692836431487,0.6046002759882313,0,0,1.4710349962769915,1.0274039446201135,EEF1B2
PPI_Hub_Proteins,JAK2,1/159,0.4973692836431487,0.6046002759882313,0,0,1.4710349962769915,1.0274039446201135,MAPK3
PPI_Hub_Proteins,RRP5,1/159,0.4973692836431487,0.6046002759882313,0,0,1.4710349962769915,1.0274039446201135,NOP2
PPI_Hub_Proteins,RPL3,1/166,0.5124250401417375,0.6089355858186567,0,0,1.4081283422459894,0.9414757949953488,NOP2
PPI_Hub_Proteins,GC20,1/165,0.5103018265829375,0.6089355858186567,0,0,1.4167862266857962,0.9531470589603732,EEF1B2
PPI_Hub_Proteins,ARF6,1/163,0.5060279469201853,0.6089355858186567,0,0,1.4344226579520698,0.9770761862576652,SPAG9
PPI_Hub_Proteins,ALB,1/164,0.5081694751227666,0.6089355858186567,0,0,1.425550342836521,0.9650124405266453,RANBP2
PPI_Hub_Proteins,MEPCE,1/165,0.5103018265829375,0.6089355858186567,0,0,1.4167862266857962,0.9531470589603732,GTF2F1
PPI_Hub_Proteins,PTPN11,1/168,0.5166442082540363,0.6095995418560264,0,0,1.3911236350827756,0.9186991984796388,MAPK3
PPI_Hub_Proteins,GAP1,1/169,0.5187402396645594,0.6095995418560264,0,0,1.3827731092436977,0.9075859272131256,SSH1
PPI_Hub_Proteins,EPB41,1/172,0.5249745817383216,0.6095995418560264,0,0,1.3583075335397317,0.8753007547041342,EEF1B2
PPI_Hub_Proteins,PTPN6,1/173,0.5270349046767521,0.6095995418560264,0,0,1.3503419972640218,0.8648785201132445,DOK1
PPI_Hub_Proteins,TNFRSF1A,1/173,0.5270349046767521,0.6095995418560264,0,0,1.3503419972640218,0.8648785201132445,MAPK3
PPI_Hub_Proteins,RPS27A,1/173,0.5270349046767521,0.6095995418560264,0,0,1.3503419972640218,0.8648785201132445,NFKB2
PPI_Hub_Proteins,RPOB,1/174,0.529086394818438,0.6095995418560264,0,0,1.3424685481128869,0.8546202343921173,JUN
PPI_Hub_Proteins,CBL,1/180,0.5412119320340754,0.6129109486710682,0,0,1.2970752546828788,0.796332005411865,TLN1
PPI_Hub_Proteins,SCJ1,1/180,0.5412119320340754,0.6129109486710682,0,0,1.2970752546828788,0.796332005411865,LSP1
PPI_Hub_Proteins,URA2,2/415,0.5354975711143343,0.6129109486710682,0,0,1.124236135132019,0.7021517118230076,GGA2;NOP2
PPI_Hub_Proteins,TAF2,1/180,0.5412119320340754,0.6129109486710682,0,0,1.2970752546828788,0.796332005411865,RPS6KA3
PPI_Hub_Proteins,CDC19,1/183,0.5471584542986907,0.6161869614487598,0,0,1.2755009696186166,0.7691485637565747,LSP1
PPI_Hub_Proteins,PPP1CA,1/184,0.5491236492677792,0.6161869614487598,0,0,1.2684667309546769,0.7603590883556923,MAPK3
PPI_Hub_Proteins,EEF1A1,1/185,0.5510804145787023,0.6161869614487598,0,0,1.2615089514066495,0.7517010629763549,SRRM2
PPI_Hub_Proteins,SKP1,1/190,0.5607390420252832,0.6217399419945608,0,0,1.2278244631185808,0.7102960189990499,NFKB2
PPI_Hub_Proteins,PMP2,1/190,0.5607390420252832,0.6217399419945608,0,0,1.2278244631185808,0.7102960189990499,SSH1
PPI_Hub_Proteins,PRKCE,1/193,0.5664353269216259,0.6254390068092953,0,0,1.2084558823529412,0.6868771000746856,MAPK3
PPI_Hub_Proteins,RPL5,1/207,0.5920673158482584,0.6510283763476701,0,0,1.125528269560251,0.589928693564302,NOP2
PPI_Hub_Proteins,RPL4B,1/212,0.6008537673252351,0.6552520507867791,0,0,1.0985781990521326,0.5596197879679472,NOP2
PPI_Hub_Proteins,CAJ1,1/211,0.5991115723242046,0.6552520507867791,0,0,1.1038655462184874,0.5655185253510921,NOP2
PPI_Hub_Proteins,EWSR1,1/215,0.6060355771307744,0.6573601113590073,0,0,1.0830126443100605,0.542390695659147,MAPK3
PPI_Hub_Proteins,TGFBR1,1/216,0.6077480274828557,0.6573601113590073,0,0,1.077920656634747,0.536799001894175,OXSR1
PPI_Hub_Proteins,CCT4,1/218,0.6111508873353361,0.6583535981457888,0,0,1.0678774735700731,0.5258350405600146,LSP1
PPI_Hub_Proteins,JSN1,1/224,0.6211853724902195,0.6664539421453772,0,0,1.0388288050646268,0.4946131285244284,LSP1
PPI_Hub_Proteins,APP,1/247,0.657335072013908,0.7023943309826033,0,0,0.9406025824964132,0.3946405245414471,JUN
PPI_Hub_Proteins,SSA3,1/312,0.7420720888649703,0.788979776259316,0,0,0.7415547569510119,0.2212123732534196,GGA2
PPI_Hub_Proteins,VHL,1/314,0.7443205436408642,0.788979776259316,0,0,0.736741214057508,0.2175475233279669,RAB14
PPI_Hub_Proteins,SNCA,1/328,0.7595263758423647,0.8018903968056839,0,0,0.7046950890447923,0.1938335930232532,MAPK3
PPI_Hub_Proteins,TEF1,2/703,0.8101682893622206,0.8519626852420178,0,0,0.6525711568507574,0.1373749000464254,GGA2;NOP2
PPI_Hub_Proteins,HSP78,2/746,0.8358202689658155,0.8754639180867237,0,0,0.613479262672811,0.1100224005615732,NOP2;LSP1
PPI_Hub_Proteins,PSA1,1/434,0.8490494755953514,0.8858193347746776,0,0,0.5293030838201331,0.0866140023464331,GGA2
PPI_Hub_Proteins,HSC82,1/477,0.8751225843277741,0.908143901845868,0,0,0.480425111220959,0.0640845330509875,LSP1
PPI_Hub_Proteins,VMA2,1/491,0.8826095236244274,0.908143901845868,0,0,0.4663625450180072,0.0582358064354344,LSP1
PPI_Hub_Proteins,ECM10,1/492,0.8831269989212684,0.908143901845868,0,0,0.4653887624296154,0.0578414296974998,GGA2
PPI_Hub_Proteins,UBC7,1/494,0.8841551950046562,0.908143901845868,0,0,0.4634530485622241,0.057061577589741,LSP1
PPI_Hub_Proteins,SIS1,1/507,0.8906239216717802,0.911256136073443,0,0,0.4512438967681934,0.0522689461531963,LSP1
PPI_Hub_Proteins,TRAF6,1/550,0.9095803715737292,0.9270723017963008,0,0,0.414979106396657,0.0393283649979075,TPR
PPI_Hub_Proteins,SSB2,2/1156,0.9627809532628454,0.9775362169143832,0,0,0.3870595031773541,0.0146809176585035,DDI2;LSP1
PPI_Hub_Proteins,SSE1,3/1780,0.9855280098286971,0.99449060260036,0,0,0.3689106453953122,0.0053778800949189,GGA2;DDI2;LSP1
PPI_Hub_Proteins,SSA2,4/2163,0.9869850131467722,0.99449060260036,0,0,0.4011568137913894,0.0052553243160129,GGA2;DDI2;NOP2;LSP1
PPI_Hub_Proteins,SSA1,4/2314,0.992319290555755,0.9960780757472542,0,0,0.3717453278428888,0.0028662895644491,GGA2;DDI2;NOP2;LSP1
PPI_Hub_Proteins,SSB1,4/3026,0.9994753475261312,0.9994753475261312,0,0,0.2726671078755791,0.00014309301302435848,GGA2;DDI2;NOP2;LSP1
