Gene_set,Term,Overlap,P-value,Adjusted P-value,Old P-value,Old Adjusted P-value,Odds Ratio,Combined Score,Genes
GO_Cellular_Component_2023,Cytoskeleton (GO:0005856),15/599,3.5910402214393764e-08,4.057875450226495e-06,0,0,6.992813042639398,119.8724712575096,VASP;CENPV;PPP1R12A;AHNAK;DDX20;DTNBP1;LSP1;ADD3;ACACA;LIMA1;MYO1E;MAP7D3;PALLD;MICAL1;MAPK3
Reactome_2022,Nuclear Envelope Breakdown R-HSA-2980766,6/53,1.0339771503009579e-07,4.880372149420521e-05,0,0,31.70265957446809,509.9272286712014,RANBP2;NEK9;NUP50;TPR;NUP153;EMD
KEGG_2021_Human,mTOR signaling pathway,8/154,3.286238180061051e-07,5.257981088097682e-05,0,0,13.886898489638217,207.3085109341922,RPTOR;RPS6KA3;RPS6KB1;RPS6KA1;RPS6;TSC2;EIF4B;MAPK3
GO_Cellular_Component_2023,Actin Cytoskeleton (GO:0015629),10/327,1.4030989544519702e-06,7.927509092653632e-05,0,0,8.134235430848415,109.62368553925036,VASP;LIMA1;MYO1E;PPP1R12A;SH3PXD2A;AHNAK;PALLD;MICAL1;LSP1;ACACA
Reactome_2022,Mitotic Prophase R-HSA-68875,7/112,5.334223268703236e-07,8.392511276093093e-05,0,0,16.71645569620253,241.45168984483365,RANBP2;NEK9;NUP50;TPR;NUP153;EMD;MAPK3
Reactome_2022,Nuclear Pore Complex (NPC) Disassembly R-HSA-3301854,5/36,4.435617183150898e-07,8.392511276093093e-05,0,0,39.59179609717244,579.1657735557782,RANBP2;NEK9;NUP50;TPR;NUP153
Reactome_2022,MTOR Signaling R-HSA-165159,5/41,8.669795088033718e-07,0.00010230358203879788,0,0,34.084362139917694,475.7580647127432,RPTOR;RPS6KB1;RPS6;TSC2;EIF4B
Reactome_2022,Viral Messenger RNA Synthesis R-HSA-168325,5/47,1.739064073106916e-06,0.00016416764850129287,0,0,29.20634920634921,387.33937778391623,RANBP2;NUP50;TPR;NUP153;GTF2F1
Reactome_2022,Metabolism Of Non-Coding RNA R-HSA-194441,5/52,2.897242771144559e-06,0.00018704972027134875,0,0,26.092723929603363,332.72791955297555,RANBP2;NUP50;TPR;DDX20;NUP153
Reactome_2022,mTORC1-mediated Signaling R-HSA-166208,4/24,3.170334241887267e-06,0.00018704972027134875,0,0,48.5219512195122,614.3691056979761,RPTOR;RPS6KB1;RPS6;EIF4B
Reactome_2022,RSK Activation R-HSA-444257,3/7,2.6533266256284857e-06,0.00018704972027134875,0,0,179.90963855421683,2309.985133937731,RPS6KA3;RPS6KA1;MAPK3
Reactome_2022,HIV Life Cycle R-HSA-162587,7/149,3.632706435337533e-06,0.00019051527083103505,0,0,12.337671599215549,154.53590798466718,RANBP2;XRCC6;XRCC5;NUP50;TPR;NUP153;GTF2F1
Reactome_2022,Cellular Response To Heat Stress R-HSA-3371556,6/99,4.310647948917338e-06,0.00020346258318889836,0,0,15.984677419354838,197.48145563109597,RPTOR;RANBP2;NUP50;TPR;NUP153;MAPK3
Reactome_2022,HIV Infection R-HSA-162906,8/229,6.437127725706363e-06,0.00027621129877576395,0,0,9.139343311289013,109.2464833598347,RANBP2;XRCC6;PACS1;XRCC5;NUP50;TPR;NUP153;GTF2F1
Reactome_2022,Signal Transduction R-HSA-162582,26/2465,8.446394763521909e-06,0.000306669102183257,0,0,3.1047560475604756,36.26904873262733,ARHGAP5;ADD3;RPTOR;PPP3CA;RPS6KA3;PPP3CB;MTA1;SH3PXD2A;CHEK1;RPS6KA1;EMD;EIF4B;MAPK3;REPS1;RANBP2;JUN;PPP1R12A;JUND;RPS6;TSC2;ARAP1;CDC25C;GTF2F1;DOK1;RPS6KB1;TLN1
Reactome_2022,MAPK Targets/ Nuclear Events Mediated By MAP Kinases R-HSA-450282,4/30,8.017254432532232e-06,0.000306669102183257,0,0,37.313320825515945,437.8313175754628,RPS6KA3;JUN;RPS6KA1;MAPK3
Reactome_2022,Defective TPR May Confer Susceptibility Towards Thyroid Papillary Carcinoma (TPC) R-HSA-5619107,4/32,1.0451290588116016e-05,0.0003232969648196943,0,0,34.64459930313589,397.33146379561737,RANBP2;NUP50;TPR;NUP153
Reactome_2022,Infectious Disease R-HSA-5663205,15/961,1.3378444256474649e-05,0.0003232969648196943,0,0,4.236071822052824,47.53662943774351,RANBP2;JUN;XRCC6;XRCC5;RPS6;DDX20;NUP153;GTF2F1;NFKB2;MYO1E;MTA1;PACS1;NUP50;TPR;MAPK3
Reactome_2022,Transport Of SLBP Independent Mature mRNA R-HSA-159227,4/35,1.5068926326341684e-05,0.0003232969648196943,0,0,31.287175452399687,347.377622981429,RANBP2;NUP50;TPR;NUP153
Reactome_2022,Rev-mediated Nuclear Export Of HIV RNA R-HSA-165054,4/35,1.5068926326341684e-05,0.0003232969648196943,0,0,31.287175452399687,347.377622981429,RANBP2;NUP50;TPR;NUP153
Reactome_2022,Nuclear Import Of Rev Protein R-HSA-180746,4/34,1.339054841903709e-05,0.0003232969648196943,0,0,32.33170731707317,362.79284115053065,RANBP2;NUP50;TPR;NUP153
Reactome_2022,Vpr-mediated Nuclear Import Of PICs R-HSA-180910,4/35,1.5068926326341684e-05,0.0003232969648196943,0,0,31.287175452399687,347.377622981429,RANBP2;NUP50;TPR;NUP153
Reactome_2022,NEP/NS2 Interacts With Cellular Export Machinery R-HSA-168333,4/35,1.5068926326341684e-05,0.0003232969648196943,0,0,31.287175452399687,347.377622981429,RANBP2;NUP50;TPR;NUP153
Reactome_2022,SUMOylation Of SUMOylation Proteins R-HSA-4085377,4/35,1.5068926326341684e-05,0.0003232969648196943,0,0,31.287175452399687,347.377622981429,RANBP2;NUP50;TPR;NUP153
Reactome_2022,Transport Of Ribonucleoproteins Into Host Nucleus R-HSA-168271,4/35,1.5068926326341684e-05,0.0003232969648196943,0,0,31.287175452399687,347.377622981429,RANBP2;NUP50;TPR;NUP153
Reactome_2022,Export Of Viral Ribonucleoproteins From Nucleus R-HSA-168274,4/36,1.689711449646759e-05,0.00033230991843052925,0,0,30.307926829268293,333.0346439357679,RANBP2;NUP50;TPR;NUP153
Reactome_2022,Transport Of SLBP Dependant Mature mRNA R-HSA-159230,4/36,1.689711449646759e-05,0.00033230991843052925,0,0,30.307926829268293,333.0346439357679,RANBP2;NUP50;TPR;NUP153
Reactome_2022,ISG15 Antiviral Mechanism R-HSA-1169408,5/75,1.78054339204122e-05,0.0003361665924173823,0,0,17.499118165784832,191.37047649441817,RANBP2;NUP50;TPR;NUP153;MAPK3
GO_Cellular_Component_2023,Nuclear Inclusion Body (GO:0042405),3/10,9.012625072470629e-06,0.0003394755443963937,0,0,102.79001721170395,1194.0997245806711,RANBP2;TPR;NUP153
Reactome_2022,Interactions Of Rev With Host Cellular Proteins R-HSA-177243,4/37,1.8883311945580768e-05,0.00034280473993515855,0,0,29.3880266075388,319.6603831909474,RANBP2;NUP50;TPR;NUP153
Reactome_2022,Interactions Of Vpr With Host Cellular Proteins R-HSA-176033,4/38,2.103588591270646e-05,0.0003677384500295351,0,0,28.522238163558107,307.16398970814174,RANBP2;NUP50;TPR;NUP153
Reactome_2022,SUMOylation Of Ubiquitinylation Proteins R-HSA-3232142,4/39,2.3363368203867088e-05,0.0003938396354366166,0,0,27.705923344947735,295.4654204651171,RANBP2;NUP50;TPR;NUP153
Reactome_2022,Regulation Of HSF1-mediated Heat Shock Response R-HSA-3371453,5/81,2.590358403706279e-05,0.0004216031608790909,0,0,16.112735542560102,170.1686821369221,RANBP2;NUP50;TPR;NUP153;MAPK3
GO_Molecular_Function_2023,GTPase Activator Activity (GO:0005096),8/211,3.521890178940775e-06,0.0004261487116518338,0,0,9.958822786408993,125.04808509160816,RANBP2;JUN;TBC1D9B;TBC1D5;TSC2;RGPD8;ARAP1;ARHGAP5
Reactome_2022,Influenza Viral RNA Transcription And Replication R-HSA-168273,6/137,2.7760092244822514e-05,0.0004367587846518742,0,0,11.326145038167938,118.83290683926536,RANBP2;NUP50;RPS6;TPR;NUP153;GTF2F1
Reactome_2022,Antiviral Mechanism By IFN-stimulated Genes R-HSA-1169410,5/83,2.9156988288741944e-05,0.000443938660396329,0,0,15.698005698005698,163.93138410480688,RANBP2;NUP50;TPR;NUP153;MAPK3
Reactome_2022,NS1 Mediated Effects On Host Pathways R-HSA-168276,4/42,3.1482976229566716e-05,0.00045030196304107544,0,0,25.514762516046215,264.4876508623043,RANBP2;NUP50;TPR;NUP153
Reactome_2022,Transport Of Mature mRNA Derived From An Intronless Transcript R-HSA-159231,4/42,3.1482976229566716e-05,0.00045030196304107544,0,0,25.514762516046215,264.4876508623043,RANBP2;NUP50;TPR;NUP153
KEGG_2021_Human,C-type lectin receptor signaling pathway,6/104,5.738222155032437e-06,0.0004590577724025949,0,0,15.16530612244898,183.0203908522955,PPP3CA;PPP3CB;JUN;LSP1;MAPK3;NFKB2
Reactome_2022,Transport Of Mature mRNAs Derived From Intronless Transcripts R-HSA-159234,4/43,3.4598575925078274e-05,0.00048030964225402785,0,0,24.859287054409005,255.34708998783515,RANBP2;NUP50;TPR;NUP153
KEGG_2021_Human,Long-term potentiation,5/67,1.0235309955811112e-05,0.0005458831976432593,0,0,19.765033851055357,227.09365828734295,PPP3CA;RPS6KA3;PPP3CB;RPS6KA1;MAPK3
Reactome_2022,SUMOylation Of DNA Replication Proteins R-HSA-4615885,4/45,4.149895337302546e-05,0.0005596430283448004,0,0,23.64425936942296,238.56684954298797,RANBP2;NUP50;TPR;NUP153
KEGG_2021_Human,Oocyte meiosis,6/129,1.974647330691357e-05,0.0006318871458212342,0,0,12.067682926829267,130.72360550933467,PPP3CA;RPS6KA3;PPP3CB;RPS6KA1;CDC25C;MAPK3
KEGG_2021_Human,Osteoclast differentiation,6/127,1.8068702415042692e-05,0.0006318871458212342,0,0,12.268388429752068,133.98710958899076,PPP3CA;PPP3CB;JUN;JUND;MAPK3;NFKB2
Reactome_2022,Gastrin-CREB Signaling Pathway Via PKC And MAPK R-HSA-881907,3/17,4.997170394351769e-05,0.0006374768719281175,0,0,51.37693631669535,508.8399328239387,RPS6KA3;RPS6KA1;MAPK3
Reactome_2022,SUMOylation Of RNA Binding Proteins R-HSA-4570464,4/47,4.935523133318723e-05,0.0006374768719281175,0,0,22.54225751559841,223.53954809218396,RANBP2;NUP50;TPR;NUP153
KEGG_2021_Human,Human T-cell leukemia virus 1 infection,7/219,4.426731901572479e-05,0.0007082771042515966,0,0,8.234654884165273,82.55458811600208,PPP3CA;PPP3CB;JUN;CHEK1;TLN1;MAPK3;NFKB2
KEGG_2021_Human,Insulin signaling pathway,6/137,2.7760092244822514e-05,0.0007082771042515966,0,0,11.326145038167938,118.83290683926536,RPTOR;RPS6KB1;RPS6;TSC2;ACACA;MAPK3
KEGG_2021_Human,Human immunodeficiency virus 1 infection,7/212,3.6009482058926035e-05,0.0007082771042515966,0,0,8.518863846866317,87.16269999628442,PPP3CA;PPP3CB;JUN;RPS6KB1;CHEK1;CDC25C;MAPK3
KEGG_2021_Human,MAPK signaling pathway,8/294,3.897311505904257e-05,0.0007082771042515966,0,0,7.038909808140577,71.46350676550672,PPP3CA;RPS6KA3;PPP3CB;JUN;JUND;RPS6KA1;MAPK3;NFKB2
KEGG_2021_Human,PD-L1 expression and PD-1 checkpoint pathway in cancer,5/89,4.0849667720057205e-05,0.0007082771042515966,0,0,14.57231040564374,147.262113020828,PPP3CA;PPP3CB;JUN;RPS6KB1;MAPK3
Reactome_2022,MyD88 Cascade Initiated On Plasma Membrane R-HSA-975871,5/96,5.875510884759226e-05,0.0007209156809328192,0,0,13.44661511328178,130.99870543255602,RPS6KA3;JUN;RPS6KA1;MAPK3;NFKB2
Reactome_2022,Influenza Infection R-HSA-168255,6/157,5.956718550080498e-05,0.0007209156809328192,0,0,9.816059602649007,95.4946103309356,RANBP2;NUP50;RPS6;TPR;NUP153;GTF2F1
GO_Molecular_Function_2023,GTPase Regulator Activity (GO:0030695),10/424,1.388745598816397e-05,0.0008401910872839202,0,0,6.197559115179253,69.316752211215,EEF1B2;RANBP2;JUN;TBC1D9B;ARL2BP;TBC1D5;TSC2;RGPD8;ARAP1;ARHGAP5
Reactome_2022,TRAF6 Mediated Induction Of NFkB And MAP Kinases Upon TLR7/8 Or 9 Activation R-HSA-975138,5/101,7.486936165716315e-05,0.000881683455710052,0,0,12.743055555555555,121.05604345323474,RPS6KA3;JUN;RPS6KA1;MAPK3;NFKB2
Reactome_2022,MyD88 Dependent Cascade Initiated On Endosome R-HSA-975155,5/102,7.846434428481185e-05,0.000881683455710052,0,0,12.611047473590428,119.21054503134968,RPS6KA3;JUN;RPS6KA1;MAPK3;NFKB2
Reactome_2022,"Cell Cycle, Mitotic R-HSA-69278",10/523,8.186886032411331e-05,0.000881683455710052,0,0,4.976146506617421,46.82748855629586,RANBP2;NEK9;PPP1R12A;NUP50;TPR;NUP153;CDC25C;PDS5A;EMD;MAPK3
Reactome_2022,Toll Like Receptor 3 (TLR3) Cascade R-HSA-168164,5/103,8.219083061703876e-05,0.000881683455710052,0,0,12.481733434114387,117.4090113016731,RPS6KA3;JUN;RPS6KA1;MAPK3;NFKB2
Reactome_2022,Toll Like Receptor 7/8 (TLR7/8) Cascade R-HSA-168181,5/103,8.219083061703876e-05,0.000881683455710052,0,0,12.481733434114387,117.4090113016731,RPS6KA3;JUN;RPS6KA1;MAPK3;NFKB2
Reactome_2022,SUMO E3 Ligases SUMOylate Target Proteins R-HSA-3108232,6/168,8.667977464931067e-05,0.0009091745252105476,0,0,9.144444444444444,85.53064060494583,RANBP2;MTA1;NUP50;TPR;NUP153;NFKB2
GO_Biological_Process_2023,Protein Import Into Nucleus (GO:0006606),6/79,1.145154678790446e-06,0.0009310107538566326,0,0,20.38458904109589,278.8605836560644,RANBP2;NUP50;TPR;TSC2;RGPD8;NUP153
Reactome_2022,Signaling By ALK Fusions And Activated Point Mutants R-HSA-9725370,4/55,9.193603570658566e-05,0.000943343670728444,0,0,18.99856527977045,176.58059736007212,RANBP2;RPS6;TPR;MAPK3
Reactome_2022,Toll Like Receptor 9 (TLR9) Cascade R-HSA-168138,5/106,9.419231081309604e-05,0.0009459312915698156,0,0,12.109155359980443,112.25395303320276,RPS6KA3;JUN;RPS6KA1;MAPK3;NFKB2
Reactome_2022,MyD88-independent TLR4 Cascade R-HSA-166166,5/107,9.847801484849985e-05,0.0009683671460102484,0,0,11.989832970225129,110.61432907534522,RPS6KA3;JUN;RPS6KA1;MAPK3;NFKB2
Reactome_2022,tRNA Processing In Nucleus R-HSA-6784531,4/57,0.00010578650312599338,0.000979043715205272,0,0,18.27979751495628,167.33486806151086,RANBP2;NUP50;TPR;NUP153
Reactome_2022,SUMOylation R-HSA-2990846,6/174,0.00010515292026488472,0.000979043715205272,0,0,8.815178571428572,80.74787213218636,RANBP2;MTA1;NUP50;TPR;NUP153;NFKB2
Reactome_2022,SUMOylation Of Chromatin Organization Proteins R-HSA-4551638,4/57,0.00010578650312599338,0.000979043715205272,0,0,18.27979751495628,167.33486806151086,RANBP2;NUP50;TPR;NUP153
Reactome_2022,ERK/MAPK Targets R-HSA-198753,3/22,0.00011142616690554544,0.00099232359961165,0,0,37.84717818642993,344.49063111084905,RPS6KA3;RPS6KA1;MAPK3
Reactome_2022,Cell Cycle R-HSA-1640170,11/654,0.0001109362095190192,0.00099232359961165,0,0,4.395666148263349,40.02937646769845,RANBP2;NEK9;PPP1R12A;NUP50;CHEK1;TPR;NUP153;CDC25C;PDS5A;EMD;MAPK3
Reactome_2022,Disease R-HSA-1643685,19/1736,0.0001176952530087506,0.0010287436929653,0,0,3.0054416328375595,27.191468320921963,RANBP2;JUN;XRCC6;XRCC5;RPS6;DDX20;TSC2;NUP153;CDC25C;GTF2F1;ACACA;NFKB2;MYO1E;MTA1;PACS1;NUP50;TPR;TLN1;MAPK3
Reactome_2022,MyD88:MAL(TIRAP) Cascade Initiated On Plasma Membrane R-HSA-166058,5/112,0.0001222014077629418,0.0010487102629837,0,0,11.426675897080882,102.9525214632935,RPS6KA3;JUN;RPS6KA1;MAPK3;NFKB2
Reactome_2022,Regulation Of PTEN Gene Transcription R-HSA-8943724,4/61,0.0001379416223040335,0.0011422534338158,0,0,16.993581514762518,151.05050795324794,RPTOR;JUN;MTA1;MAPK3
Reactome_2022,Nuclear Events (Kinase And Transcription Factor Activation) R-HSA-198725,4/61,0.0001379416223040335,0.0011422534338158,0,0,16.993581514762518,151.05050795324794,RPS6KA3;JUND;RPS6KA1;MAPK3
Reactome_2022,MAP Kinase Activation R-HSA-450294,4/62,0.00014697389491119295,0.0011960634206566,0,0,16.699747687132042,147.3795413367738,RPS6KA3;JUN;RPS6KA1;MAPK3
Reactome_2022,SARS-CoV-2-host Interactions R-HSA-9705683,6/196,0.0002012446314367898,0.0016099570514943,0,0,7.78578947368421,66.26477104359438,RANBP2;NUP50;RPS6;TPR;DDX20;NUP153
Reactome_2022,CREB1 Phosphorylation Thru NMDA Receptor-Mediated Activation Of RAS Signaling R-HSA-442742,3/27,0.0002083763918890318,0.0016392276161937,0,0,29.954819277108435,253.90197687438877,RPS6KA3;RPS6KA1;MAPK3
Reactome_2022,Glycolysis R-HSA-70171,4/69,0.0002226201027372709,0.0016947852982579,0,0,14.896060037523451,125.27651757761912,RANBP2;NUP50;TPR;NUP153
Reactome_2022,Interleukin-17 Signaling R-HSA-448424,4/69,0.0002226201027372709,0.0016947852982579,0,0,14.896060037523451,125.27651757761912,RPS6KA3;JUN;RPS6KA1;MAPK3
Reactome_2022,M Phase R-HSA-68886,8/380,0.00023024303585025027,0.0017158543736196,0,0,5.387923904052936,45.13127178858909,RANBP2;NEK9;NUP50;TPR;NUP153;PDS5A;EMD;MAPK3
Reactome_2022,Recycling Pathway Of L1 R-HSA-437239,3/28,0.00023265822015182004,0.0017158543736196,0,0,28.755180722891566,240.56411798565404,RPS6KA3;KIF4A;RPS6KA1
Reactome_2022,Host Interactions Of HIV Factors R-HSA-162909,5/130,0.0002454468507048887,0.001782321746657,0,0,9.772345679012346,81.23194064581479,RANBP2;PACS1;NUP50;TPR;NUP153
Reactome_2022,Cellular Responses To Stress R-HSA-2262752,11/722,0.000261945029774198,0.0018733038492942,0,0,3.961237693389592,32.66981623212043,RPTOR;RANBP2;RPS6KA3;JUN;NUP50;RPS6KA1;RPS6;TPR;NUP153;TLN1;MAPK3
Reactome_2022,Transport Of Mature mRNA Derived From An Intron-Containing Transcript R-HSA-159236,4/74,0.000291505057462192,0.0020535878674948,0,0,13.82857142857143,112.57083857226326,RANBP2;NUP50;TPR;NUP153
Reactome_2022,Late Phase Of HIV Life Cycle R-HSA-162599,5/136,0.00030248177848483915,0.0020995794036006,0,0,9.321930072566206,75.54016263729424,RANBP2;NUP50;TPR;NUP153;GTF2F1
Reactome_2022,Cellular Responses To Stimuli R-HSA-8953897,11/736,0.0003086030532805526,0.0021110237847597,0,0,3.881912643678161,31.379265098120968,RPTOR;RANBP2;RPS6KA3;JUN;NUP50;RPS6KA1;RPS6;TPR;NUP153;TLN1;MAPK3
Reactome_2022,SUMOylation Of DNA Damage Response And Repair Proteins R-HSA-3108214,4/76,0.00032292103205551004,0.0021467426356366,0,0,13.44308943089431,108.05693408845488,RANBP2;NUP50;TPR;NUP153
Reactome_2022,Transcriptional Regulation By Small RNAs R-HSA-5578749,4/76,0.00032292103205551004,0.0021467426356366,0,0,13.44308943089431,108.05693408845488,RANBP2;NUP50;TPR;NUP153
KEGG_2021_Human,RNA transport,6/186,0.00015145024970509836,0.0022029127229832,0,0,8.2225,72.31897084904803,RANBP2;NUP50;TPR;DDX20;NUP153;EIF4B
KEGG_2021_Human,AMPK signaling pathway,5/120,0.0001689954624609183,0.0022532728328122,0,0,10.627482555018789,92.30647368634716,RPTOR;RAB14;RPS6KB1;TSC2;ACACA
Reactome_2022,Toll Like Receptor 4 (TLR4) Cascade R-HSA-166016,5/140,0.0003457404012732838,0.002266520408347,0,0,9.043895747599452,72.07824245892053,RPS6KA3;JUN;RPS6KA1;MAPK3;NFKB2
Reactome_2022,CREB Phosphorylation R-HSA-199920,2/7,0.0003784425253680802,0.0024469160544347,0,0,94.8047619047619,747.0090346838106,RPS6KA3;RPS6KA1
Reactome_2022,Axon Guidance R-HSA-422475,9/519,0.0003890617790774639,0.0024815832395211,0,0,4.447058823529412,34.91729378444657,VASP;RPS6KA3;DOK1;PPP3CB;KIF4A;RPS6KA1;RPS6;TLN1;MAPK3
Reactome_2022,Senescence-Associated Secretory Phenotype (SASP) R-HSA-2559582,4/81,0.0004119853016201623,0.0025927608315295,0,0,12.566993981628128,97.95372218458252,RPS6KA3;JUN;RPS6KA1;MAPK3
Reactome_2022,Signaling By Rho GTPases R-HSA-194315,10/644,0.0004374899461694612,0.0027170428235787,0,0,4.001328241739997,30.94810055886025,RANBP2;PPP1R12A;SH3PXD2A;ARAP1;ARHGAP5;CDC25C;ADD3;EMD;MAPK3;REPS1
Reactome_2022,Transport Of Mature Transcript To Cytoplasm R-HSA-72202,4/83,0.0004520851607794739,0.0027712233232196,0,0,12.247607286199443,94.32666202137996,RANBP2;NUP50;TPR;NUP153
KEGG_2021_Human,Focal adhesion,6/201,0.0002305661634969303,0.0028377373968852,0,0,7.5842307692307696,63.51772559234228,VASP;JUN;PPP1R12A;ARHGAP5;TLN1;MAPK3
Reactome_2022,2-LTR Circle Formation R-HSA-164843,2/8,0.0005031802927902886,0.0030448858743207,0,0,79.0,599.9703993521838,XRCC6;XRCC5
Reactome_2022,"Signaling By Rho GTPases, Miro GTPases And RHOBTB3 R-HSA-9716542",10/660,0.0005297554023043478,0.0031651208846538,0,0,3.899595141700405,29.415017251137527,RANBP2;PPP1R12A;SH3PXD2A;ARAP1;ARHGAP5;CDC25C;ADD3;EMD;MAPK3;REPS1
Reactome_2022,Nervous System Development R-HSA-9675108,9/545,0.0005536748959979598,0.0032666818863879,0,0,4.225673580151192,31.688042524135007,VASP;RPS6KA3;DOK1;PPP3CB;KIF4A;RPS6KA1;RPS6;TLN1;MAPK3
Reactome_2022,Metabolism Of RNA R-HSA-8953854,10/666,0.0005682852214702667,0.0033114891917773,0,0,3.862724646983312,28.86570524247225,SRRM2;RANBP2;NUP50;RPS6;NOP2;TPR;DDX20;NUP153;GTF2F1;EIF4B
Reactome_2022,Glucose Metabolism R-HSA-70326,4/89,0.0005890498868396639,0.0033906286169307,0,0,11.379626972740317,84.6302821590982,RANBP2;NUP50;TPR;NUP153
GO_Molecular_Function_2023,RNA Binding (GO:0003723),17/1411,9.07933338393933e-05,0.0033922328389468,0,0,3.273241428066455,30.46381146620678,SRRM2;JUN;XRCC6;AHNAK;STAU2;YTHDC1;XRCC5;RPS6;NOP2;DDX20;GTF2F1;GPATCH8;TPR;XIRP1;UBAP2L;EIF4B;AGFG1
GO_Molecular_Function_2023,Protein Serine/Threonine Kinase Activity (GO:0004674),8/342,0.00011213992856022602,0.0033922328389468,0,0,6.012590204206971,54.68909614086822,RPS6KA3;NEK9;RPS6KB1;STK17B;CHEK1;RPS6KA1;OXSR1;MAPK3
Reactome_2022,Processing Of Capped Intron-Containing Pre-mRNA R-HSA-72203,6/242,0.0006185611840844338,0.003517600950456,0,0,6.253601694915254,46.202325032280264,SRRM2;RANBP2;NUP50;TPR;NUP153;GTF2F1
Reactome_2022,Calcineurin Activates NFAT R-HSA-2025928,2/9,0.0006451389896168581,0.0035407628267343,0,0,67.71088435374149,497.4071883260797,PPP3CA;PPP3CB
Reactome_2022,PTK6 Regulates RTKs And Their Effectors AKT1 And DOK1 R-HSA-8849469,2/9,0.0006451389896168581,0.0035407628267343,0,0,67.71088435374149,497.4071883260797,DOK1;ARAP1
Reactome_2022,HCMV Late Events R-HSA-9610379,4/91,0.0006406029451737612,0.0035407628267343,0,0,11.11690496215307,81.74372191779786,RANBP2;NUP50;TPR;NUP153
Reactome_2022,Toll-like Receptor Cascades R-HSA-168898,5/162,0.0006729154189879708,0.0036507595145094,0,0,7.767948415506802,56.73624785087682,RPS6KA3;JUN;RPS6KA1;MAPK3;NFKB2
Reactome_2022,HCMV Early Events R-HSA-9609690,4/96,0.0007833705801089737,0.0042017149296754,0,0,10.510074231177096,75.16704920248702,RANBP2;NUP50;TPR;NUP153
Reactome_2022,Activation Of AP-1 Family Of Transcription Factors R-HSA-450341,2/10,0.000804171683586709,0.0042174337183658,0,0,59.24404761904762,422.1551782881061,JUN;MAPK3
Reactome_2022,Integration Of Provirus R-HSA-162592,2/10,0.000804171683586709,0.0042174337183658,0,0,59.24404761904762,422.1551782881061,XRCC6;XRCC5
Reactome_2022,Cytokine Signaling In Immune System R-HSA-1280215,10/702,0.0008515781955698092,0.004416977014384,0,0,3.65492850623669,25.834566935374287,RANBP2;RPS6KA3;JUN;NUP50;RPS6KA1;TPR;NUP153;STX3;MAPK3;NFKB2
Reactome_2022,SLC Transporter Disorders R-HSA-5619102,4/99,0.000879073573514395,0.0044615346956859,0,0,10.176636713735558,71.60934893597509,RANBP2;NUP50;TPR;NUP153
Reactome_2022,L1CAM Interactions R-HSA-373760,4/99,0.000879073573514395,0.0044615346956859,0,0,10.176636713735558,71.60934893597509,RPS6KA3;KIF4A;RPS6KA1;MAPK3
KEGG_2021_Human,B cell receptor signaling pathway,4/81,0.0004119853016201623,0.0047084034470875,0,0,12.566993981628128,97.95372218458252,PPP3CA;PPP3CB;JUN;MAPK3
Reactome_2022,CLEC7A (Dectin-1) Induces NFAT Activation R-HSA-5607763,2/11,0.0009801323593554442,0.0049215156767635,0,0,52.65873015873016,364.8103585138722,PPP3CA;PPP3CB
Reactome_2022,SARS-CoV Infections R-HSA-9679506,7/369,0.0010589347187707,0.005261233550103,0,0,4.785789216029093,32.78501006082402,RANBP2;MTA1;NUP50;RPS6;TPR;DDX20;NUP153
KEGG_2021_Human,Thermogenesis,6/232,0.0004954938338598777,0.005285267561172,0,0,6.5336283185840704,49.7206217285378,RPTOR;RPS6KA3;RPS6KB1;RPS6KA1;RPS6;TSC2
Reactome_2022,Membrane Trafficking R-HSA-199991,9/599,0.0010803863948119,0.0053118997744918,0,0,3.82821923838873,26.148408526365444,GGA2;MYO1E;RAB14;KIF4A;DTNBP1;TSC2;AP4B1;AGFG1;REPS1
Reactome_2022,tRNA Processing R-HSA-72306,4/105,0.0010947220462902,0.0053268949056595,0,0,9.569186186911374,65.23558033984769,RANBP2;NUP50;TPR;NUP153
KEGG_2021_Human,Oxytocin signaling pathway,5/154,0.0005348213577467962,0.0053377404795427,0,0,8.188333747617865,61.687449156483005,PPP3CA;PPP3CB;JUN;PPP1R12A;MAPK3
KEGG_2021_Human,Cellular senescence,5/156,0.0005671349259514207,0.0053377404795427,0,0,8.079061401357206,60.390283665174486,PPP3CA;PPP3CB;CHEK1;TSC2;MAPK3
Reactome_2022,Gene Expression (Transcription) R-HSA-74160,15/1449,0.0012165072094089,0.0057999131600103,0,0,2.722611821556957,18.2735483461903,RANBP2;JUN;ICE1;NOP2;TSC2;NUP153;CDC25C;GTF2F1;RPTOR;MYO1E;MTA1;NUP50;CHEK1;TPR;MAPK3
Reactome_2022,Gene Silencing By RNA R-HSA-211000,4/108,0.0012153741960279,0.0057999131600103,0,0,9.291744840525327,62.37272596882944,RANBP2;NUP50;TPR;NUP153
KEGG_2021_Human,Th1 and Th2 cell differentiation,4/92,0.0006675436036971185,0.0059337209217521,0,0,10.990022172949002,80.35800737331435,PPP3CA;PPP3CB;JUN;MAPK3
Reactome_2022,IRF3-mediated Induction Of Type I IFN R-HSA-3270619,2/13,0.0013822581525501,0.0063630294293836,0,0,43.08008658008658,283.64087430205655,XRCC6;XRCC5
Reactome_2022,Chk1/Chk2(Cds1) Mediated Inactivation Of Cyclin B:Cdk1 Complex R-HSA-75035,2/13,0.0013822581525501,0.0063630294293836,0,0,43.08008658008658,283.64087430205655,CHEK1;CDC25C
Reactome_2022,Immune System R-HSA-168256,18/1943,0.0013494330579099,0.0063630294293836,0,0,2.473659281894576,16.346115501237307,RANBP2;VASP;JUN;XRCC6;XRCC5;NUP153;NFKB2;PPP3CA;RPS6KA3;MYO1E;PPP3CB;RAB14;NUP50;KIF4A;RPS6KA1;TPR;STX3;MAPK3
Reactome_2022,SARS-CoV-2 Infection R-HSA-9694516,6/283,0.0013885424390392,0.0063630294293836,0,0,5.31687725631769,34.98239756073344,RANBP2;NUP50;RPS6;TPR;DDX20;NUP153
KEGG_2021_Human,cGMP-PKG signaling pathway,5/167,0.0007718162765208855,0.0064995054864916,0,0,7.526291723822588,53.9391567306419,VASP;PPP3CA;PPP3CB;PPP1R12A;MAPK3
GO_Molecular_Function_2023,Calcium-Dependent Protein Serine/Threonine Phosphatase Activity (GO:0004723),2/6,0.00027107354046006227,0.0065599796791335,0,0,118.51190476190476,973.352543459006,PPP3CA;PPP3CB
Reactome_2022,RHOD GTPase Cycle R-HSA-9013405,3/52,0.0014570647166265,0.006612832175459,0,0,14.65330710597492,95.70560386306668,ARHGAP5;ADD3;EMD
Reactome_2022,Signaling By NTRK1 (TRKA) R-HSA-187037,4/114,0.0014840985329868,0.0066713762625694,0,0,8.782261640798227,57.19841110157101,RPS6KA3;JUND;RPS6KA1;MAPK3
GO_Cellular_Component_2023,Cell-Substrate Junction (GO:0030055),8/395,0.0002987706695496523,0.0067522171318221,0,0,5.175114291393361,42.00036991898947,VASP;LIMA1;PPP1R12A;AHNAK;PALLD;XIRP1;TLN1;MAPK3
GO_Cellular_Component_2023,Focal Adhesion (GO:0005925),8/387,0.00026040571428350627,0.0067522171318221,0,0,5.286516473851566,43.63104625131413,VASP;LIMA1;PPP1R12A;AHNAK;PALLD;XIRP1;TLN1;MAPK3
KEGG_2021_Human,Choline metabolism in cancer,4/98,0.0008463052347529611,0.0067704418780236,0,0,10.2854177477945,72.76552975253627,JUN;RPS6KB1;TSC2;MAPK3
KEGG_2021_Human,Progesterone-mediated oocyte maturation,4/100,0.000912726692152766,0.0069541081306877,0,0,10.070121951219512,70.4815294668184,RPS6KA3;RPS6KA1;CDC25C;MAPK3
Reactome_2022,Vesicle-mediated Transport R-HSA-5653656,9/637,0.0016526771387237,0.007359090655449,0,0,3.589502853834064,22.992053683804915,GGA2;MYO1E;RAB14;KIF4A;DTNBP1;TSC2;AP4B1;AGFG1;REPS1
Reactome_2022,Interferon Signaling R-HSA-913531,5/200,0.0017199527409822,0.0075870812499402,0,0,6.2421652421652425,39.734243578842936,RANBP2;NUP50;TPR;NUP153;MAPK3
KEGG_2021_Human,T cell receptor signaling pathway,4/104,0.0010564487101375,0.0076832633464547,0,0,9.665365853658535,66.23522766774391,PPP3CA;PPP3CB;JUN;MAPK3
Reactome_2022,SARS-CoV-2 Activates/Modulates Innate And Adaptive Immune Responses R-HSA-9705671,4/121,0.0018469737701928,0.0079979047663398,0,0,8.253908692933082,51.95180804970236,RANBP2;NUP50;TPR;NUP153
Reactome_2022,HCMV Infection R-HSA-9609646,4/121,0.0018469737701928,0.0079979047663398,0,0,8.253908692933082,51.95180804970236,RANBP2;NUP50;TPR;NUP153
KEGG_2021_Human,Th17 cell differentiation,4/107,0.0011741717132939,0.0081681510490017,0,0,9.382429552450864,63.30505647679851,PPP3CA;PPP3CB;JUN;MAPK3
GO_Cellular_Component_2023,Nuclear Membrane (GO:0031965),6/227,0.00044160962610937776,0.0083169812917266,0,0,6.68314479638009,51.62785670712577,RANBP2;CENPV;NUP50;TPR;NUP153;EMD
Reactome_2022,STING Mediated Induction Of Host Immune Responses R-HSA-1834941,2/16,0.0021088085432045,0.0089671858774103,0,0,33.843537414965986,208.5314286270724,XRCC6;XRCC5
Reactome_2022,Early Phase Of HIV Life Cycle R-HSA-162594,2/16,0.0021088085432045,0.0089671858774103,0,0,33.843537414965986,208.5314286270724,XRCC6;XRCC5
KEGG_2021_Human,Non-homologous end-joining,2/13,0.0013822581525501,0.009215054350334,0,0,43.08008658008658,283.64087430205655,XRCC6;XRCC5
GO_Biological_Process_2023,Nuclear Transport (GO:0051169),4/39,2.3363368203867088e-05,0.0094972091748719,0,0,27.705923344947735,295.4654204651171,RANBP2;NUP50;TPR;NUP153
Reactome_2022,Post NMDA Receptor Activation Events R-HSA-438064,3/61,0.0023077831819962,0.0097256576955557,0,0,12.373909430826757,75.12779361835821,RPS6KA3;RPS6KA1;MAPK3
Reactome_2022,Diseases Of Signal Transduction By Growth Factor Receptors And Second Messengers R-HSA-5663202,7/424,0.0023356026279191,0.0097557915077683,0,0,4.142883161824971,25.10373976948646,RANBP2;RPS6;TPR;TSC2;GTF2F1;TLN1;MAPK3
Reactome_2022,Fc Epsilon Receptor (FCERI) Signaling R-HSA-2454202,4/130,0.0023984404304196,0.0099228983448786,0,0,7.660859465737515,46.21747925538107,PPP3CA;PPP3CB;JUN;MAPK3
Reactome_2022,TP53 Regulates Transcription Of DNA Repair Genes R-HSA-6796648,3/62,0.0024176553170784,0.0099228983448786,0,0,12.163569532366756,73.28498444166618,JUN;CHEK1;GTF2F1
GO_Molecular_Function_2023,Double-Stranded Telomeric DNA Binding (GO:0003691),2/8,0.0005031802927902886,0.0101474692379374,0,0,79.0,599.9703993521838,XRCC6;XRCC5
Reactome_2022,Signaling By NTRKs R-HSA-166520,4/132,0.0025348004420502,0.0102258616123736,0,0,7.540396341463414,45.07377754729315,RPS6KA3;JUND;RPS6KA1;MAPK3
Reactome_2022,Cytosolic Sensors Of Pathogen-Associated DNA R-HSA-1834949,3/63,0.0025307172466991,0.0102258616123736,0,0,11.96024096385542,71.51330091936674,XRCC6;XRCC5;NFKB2
KEGG_2021_Human,Neurotrophin signaling pathway,4/119,0.0017376332769122,0.0111208529722386,0,0,8.398303287380699,53.373159728469595,RPS6KA3;JUN;RPS6KA1;MAPK3
KEGG_2021_Human,Proteoglycans in cancer,5/205,0.001916114362853,0.0117914730021723,0,0,6.084567901234568,38.073915390888544,PPP1R12A;RPS6KB1;RPS6;EIF4B;MAPK3
Reactome_2022,Nuclear Events Stimulated By ALK Signaling In Cancer R-HSA-9725371,2/19,0.0029800022502311,0.0119200090009246,0,0,27.866946778711483,162.06945917517382,RPS6;MAPK3
KEGG_2021_Human,Platelet activation,4/124,0.002019798619544,0.0119691770047053,0,0,8.046341463414635,49.925597267769746,VASP;PPP1R12A;TLN1;MAPK3
KEGG_2021_Human,VEGF signaling pathway,3/59,0.002097481224211,0.0119856069954916,0,0,12.817125645438898,79.04344547589636,PPP3CA;PPP3CB;MAPK3
Reactome_2022,PTEN Regulation R-HSA-6807070,4/139,0.0030539745616763,0.0121132436395901,0,0,7.146883468834688,41.38982771990103,RPTOR;JUN;MTA1;MAPK3
Reactome_2022,Deregulated CDK5 Triggers Neurodegenerative Pathways In Alzheimers Disease Models R-HSA-8862803,2/21,0.0036393011944989,0.0143145846983627,0,0,24.93107769423559,140.0120247223521,JUN;CDC25C
KEGG_2021_Human,Autophagy,4/137,0.0028988421235812,0.0149617657991289,0,0,7.2550889418668625,42.39470514476018,RPTOR;RPS6KB1;TSC2;MAPK3
KEGG_2021_Human,Human cytomegalovirus infection,5/225,0.0028674312134753,0.0149617657991289,0,0,5.52581369248036,32.34998493547427,PPP3CA;PPP3CB;RPS6KB1;TSC2;MAPK3
KEGG_2021_Human,Yersinia infection,4/137,0.0028988421235812,0.0149617657991289,0,0,7.2550889418668625,42.39470514476018,RPS6KA3;JUN;RPS6KA1;MAPK3
Reactome_2022,CDC42 GTPase Cycle R-HSA-9013148,4/149,0.0039153224415188,0.015272993325594,0,0,6.65063078216989,36.86349932513043,SH3PXD2A;ARAP1;ARHGAP5;REPS1
Reactome_2022,Activation Of NMDA Receptors And Postsynaptic Events R-HSA-442755,3/74,0.0039934101110484,0.0154499145279907,0,0,10.101646020702528,55.79249961460479,RPS6KA3;RPS6KA1;MAPK3
GO_Biological_Process_2023,Intracellular Protein Transport (GO:0006886),8/325,7.876704784534074e-05,0.0160094024745655,0,0,6.340532233276713,59.911789399178986,GGA2;RAB14;NUP50;TPR;TSC2;NUP153;STX3;AP4B1
GO_Biological_Process_2023,Nucleocytoplasmic Transport (GO:0006913),4/50,6.310381984044947e-05,0.0160094024745655,0,0,21.068928950159066,203.75190754771063,RANBP2;NUP50;TPR;NUP153
Reactome_2022,Transcriptional Regulation By TP53 R-HSA-3700989,6/354,0.0042253019566362,0.0162141668579862,0,0,4.216810344827586,23.051887633312745,RPTOR;JUN;CHEK1;TSC2;CDC25C;GTF2F1
KEGG_2021_Human,Amphetamine addiction,3/69,0.0032777744338807,0.0163888721694035,0,0,10.869660460021906,62.18087759567566,PPP3CA;PPP3CB;JUN
KEGG_2021_Human,Breast cancer,4/147,0.0037313096500171,0.0175591042353746,0,0,6.744328841889818,37.707515539564184,JUN;RPS6KB1;MAPK3;NFKB2
KEGG_2021_Human,Chemical carcinogenesis,5/239,0.0037106845059823,0.0175591042353746,0,0,5.191516302627414,29.05452302288924,RPS6KA3;JUN;RPS6KB1;RPS6KA1;MAPK3
Reactome_2022,Innate Immune System R-HSA-168249,11/1035,0.0047259018230419,0.0177684433516749,0,0,2.7055989583333333,14.487662285104207,PPP3CA;RPS6KA3;MYO1E;PPP3CB;JUN;XRCC6;RAB14;XRCC5;RPS6KA1;MAPK3;NFKB2
Reactome_2022,DARPP-32 Events R-HSA-180024,2/24,0.0047432708947267,0.0177684433516749,0,0,21.528138528138527,115.19767892114508,PPP3CA;PPP3CB
Reactome_2022,Defective Intrinsic Pathway For Apoptosis R-HSA-9734009,2/24,0.0047432708947267,0.0177684433516749,0,0,21.528138528138527,115.19767892114508,JUN;CDC25C
KEGG_2021_Human,PI3K-Akt signaling pathway,6/354,0.0042253019566362,0.0187791198072722,0,0,4.216810344827586,23.051887633312745,RPTOR;RPS6KB1;RPS6;TSC2;EIF4B;MAPK3
KEGG_2021_Human,Shigellosis,5/246,0.0041931558715938,0.0187791198072722,0,0,5.038932431740177,27.584636061032743,RPTOR;JUN;RPS6KB1;TLN1;MAPK3
Reactome_2022,Cellular Senescence R-HSA-2559583,4/165,0.0056132359136953,0.0208617901674345,0,0,5.9848507801848205,31.017254714684512,RPS6KA3;JUN;RPS6KA1;MAPK3
KEGG_2021_Human,Amyotrophic lateral sclerosis,6/364,0.0048333096369583,0.02090079843009,0,0,4.096927374301676,21.845733737888033,RANBP2;PPP3CA;PPP3CB;NUP50;TPR;NUP153
Reactome_2022,PIP3 Activates AKT Signaling R-HSA-1257604,5/268,0.0060010563473191,0.0221288952807394,0,0,4.6122611838708165,23.59549693669166,RPTOR;JUN;MTA1;TSC2;MAPK3
Reactome_2022,Developmental Biology R-HSA-1266738,11/1073,0.0061652620555561,0.0225581681412596,0,0,2.6035404896421848,13.248960985257348,SPAG9;VASP;RPS6KA3;DOK1;PPP3CB;JUN;KIF4A;RPS6KA1;RPS6;TLN1;MAPK3
GO_Molecular_Function_2023,Translation Elongation Factor Activity (GO:0003746),2/14,0.0016081357833763,0.0226211515367909,0,0,39.48809523809524,254.01426742111903,EEFSEC;EEF1B2
GO_Molecular_Function_2023,Protein Kinase Binding (GO:0019901),8/511,0.0015939642976902,0.0226211515367909,0,0,3.957995616047306,25.495551841770048,RPTOR;SPAG9;NEK9;PPP1R12A;RPS6;TPR;OXSR1;CDC25C
GO_Molecular_Function_2023,Small GTPase Binding (GO:0031267),5/199,0.0016825649903398,0.0226211515367909,0,0,6.27465953926435,40.07898541279808,GGA2;RANBP2;PEX5L;TSC2;RGPD8
Reactome_2022,FCERI Mediated Ca+2 Mobilization R-HSA-2871809,2/29,0.0068810180544998,0.0244510427462881,0,0,17.537037037037038,87.31670862414636,PPP3CA;PPP3CB
Reactome_2022,FCERI Mediated MAPK Activation R-HSA-2871796,2/29,0.0068810180544998,0.0244510427462881,0,0,17.537037037037038,87.31670862414636,JUN;MAPK3
Reactome_2022,Selenocysteine Synthesis R-HSA-2408557,3/90,0.00688980653656,0.0244510427462881,0,0,8.237224761113419,41.00253479070316,EEFSEC;RPS6;SEPHS2
Reactome_2022,Energy Dependent Regulation Of mTOR By LKB1-AMPK R-HSA-380972,2/29,0.0068810180544998,0.0244510427462881,0,0,17.537037037037038,87.31670862414636,RPTOR;TSC2
Reactome_2022,Disorders Of Transmembrane Transporters R-HSA-5619115,4/176,0.0070292303317168,0.024759676989331,0,0,5.598979013045945,27.757935425659227,RANBP2;NUP50;TPR;NUP153
KEGG_2021_Human,ErbB signaling pathway,3/85,0.0058821747888027,0.0247670517423274,0,0,8.741698501322363,44.895866254502664,JUN;RPS6KB1;MAPK3
KEGG_2021_Human,Colorectal cancer,3/86,0.0060760848843149,0.0249275277305226,0,0,8.635941355784585,44.072617551186,JUN;RPS6KB1;MAPK3
GO_Molecular_Function_2023,SH3 Domain Binding (GO:0017124),3/59,0.002097481224211,0.0253795228129535,0,0,12.817125645438898,79.04344547589636,VASP;MICAL1;REPS1
Reactome_2022,RAC1 GTPase Cycle R-HSA-9013149,4/178,0.0073097750677212,0.0255571394960328,0,0,5.534062237174096,27.21952183960221,ARAP1;ARHGAP5;EMD;REPS1
GO_Cellular_Component_2023,Intracellular Non-Membrane-Bounded Organelle (GO:0043232),13/1195,0.0017186758163372,0.0262823844351683,0,0,2.822195952993533,17.966667146547064,XRCC6;PPP1R12A;XRCC5;RPS6;NOP2;DDX20;NUP153;ADD3;PDS5A;RPS6KA3;MYO1E;SH3PXD2A;MAPK3
GO_Cellular_Component_2023,Intracellular Membrane-Bounded Organelle (GO:0043231),35/5175,0.0018606997830207,0.0262823844351683,0,0,1.9725719081406885,12.401170269001913,AHNAK;YTHDC1;DDX20;PDS5A;GPATCH8;EEF1B2;FYCO1;MTA1;CHEK1;TPR;UBAP2L;CIC;AGFG1;MAPK3;REPS1;SRRM2;RANBP2;CENPV;JUN;XRCC6;JUND;XRCC5;RPS6;DTNBP1;TSC2;IRF2BP2;ARAP1;OXSR1;CDC25C;GTF2F1;NFKB2;RAB14;PALLD;TBC1D5;STK17B
GO_Biological_Process_2023,Import Into Nucleus (GO:0051170),4/74,0.000291505057462192,0.0296242014645952,0,0,13.82857142857143,112.57083857226326,NUP50;TPR;TSC2;NUP153
GO_Biological_Process_2023,TOR Signaling (GO:0031929),3/29,0.0002586992273118375,0.0296242014645952,0,0,27.647822057460612,228.36670973040953,RPTOR;RPS6KB1;RPS6
GO_Biological_Process_2023,Positive Regulation Of DNA-templated Transcription (GO:0045893),15/1243,0.00024614826371604706,0.0296242014645952,0,0,3.214777262926091,26.71343761458285,JUN;XRCC6;PPP1R12A;JUND;ICE1;OXSR1;GTF2F1;NFKB2;RPTOR;PPP3CA;RPS6KA3;PPP3CB;MTA1;RPS6KA1;MAPK3
GO_Biological_Process_2023,Protein Localization To Nucleus (GO:0034504),5/122,0.00018258264279526448,0.0296242014645952,0,0,10.444761000316555,89.91171602361122,ARL2BP;NUP50;TPR;TSC2;NUP153
GO_Molecular_Function_2023,GTPase Binding (GO:0051020),5/225,0.0028674312134753,0.0300483560231642,0,0,5.52581369248036,32.34998493547427,GGA2;RANBP2;PEX5L;TSC2;RGPD8
GO_Molecular_Function_2023,Cysteine-Type Endopeptidase Inhibitor Activity Involved In Apoptotic Process (GO:0043027),2/19,0.0029800022502311,0.0300483560231642,0,0,27.866946778711483,162.06945917517382,RPS6KA3;RPS6KA1
KEGG_2021_Human,Axon guidance,4/182,0.0078928561719016,0.0300680235120061,0,0,5.4086050972869275,26.18736907358684,PPP3CA;PPP3CB;MAPK3;SSH1
KEGG_2021_Human,IL-17 signaling pathway,3/94,0.0077653156697834,0.0300680235120061,0,0,7.873560174764994,38.250449543217194,JUN;JUND;MAPK3
KEGG_2021_Human,Tuberculosis,4/180,0.0075976245245153,0.0300680235120061,0,0,5.470620842572062,26.69619010968247,PPP3CA;PPP3CB;LSP1;MAPK3
Reactome_2022,ESR-mediated Signaling R-HSA-8939211,4/188,0.0088236014156968,0.0304898418602174,0,0,5.230646871686108,24.742660544828183,JUN;JUND;GTF2F1;MAPK3
Reactome_2022,Signaling By High-Kinase Activity BRAF Mutants R-HSA-6802948,2/33,0.0088498057941732,0.0304898418602174,0,0,15.271121351766514,72.19208463506538,TLN1;MAPK3
Reactome_2022,CLEC7A (Dectin-1) Signaling R-HSA-5607764,3/99,0.0089481842580778,0.0306053838392228,0,0,7.461596385542169,35.19116168083113,PPP3CA;PPP3CB;NFKB2
KEGG_2021_Human,Fc gamma R-mediated phagocytosis,3/97,0.0084631329581964,0.0314907272863123,0,0,7.621122789028454,36.36827115041379,VASP;RPS6KB1;MAPK3
GO_Biological_Process_2023,Regulation Of DNA-templated Transcription In Response To Stress (GO:0043620),2/7,0.0003784425253680802,0.0341859747915832,0,0,94.8047619047619,747.0090346838106,RPS6KA3;RPS6KA1
KEGG_2021_Human,Longevity regulating pathway,3/102,0.0097057997603937,0.0345095102591776,0,0,7.234392113910186,33.531636479489684,RPTOR;RPS6KB1;TSC2
KEGG_2021_Human,Kaposi sarcoma-associated herpesvirus infection,4/193,0.0096519371955459,0.0345095102591776,0,0,5.090979481223384,23.625182265331276,PPP3CA;PPP3CB;JUN;MAPK3
Reactome_2022,Intracellular Signaling By Second Messengers R-HSA-9006925,5/306,0.0103142312971006,0.035023864548428,0,0,4.022189409786309,18.398422110756556,RPTOR;JUN;MTA1;TSC2;MAPK3
Reactome_2022,Activation Of ATR In Response To Replication Stress R-HSA-176187,2/36,0.0104718711803138,0.0353051656936294,0,0,13.92156862745098,63.469302191660454,CHEK1;CDC25C
Reactome_2022,MAP2K And MAPK Activation R-HSA-5674135,2/37,0.0110396012875242,0.0369552610475989,0,0,13.52312925170068,60.938822348351906,TLN1;MAPK3
KEGG_2021_Human,Insulin resistance,3/108,0.0113304125860379,0.0371695792826514,0,0,6.818932874354561,30.550624857192116,RPS6KA3;RPS6KB1;RPS6KA1
KEGG_2021_Human,Viral carcinogenesis,4/203,0.0114569694313386,0.0371695792826514,0,0,4.832700085794828,21.59809565990853,JUN;CHEK1;MAPK3;NFKB2
KEGG_2021_Human,HIF-1 signaling pathway,3/109,0.0116154935258285,0.0371695792826514,0,0,6.754262332348261,30.093044568402444,RPS6KB1;RPS6;MAPK3
KEGG_2021_Human,Thyroid cancer,2/37,0.0110396012875242,0.0371695792826514,0,0,13.52312925170068,60.938822348351906,TPR;MAPK3
KEGG_2021_Human,Glucagon signaling pathway,3/107,0.0110494385701844,0.0371695792826514,0,0,6.884847080630213,31.01882246290386,PPP3CA;PPP3CB;ACACA
GO_Biological_Process_2023,Establishment Of Protein Localization To Organelle (GO:0072594),4/85,0.0004948941592437473,0.0371895980035004,0,0,11.943992773261066,90.90771931997406,NUP50;TPR;TSC2;NUP153
GO_Biological_Process_2023,Positive Regulation Of Calcium Ion Import Across Plasma Membrane (GO:1905665),2/8,0.0005031802927902886,0.0371895980035004,0,0,79.0,599.9703993521838,PPP3CA;PPP3CB
Reactome_2022,Signaling By RAF1 Mutants R-HSA-9656223,2/38,0.0116206465259277,0.0386263743678725,0,0,13.146825396825395,58.56873758614498,TLN1;MAPK3
Reactome_2022,RHO GTPase Cycle R-HSA-9012999,6/441,0.0118687325582968,0.0391751172553573,0,0,3.358448275862069,14.890848677185437,SH3PXD2A;ARAP1;ARHGAP5;ADD3;EMD;REPS1
GO_Molecular_Function_2023,Cyclosporin A Binding (GO:0016018),2/23,0.0043601250395398,0.0405827022911015,0,0,22.55442176870748,122.5890233884933,RANBP2;PPP3CA
KEGG_2021_Human,Glutamatergic synapse,3/114,0.01310283631237,0.0411069374505727,0,0,6.448388147183328,27.953289047226384,PPP3CA;PPP3CB;MAPK3
KEGG_2021_Human,Lipid and atherosclerosis,4/215,0.0138937548277545,0.0427500148546295,0,0,4.555080337533233,19.478962166955977,PPP3CA;PPP3CB;JUN;MAPK3
Reactome_2022,Selenoamino Acid Metabolism R-HSA-2408522,3/114,0.01310283631237,0.0429481856905462,0,0,6.448388147183328,27.953289047226384,EEFSEC;RPS6;SEPHS2
Reactome_2022,Signaling By Interleukins R-HSA-449147,6/453,0.0134025873662673,0.043457798522009,0,0,3.266275167785235,14.08518291495832,RPS6KA3;JUN;RPS6KA1;STX3;MAPK3;NFKB2
Reactome_2022,Paradoxical Activation Of RAF Signaling By Kinase Inactive BRAF R-HSA-6802955,2/41,0.0134424546275705,0.043457798522009,0,0,12.133699633699631,52.28820471678212,TLN1;MAPK3
GO_Biological_Process_2023,Regulation Of Calcium Ion Import Across Plasma Membrane (GO:1905664),2/10,0.000804171683586709,0.0435861052503996,0,0,59.24404761904762,422.1551782881061,PPP3CA;PPP3CB
GO_Biological_Process_2023,Nuclear Pore Complex Assembly (GO:0051292),2/10,0.000804171683586709,0.0435861052503996,0,0,59.24404761904762,422.1551782881061,TPR;NUP153
GO_Biological_Process_2023,calcineurin-NFAT Signaling Cascade (GO:0033173),2/10,0.000804171683586709,0.0435861052503996,0,0,59.24404761904762,422.1551782881061,PPP3CA;PPP3CB
GO_Biological_Process_2023,Positive Regulation Of Transcription By RNA Polymerase II (GO:0045944),12/938,0.00065810694900524,0.0435861052503996,0,0,3.32519992995155,24.360890534122507,PPP3CA;RPS6KA3;PPP3CB;JUN;XRCC6;PPP1R12A;JUND;RPS6KA1;OXSR1;GTF2F1;MAPK3;NFKB2
GO_Biological_Process_2023,Skeletal Muscle Fiber Development (GO:0048741),2/11,0.0009801323593554442,0.0442693115642208,0,0,52.65873015873016,364.8103585138722,PPP3CA;PPP3CB
GO_Biological_Process_2023,Calcineurin-Mediated Signaling (GO:0097720),2/11,0.0009801323593554442,0.0442693115642208,0,0,52.65873015873016,364.8103585138722,PPP3CA;PPP3CB
GO_Biological_Process_2023,Regulation Of RNA Export From Nucleus (GO:0046831),2/11,0.0009801323593554442,0.0442693115642208,0,0,52.65873015873016,364.8103585138722,TPR;NUP153
Reactome_2022,RHOF GTPase Cycle R-HSA-9035034,2/42,0.0140755458889694,0.0451949500652623,0,0,11.829761904761904,50.434017006992256,ADD3;ARHGAP5
GO_Biological_Process_2023,Positive Regulation Of Voltage-Gated Calcium Channel Activity (GO:1901387),2/12,0.0011728759140508,0.0453071858186668,0,0,47.39047619047619,319.8049846109137,PPP3CA;PPP3CB
GO_Biological_Process_2023,Negative Regulation Of Voltage-Gated Calcium Channel Activity (GO:1901386),2/12,0.0011728759140508,0.0453071858186668,0,0,47.39047619047619,319.8049846109137,PPP3CA;PPP3CB
GO_Biological_Process_2023,Positive Regulation Of Protein Export From Nucleus (GO:0046827),2/12,0.0011728759140508,0.0453071858186668,0,0,47.39047619047619,319.8049846109137,TPR;EMD
GO_Biological_Process_2023,Nuclear Export (GO:0051168),3/49,0.0012260247085002,0.0453071858186668,0,0,15.611314824515452,104.65791562941948,RANBP2;TPR;NUP153
Reactome_2022,Estrogen-dependent Gene Expression R-HSA-9018519,3/119,0.0146941872449481,0.0468625431055102,0,0,6.168882426256751,26.03455479244566,JUN;JUND;GTF2F1
GO_Molecular_Function_2023,Protein Serine/Threonine/Tyrosine Kinase Activity (GO:0004712),2/26,0.0055543621266744,0.0480055583805432,0,0,19.732142857142858,102.47240569174454,RPS6KB1;RPS6KA1
GO_Biological_Process_2023,Protein Phosphorylation (GO:0006468),8/500,0.0013895621192364,0.0491180001277919,0,0,4.048780487804878,26.635981858484115,RPS6KA3;PPP3CB;RPS6KB1;STK17B;CHEK1;RPS6KA1;OXSR1;MAPK3
Reactome_2022,Rab Regulation Of Trafficking R-HSA-9007101,3/122,0.015699300660242,0.0497320128297601,0,0,6.012453174040701,24.97656688666712,GGA2;RAB14;TSC2
GO_Biological_Process_2023,Myotube Cell Development (GO:0014904),2/14,0.0016081357833763,0.0502851689186514,0,0,39.48809523809524,254.01426742111903,PPP3CA;PPP3CB
GO_Biological_Process_2023,Negative Regulation Of Nucleocytoplasmic Transport (GO:0046823),2/14,0.0016081357833763,0.0502851689186514,0,0,39.48809523809524,254.01426742111903,TPR;NUP153
GO_Biological_Process_2023,Nuclear Pore Organization (GO:0006999),2/14,0.0016081357833763,0.0502851689186514,0,0,39.48809523809524,254.01426742111903,TPR;NUP153
Reactome_2022,TBC/RABGAPs R-HSA-8854214,2/45,0.0160506176078205,0.0505059434059419,0,0,11.002768549280177,45.46352711662799,GGA2;TSC2
GO_Biological_Process_2023,Renal Filtration (GO:0097205),2/15,0.0018503664133103,0.051874065311081,0,0,36.44871794871795,229.34887761330484,MYO1E;PPP3CA
GO_Biological_Process_2023,Regulation Of Protein Kinase Activity (GO:0045859),4/119,0.0017376332769122,0.051874065311081,0,0,8.398303287380699,53.373159728469595,XRCC6;XRCC5;DTNBP1;TSC2
GO_Biological_Process_2023,Positive Regulation Of Transcription By RNA Polymerase III (GO:0045945),2/15,0.0018503664133103,0.051874065311081,0,0,36.44871794871795,229.34887761330484,RPTOR;ICE1
GO_Biological_Process_2023,Vesicle-Mediated Transport (GO:0016192),7/411,0.0019608009340756,0.0529708476673966,0,0,4.279044993106906,26.67728773020552,SPAG9;MYO1E;RAB14;TSC2;STX3;AP4B1;REPS1
GO_Biological_Process_2023,Protein Dephosphorylation (GO:0006470),4/124,0.002019798619544,0.0529708476673966,0,0,8.046341463414635,49.925597267769746,PPP3CA;PPP3CB;PPP1R12A;SSH1
GO_Biological_Process_2023,Cellular Response To Gamma Radiation (GO:0071480),2/16,0.0021088085432045,0.0535769170507908,0,0,33.843537414965986,208.5314286270724,XRCC6;XRCC5
Reactome_2022,SARS-CoV-2 Modulates Host Translation Machinery R-HSA-9754678,2/47,0.0174293229560629,0.0544810624851769,0,0,10.512698412698413,42.572236778053906,RPS6;DDX20
KEGG_2021_Human,Natural killer cell mediated cytotoxicity,3/131,0.0189426834734008,0.0571854595423422,0,0,5.587161144578313,22.1605668690796,PPP3CA;PPP3CB;MAPK3
GO_Biological_Process_2023,NLS-bearing Protein Import Into Nucleus (GO:0006607),2/17,0.002383321563268,0.0576843292723319,0,0,31.585714285714285,190.75434557748488,RANBP2;RGPD8
GO_Biological_Process_2023,Phosphorylation (GO:0016310),7/429,0.0024936563180048,0.0576843292723319,0,0,4.092747015417841,24.531947075835443,RPTOR;PPP3CB;STK17B;CHEK1;RPS6KA1;OXSR1;MAPK3
GO_Biological_Process_2023,RNA Export From Nucleus (GO:0006405),3/65,0.0027665341491587,0.0576843292723319,0,0,11.573260785075789,68.16835718902398,YTHDC1;TPR;NUP153
GO_Biological_Process_2023,Regulation Of Translational Initiation (GO:0006446),3/65,0.0027665341491587,0.0576843292723319,0,0,11.573260785075789,68.16835718902398,RPS6KB1;TPR;EIF4B
GO_Biological_Process_2023,Regulation Of Lymphocyte Differentiation (GO:0045619),2/19,0.0029800022502311,0.0576843292723319,0,0,27.866946778711483,162.06945917517382,CD2;XRCC6
GO_Biological_Process_2023,Positive Regulation Of Calcineurin-Mediated Signaling (GO:0106058),2/19,0.0029800022502311,0.0576843292723319,0,0,27.866946778711483,162.06945917517382,PPP3CA;PPP3CB
GO_Biological_Process_2023,Positive Regulation Of calcineurin-NFAT Signaling Cascade (GO:0070886),2/19,0.0029800022502311,0.0576843292723319,0,0,27.866946778711483,162.06945917517382,PPP3CA;PPP3CB
GO_Biological_Process_2023,Inositol Phosphate-Mediated Signaling (GO:0048016),2/19,0.0029800022502311,0.0576843292723319,0,0,27.866946778711483,162.06945917517382,PPP3CA;PPP3CB
GO_Biological_Process_2023,Negative Regulation Of Calcium Ion Transmembrane Transport (GO:1903170),2/19,0.0029800022502311,0.0576843292723319,0,0,27.866946778711483,162.06945917517382,PPP3CA;PPP3CB
GO_Biological_Process_2023,Pore Complex Assembly (GO:0046931),2/19,0.0029800022502311,0.0576843292723319,0,0,27.866946778711483,162.06945917517382,TPR;NUP153
GO_Cellular_Component_2023,Clathrin-Coated Vesicle (GO:0030136),3/78,0.0046292283850392,0.058122534167715,0,0,9.560963855421686,51.39367124217311,GGA2;MYO1E;RAB14
GO_Molecular_Function_2023,General Transcription Initiation Factor Binding (GO:0140296),2/30,0.007352053041878,0.0593065612044827,0,0,16.90986394557823,83.07436833271562,JUN;GTF2F1
GO_Molecular_Function_2023,Actin Binding (GO:0003779),4/183,0.008043264209409,0.0608271855836561,0,0,5.378116909660717,25.93822912251744,LIMA1;MICAL1;EMD;SSH1
Reactome_2022,Signaling By Receptor Tyrosine Kinases R-HSA-9006934,6/496,0.0200401371904849,0.0622298996967691,0,0,2.973061224489796,11.624723369497897,RPS6KA3;JUND;CHEK1;RPS6KA1;GTF2F1;MAPK3
Reactome_2022,Translocation Of SLC2A4 (GLUT4) To Plasma Membrane R-HSA-1445148,2/51,0.0203313528196392,0.0623142761744788,0,0,9.652575315840622,37.60248659414546,MYO1E;RAB14
Reactome_2022,Nonhomologous End-Joining (NHEJ) R-HSA-5693571,2/51,0.0203313528196392,0.0623142761744788,0,0,9.652575315840622,37.60248659414546,XRCC6;XRCC5
GO_Molecular_Function_2023,Telomeric DNA Binding (GO:0042162),2/33,0.0088498057941732,0.0629897941820568,0,0,15.271121351766514,72.19208463506538,XRCC6;XRCC5
KEGG_2021_Human,Apelin signaling pathway,3/137,0.0212959777674159,0.063099193384936,0,0,5.335371336090631,20.53710908272721,RPS6KB1;RPS6;MAPK3
GO_Cellular_Component_2023,Nucleus (GO:0005634),30/4487,0.0056449953129246,0.0637884470360488,0,0,1.8578720471809993,9.61817741397218,AHNAK;YTHDC1;DDX20;PDS5A;GPATCH8;EEF1B2;MTA1;CHEK1;TPR;UBAP2L;CIC;MAPK3;SRRM2;RANBP2;CENPV;JUN;XRCC6;JUND;XRCC5;RPS6;DTNBP1;TSC2;IRF2BP2;NUP153;OXSR1;CDC25C;GTF2F1;NFKB2;PALLD;STK17B
Reactome_2022,Signaling By Non-Receptor Tyrosine Kinases R-HSA-9006927,2/52,0.0210863262216803,0.064211264365375,0,0,9.459047619047618,36.503699119744766,DOK1;ARAP1
Reactome_2022,TFAP2A Acts As A Transcriptional Repressor During Retinoic Acid Induced Cell Differentiation R-HSA-8869496,1/5,0.0213178505521487,0.0645001632090652,0,0,58.55882352941177,225.34667975778615,NOP2
GO_Biological_Process_2023,protein-RNA Complex Assembly (GO:0022618),4/150,0.0040095954520207,0.0646334893184729,0,0,6.60474440360842,36.4520131932931,YTHDC1;XRCC5;NOP2;DDX20
GO_Biological_Process_2023,Response To Cadmium Ion (GO:0046686),2/21,0.0036393011944989,0.0646334893184729,0,0,24.93107769423559,140.0120247223521,JUN;MAPK3
GO_Biological_Process_2023,Protein Modification Process (GO:0036211),9/711,0.0034566945382379,0.0646334893184729,0,0,3.1988011988011986,18.12902180653709,PPP3CA;PPP3CB;PPP1R12A;STK17B;CHEK1;RPS6KA1;OXSR1;MAPK3;SSH1
GO_Biological_Process_2023,Protein Localization (GO:0008104),6/351,0.0040544993299411,0.0646334893184729,0,0,4.254130434782609,23.431444430257095,GGA2;PEX5L;RAB14;TSC2;STX3;AP4B1
GO_Biological_Process_2023,Response To Gamma Radiation (GO:0010332),2/22,0.0039920902998701,0.0646334893184729,0,0,23.683333333333337,130.81347778542192,XRCC6;XRCC5
GO_Biological_Process_2023,Positive Regulation Of Cellular Process (GO:0048522),8/594,0.0040188697075191,0.0646334893184729,0,0,3.3828651439572943,18.662436787172243,RPTOR;PPP3CA;RPS6KA3;CHEK1;RPS6KA1;RPS6;NOP2;STX3
GO_Biological_Process_2023,Regulation Of Protein Export From Nucleus (GO:0046825),2/22,0.0039920902998701,0.0646334893184729,0,0,23.683333333333337,130.81347778542192,TPR;EMD
GO_Biological_Process_2023,Dephosphorylation (GO:0016311),4/147,0.0037313096500171,0.0646334893184729,0,0,6.744328841889818,37.707515539564184,PPP3CA;PPP3CB;PPP1R12A;SSH1
GO_Biological_Process_2023,Cellular Response To Cadmium Ion (GO:0071276),2/22,0.0039920902998701,0.0646334893184729,0,0,23.683333333333337,130.81347778542192,JUN;MAPK3
KEGG_2021_Human,Salmonella infection,4/249,0.0225025144902521,0.0654618603352789,0,0,3.916177202588353,14.858478442360555,FYCO1;JUN;AHNAK;MAPK3
Reactome_2022,Leishmania Infection R-HSA-9658195,4/247,0.0219236450538328,0.0659105762127968,0,0,3.948810599217103,15.085204953577747,MYO1E;JUN;MAPK3;NFKB2
Reactome_2022,C-type Lectin Receptors (CLRs) R-HSA-5621481,3/141,0.0229500150878616,0.0685595387434853,0,0,5.179675222629649,19.550356176951517,PPP3CA;PPP3CB;NFKB2
Reactome_2022,Golgi Associated Vesicle Biogenesis R-HSA-432722,2/55,0.0234201753228278,0.0695240424677657,0,0,8.922282120395328,33.49565175775767,DTNBP1;AP4B1
GO_Cellular_Component_2023,Protein Serine/Threonine Phosphatase Complex (GO:0008287),2/29,0.0068810180544998,0.0706868218325895,0,0,17.537037037037038,87.31670862414636,PPP3CA;PPP3CB
GO_Biological_Process_2023,Regulation Of TOR Signaling (GO:0032006),3/78,0.0046292283850392,0.0723762053276328,0,0,9.560963855421686,51.39367124217311,RPTOR;RPS6KA1;TSC2
Reactome_2022,Translation Initiation Complex Formation R-HSA-72649,2/57,0.0250324151957849,0.0733869563503758,0,0,8.596969696969698,31.702045204893388,RPS6;EIF4B
Reactome_2022,Ribosomal Scanning And Start Codon Recognition R-HSA-72702,2/57,0.0250324151957849,0.0733869563503758,0,0,8.596969696969698,31.702045204893388,RPS6;EIF4B
Reactome_2022,Negative Feedback Regulation Of MAPK Pathway R-HSA-5674499,1/6,0.025527220063161,0.0739193120847362,0,0,46.84470588235294,171.82684693856828,MAPK3
Reactome_2022,Suppression Of Apoptosis R-HSA-9635465,1/6,0.025527220063161,0.0739193120847362,0,0,46.84470588235294,171.82684693856828,MAPK3
Reactome_2022,"mRNA Activation Upon Binding Of Cap-Binding Complex And eIFs, Subsequent Binding To 43S R-HSA-72662",2/58,0.025855110939157,0.0739612870501948,0,0,8.443027210884354,30.86134973425539,RPS6;EIF4B
Reactome_2022,Signaling By Nuclear Receptors R-HSA-9006931,4/260,0.025853206917887,0.0739612870501948,0,0,3.745807926829268,13.692128979731528,JUN;JUND;GTF2F1;MAPK3
Reactome_2022,DNA Double-Strand Break Repair R-HSA-5693532,3/149,0.0264625885929783,0.0752430229872638,0,0,4.893876877372504,17.774674819804833,XRCC6;XRCC5;CHEK1
GO_Biological_Process_2023,Negative Regulation Of Signaling (GO:0023057),2/28,0.0064243047806953,0.0768082321574312,0,0,18.21245421245421,91.93040155644884,PPP3CA;PPP3CB
GO_Biological_Process_2023,Cellular Response To Osmotic Stress (GO:0071470),2/28,0.0064243047806953,0.0768082321574312,0,0,18.21245421245421,91.93040155644884,RPTOR;OXSR1
GO_Biological_Process_2023,Negative Regulation Of Cytoskeleton Organization (GO:0051494),2/28,0.0064243047806953,0.0768082321574312,0,0,18.21245421245421,91.93040155644884,LIMA1;SSH1
GO_Biological_Process_2023,Negative Regulation Of Cation Channel Activity (GO:2001258),2/28,0.0064243047806953,0.0768082321574312,0,0,18.21245421245421,91.93040155644884,PPP3CA;PPP3CB
GO_Biological_Process_2023,Primary Neural Tube Formation (GO:0014020),2/28,0.0064243047806953,0.0768082321574312,0,0,18.21245421245421,91.93040155644884,VASP;TSC2
GO_Biological_Process_2023,Fatty Acid Derivative Biosynthetic Process (GO:1901570),2/28,0.0064243047806953,0.0768082321574312,0,0,18.21245421245421,91.93040155644884,PAM;ACACA
GO_Biological_Process_2023,DNA Damage Response (GO:0006974),6/384,0.0062396933012604,0.0768082321574312,0,0,3.876190476190476,19.67873780035083,RPTOR;XRCC5;CHEK1;BOD1L1;PDS5A;MAPK3
GO_Biological_Process_2023,Negative Regulation Of Binding (GO:0051100),3/86,0.0060760848843149,0.0768082321574312,0,0,8.635941355784585,44.072617551186,JUN;XIRP1;GTF2F1
GO_Biological_Process_2023,Positive Regulation Of Calcium Ion Transmembrane Transporter Activity (GO:1901021),2/27,0.0059820427012735,0.0768082321574312,0,0,18.94190476190476,96.96348130198568,PPP3CA;PPP3CB
GO_Biological_Process_2023,Regulation Of Cell Population Proliferation (GO:0042127),9/766,0.0056046000058258,0.0768082321574312,0,0,2.957899432139855,15.334246367082434,PPP3CA;JUN;XRCC6;JUND;XRCC5;RPS6;NOP2;TSC2;STX3
GO_Biological_Process_2023,Negative Regulation Of Insulin Receptor Signaling Pathway (GO:0046627),2/26,0.0055543621266744,0.0768082321574312,0,0,19.732142857142858,102.47240569174454,RPS6KB1;TSC2
GO_Biological_Process_2023,Regulation Of Transcription By RNA Polymerase II (GO:0006357),17/2028,0.0052871145216344,0.0768082321574312,0,0,2.1933784475241245,11.498748436238616,JUN;XRCC6;PPP1R12A;JUND;DDX20;IRF2BP2;OXSR1;GTF2F1;NFKB2;PPP3CA;RPS6KA3;PPP3CB;MTA1;RPS6KA1;TPR;CIC;MAPK3
GO_Biological_Process_2023,Regulation Of Transcription By RNA Polymerase III (GO:0006359),2/26,0.0055543621266744,0.0768082321574312,0,0,19.732142857142858,102.47240569174454,RPTOR;ICE1
GO_Biological_Process_2023,Regulation Of Cell Size (GO:0008361),2/25,0.0051413941977667,0.0768082321574312,0,0,20.591097308488617,108.5239574055768,RPTOR;ARHGAP5
GO_Biological_Process_2023,Negative Regulation Of Cellular Response To Insulin Stimulus (GO:1900077),2/27,0.0059820427012735,0.0768082321574312,0,0,18.94190476190476,96.96348130198568,RPS6KB1;TSC2
GO_Biological_Process_2023,Positive Regulation Of Growth (GO:0045927),3/81,0.0051440359397251,0.0768082321574312,0,0,9.191844300278037,48.440259346062234,RPTOR;RPS6KA3;RPS6KA1
Reactome_2022,rRNA Modification In Nucleus And Cytosol R-HSA-6790901,2/60,0.0275331172249705,0.0773549483939647,0,0,8.151067323481117,29.281614965730913,RPS6;NOP2
Reactome_2022,FCGR3A-mediated Phagocytosis R-HSA-9664422,2/60,0.0275331172249705,0.0773549483939647,0,0,8.151067323481117,29.281614965730913,MYO1E;MAPK3
Reactome_2022,Regulation Of Actin Dynamics For Phagocytic Cup Formation R-HSA-2029482,2/62,0.0292539023029863,0.0783643826047183,0,0,7.878571428571429,27.82508399467758,MYO1E;MAPK3
Reactome_2022,Defective HLCS Causes Multiple Carboxylase Deficiency R-HSA-3371599,1/7,0.0297186959454334,0.0783643826047183,0,0,39.03529411764706,137.2472719605343,ACACA
Reactome_2022,Signaling By BRAF And RAF1 Fusions R-HSA-6802952,2/62,0.0292539023029863,0.0783643826047183,0,0,7.878571428571429,27.82508399467758,TLN1;MAPK3
Reactome_2022,"Activation Of NIMA Kinases NEK9, NEK6, NEK7 R-HSA-2980767",1/7,0.0297186959454334,0.0783643826047183,0,0,39.03529411764706,137.2472719605343,NEK9
Reactome_2022,ChREBP Activates Metabolic Gene Expression R-HSA-163765,1/7,0.0297186959454334,0.0783643826047183,0,0,39.03529411764706,137.2472719605343,ACACA
Reactome_2022,DEx/H-box Helicases Activate Type I IFN And Inflammatory Cytokines Production R-HSA-3134963,1/7,0.0297186959454334,0.0783643826047183,0,0,39.03529411764706,137.2472719605343,NFKB2
Reactome_2022,Glycerophospholipid Catabolism R-HSA-6814848,1/7,0.0297186959454334,0.0783643826047183,0,0,39.03529411764706,137.2472719605343,PNPLA6
Reactome_2022,RHO GTPase Effectors R-HSA-195258,4/269,0.0288071319288337,0.0783643826047183,0,0,3.616935112747354,12.829747315079777,RANBP2;PPP1R12A;CDC25C;MAPK3
Reactome_2022,RHO GTPases Activate PKNs R-HSA-5625740,2/62,0.0292539023029863,0.0783643826047183,0,0,7.878571428571429,27.82508399467758,PPP1R12A;CDC25C
Reactome_2022,Ca2+ Pathway R-HSA-4086398,2/61,0.0283882151396517,0.0783643826047183,0,0,8.012510088781275,28.538807637227368,PPP3CA;PPP3CB
Reactome_2022,IkBA Variant Leads To EDA-ID R-HSA-5603029,1/7,0.0297186959454334,0.0783643826047183,0,0,39.03529411764706,137.2472719605343,NFKB2
GO_Molecular_Function_2023,Cadherin Binding (GO:0045296),5/319,0.0121807426802955,0.079576447209642,0,0,3.8531100102225366,16.984119927271653,VASP;LIMA1;AHNAK;TLN1;EMD
GO_Molecular_Function_2023,Phosphatase Binding (GO:0019902),3/112,0.0124954751816793,0.079576447209642,0,0,6.567370399027302,28.780769731315043,TSC2;GTF2F1;MAPK3
GO_Biological_Process_2023,Tube Closure (GO:0060606),2/29,0.0068810180544998,0.0799181096901198,0,0,17.537037037037038,87.31670862414636,VASP;TSC2
GO_Biological_Process_2023,Regulation Of Voltage-Gated Calcium Channel Activity (GO:1901385),2/29,0.0068810180544998,0.0799181096901198,0,0,17.537037037037038,87.31670862414636,PPP3CA;PPP3CB
GO_Molecular_Function_2023,Signal Sequence Binding (GO:0005048),2/41,0.0134424546275705,0.081326850496802,0,0,12.133699633699631,52.28820471678212,PEX5L;NUP153
GO_Molecular_Function_2023,Kinase Binding (GO:0019900),6/460,0.0143590255135936,0.0827353374830871,0,0,3.2147577092511015,13.641427570065678,RPTOR;NEK9;PPP1R12A;RPS6;OXSR1;CDC25C
GO_Molecular_Function_2023,Kinase Activator Activity (GO:0019209),2/44,0.0153797453568056,0.0827509203813998,0,0,11.26530612244898,47.02931708658436,RPTOR;NEK9
GO_Molecular_Function_2023,Transcription Cis-Regulatory Region Binding (GO:0000976),6/474,0.0164134056954842,0.0827509203813998,0,0,3.1163461538461537,12.807113341814771,JUN;XRCC6;JUND;XRCC5;OXSR1;CIC
GO_Molecular_Function_2023,Transcription Regulatory Region Nucleic Acid Binding (GO:0001067),4/224,0.0159223936534382,0.0827509203813998,0,0,4.3667405764966745,18.078431551241312,JUN;XRCC6;JUND;XRCC5
GO_Biological_Process_2023,Negative Regulation Of Calcium Ion Transmembrane Transporter Activity (GO:1901020),2/30,0.007352053041878,0.0830169322645393,0,0,16.90986394557823,83.07436833271562,PPP3CA;PPP3CB
GO_Biological_Process_2023,Response To Epidermal Growth Factor (GO:0070849),2/30,0.007352053041878,0.0830169322645393,0,0,16.90986394557823,83.07436833271562,TPR;MAPK3
GO_Biological_Process_2023,Endosomal Transport (GO:0016197),4/180,0.0075976245245153,0.0846146402524794,0,0,5.470620842572062,26.69619010968247,SPAG9;RAB14;TBC1D5;REPS1
Reactome_2022,Defects In Biotin (Btn) Metabolism R-HSA-3323169,1/8,0.0338923530455285,0.0883822687154115,0,0,33.457142857142856,113.23790361856584,ACACA
Reactome_2022,ROBO Receptors Bind AKAP5 R-HSA-9010642,1/8,0.0338923530455285,0.0883822687154115,0,0,33.457142857142856,113.23790361856584,PPP3CB
GO_Biological_Process_2023,DNA Repair (GO:0006281),5/291,0.0084168626162327,0.0888689520389252,0,0,4.23638090304757,20.239386574400136,XRCC6;MTA1;XRCC5;CHEK1;PDS5A
GO_Biological_Process_2023,Neural Tube Closure (GO:0001843),2/32,0.0083365743439399,0.0888689520389252,0,0,15.780952380952382,75.54504286216243,VASP;TSC2
GO_Biological_Process_2023,Positive Regulation Of Telomere Maintenance Via Telomerase (GO:0032212),2/32,0.0083365743439399,0.0888689520389252,0,0,15.780952380952382,75.54504286216243,XRCC5;MAPK3
GO_Biological_Process_2023,Phosphate-Containing Compound Metabolic Process (GO:0006796),4/184,0.0081955463163327,0.0888689520389252,0,0,5.3479674796747965,25.692515001828905,RPTOR;PPP3CA;PPP3CB;MAPK3
GO_Biological_Process_2023,Actin Filament Bundle Assembly (GO:0051017),2/33,0.0088498057941732,0.089428114030966,0,0,15.271121351766514,72.19208463506538,LIMA1;MICAL1
GO_Biological_Process_2023,Positive Regulation Of Telomerase Activity (GO:0051973),2/33,0.0088498057941732,0.089428114030966,0,0,15.271121351766514,72.19208463506538,XRCC5;MAPK3
GO_Biological_Process_2023,Endocytosis (GO:0006897),4/189,0.0089853926954679,0.089428114030966,0,0,5.20210942649967,24.51314622569294,MYO1E;TSC2;MAPK3;REPS1
GO_Biological_Process_2023,Gene Expression (GO:0010467),5/296,0.009019809779261,0.089428114030966,0,0,4.162530227822324,19.598574413748302,YTHDC1;RPS6;TPR;DDX20;AGFG1
GO_Biological_Process_2023,Actin Filament Bundle Organization (GO:0061572),2/33,0.0088498057941732,0.089428114030966,0,0,15.271121351766514,72.19208463506538,LIMA1;MICAL1
GO_Biological_Process_2023,Regulation Of Intracellular Signal Transduction (GO:1902531),5/297,0.0091438922132134,0.0895660767390665,0,0,4.1480635887028585,19.47378612174194,PEX5L;CHEK1;NOP2;ARAP1;ARHGAP5
Reactome_2022,Metabolism Of Carbohydrates R-HSA-71387,4/285,0.0345374339768915,0.0895696089950155,0,0,3.4082110927870843,11.471055270681592,RANBP2;NUP50;TPR;NUP153
GO_Biological_Process_2023,Regulation Of Cell Cycle (GO:0051726),5/298,0.0092691515391372,0.0896868049309579,0,0,4.133695697973286,19.350091767468538,NEK9;JUN;JUND;CHEK1;TSC2
GO_Biological_Process_2023,Regulation Of calcineurin-NFAT Signaling Cascade (GO:0070884),2/34,0.0093768492240238,0.0896868049309579,0,0,14.793154761904765,69.07680592717206,PPP3CA;PPP3CB
GO_Biological_Process_2023,Response To Nutrient Levels (GO:0031667),2/35,0.0099175792205288,0.09267806788839,0,0,14.344155844155845,66.17599439349425,RPTOR;RPS6KB1
GO_Biological_Process_2023,Positive Regulation Of Telomere Maintenance Via Telomere Lengthening (GO:1904358),2/35,0.0099175792205288,0.09267806788839,0,0,14.344155844155845,66.17599439349425,XRCC5;MAPK3
Reactome_2022,trans-Golgi Network Vesicle Budding R-HSA-199992,2/71,0.0375045710905225,0.0962073780148186,0,0,6.8478260869565215,22.483415742857915,DTNBP1;AP4B1
Reactome_2022,Diseases Of Programmed Cell Death R-HSA-9645723,2/71,0.0375045710905225,0.0962073780148186,0,0,6.8478260869565215,22.483415742857915,JUN;CDC25C
KEGG_2021_Human,Acute myeloid leukemia,2/67,0.0337375403697494,0.0963929724849984,0,0,7.270695970695971,24.64143638145943,RPS6KB1;MAPK3
KEGG_2021_Human,Wnt signaling pathway,3/166,0.0348282733687676,0.0965464740552182,0,0,4.379702860521842,14.704089273919648,PPP3CA;PPP3CB;JUN
KEGG_2021_Human,Renal cell carcinoma,2/69,0.0356015123078617,0.0965464740552182,0,0,7.052949538024165,23.52417628062031,JUN;MAPK3
KEGG_2021_Human,Renin secretion,2/69,0.0356015123078617,0.0965464740552182,0,0,7.052949538024165,23.52417628062031,PPP3CA;PPP3CB
GO_Biological_Process_2023,Regulation Of Intracellular Protein Transport (GO:0033157),2/36,0.0104718711803138,0.0967458098817629,0,0,13.92156862745098,63.469302191660454,ICE1;TPR
Reactome_2022,Interleukin-1 Processing R-HSA-448706,1/9,0.038048266007532,0.0970744948948926,0,0,29.273529411764702,95.69223347722578,NFKB2
Reactome_2022,Signaling By FGFR2 R-HSA-5654738,2/72,0.0384705104335523,0.0976240909926704,0,0,6.7496598639455785,21.98946911741363,GTF2F1;MAPK3
GO_Biological_Process_2023,Positive Regulation Of Cell Growth (GO:0030307),3/106,0.0107725612059718,0.0981926832535606,0,0,6.9520411744063635,31.497981454363668,RPTOR;RPS6KA3;RPS6KA1
GO_Biological_Process_2023,Regulation Of Apoptotic Process (GO:0042981),8/705,0.0108700387365565,0.0981926832535606,0,0,2.827796784755178,12.786576012735676,RPS6KA3;JUN;RPS6KB1;STK17B;RPS6KA1;RPS6;DDX20;OXSR1
GO_Biological_Process_2023,Regulation Of Translation (GO:0006417),4/202,0.0112673889388657,0.1006635956845916,0,0,4.8573540280857355,21.789325914959615,RPS6KA3;RPS6KB1;RPS6KA1;EIF4B
Reactome_2022,Positive Epigenetic Regulation Of rRNA Expression R-HSA-5250913,2/74,0.0404307195028843,0.1009698391818064,0,0,6.561507936507937,21.050402728648404,MYO1E;MTA1
Reactome_2022,RHOG GTPase Cycle R-HSA-9013408,2/74,0.0404307195028843,0.1009698391818064,0,0,6.561507936507937,21.050402728648404,ARHGAP5;EMD
Reactome_2022,RNA Polymerase II Transcribes snRNA Genes R-HSA-6807505,2/74,0.0404307195028843,0.1009698391818064,0,0,6.561507936507937,21.050402728648404,ICE1;GTF2F1
GO_Biological_Process_2023,Axonal Transport (GO:0098930),2/39,0.0122148846641528,0.1023783632160436,0,0,12.790862290862291,56.345027688088976,KIF4A;DTNBP1
GO_Biological_Process_2023,Positive Regulation Of Cation Channel Activity (GO:2001259),2/38,0.0116206465259277,0.1023783632160436,0,0,13.146825396825395,58.56873758614498,PPP3CA;PPP3CB
GO_Biological_Process_2023,Anterograde Axonal Transport (GO:0008089),2/39,0.0122148846641528,0.1023783632160436,0,0,12.790862290862291,56.345027688088976,KIF4A;DTNBP1
GO_Biological_Process_2023,RNA Transport (GO:0050658),2/39,0.0122148846641528,0.1023783632160436,0,0,12.790862290862291,56.345027688088976,TPR;NUP153
GO_Biological_Process_2023,Positive Regulation Of Intracellular Transport (GO:0032388),2/39,0.0122148846641528,0.1023783632160436,0,0,12.790862290862291,56.345027688088976,ICE1;TPR
GO_Biological_Process_2023,T Cell Activation (GO:0042110),3/111,0.0121980154576643,0.1023783632160436,0,0,6.628514056224899,29.20842792772981,CD2;PPP3CA;PPP3CB
GO_Molecular_Function_2023,Protein Phosphatase 2B Binding (GO:0030346),1/5,0.0213178505521487,0.1029597875880828,0,0,58.55882352941177,225.34667975778615,PPP3CB
GO_Molecular_Function_2023,RNA Polymerase III Type 3 Promoter Sequence-Specific DNA Binding (GO:0001006),1/6,0.025527220063161,0.1029597875880828,0,0,46.84470588235294,171.82684693856828,RPTOR
GO_Molecular_Function_2023,NAD(P)H Oxidase H2O2-forming Activity (GO:0016174),1/6,0.025527220063161,0.1029597875880828,0,0,46.84470588235294,171.82684693856828,MICAL1
GO_Molecular_Function_2023,Icosatetraenoic Acid Binding (GO:0050543),1/6,0.025527220063161,0.1029597875880828,0,0,46.84470588235294,171.82684693856828,STX3
GO_Molecular_Function_2023,Protein Serine/Threonine Phosphatase Activity (GO:0004722),2/55,0.0234201753228278,0.1029597875880828,0,0,8.922282120395328,33.49565175775767,PPP3CA;PPP3CB
GO_Molecular_Function_2023,Arachidonic Acid Binding (GO:0050544),1/6,0.025527220063161,0.1029597875880828,0,0,46.84470588235294,171.82684693856828,STX3
GO_Biological_Process_2023,Negative Regulation Of DNA-templated Transcription (GO:0045892),10/1025,0.0124240420011875,0.1030688382343419,0,0,2.449961109670729,10.750727785103498,JUN;XRCC6;MTA1;JUND;XRCC5;TPR;DDX20;IRF2BP2;OXSR1;CIC
Reactome_2022,Cohesin Loading Onto Chromatin R-HSA-2470946,1/10,0.0421865092184754,0.1031711520783439,0,0,26.019607843137255,82.36909635390154,PDS5A
Reactome_2022,Signal Attenuation R-HSA-74749,1/10,0.0421865092184754,0.1031711520783439,0,0,26.019607843137255,82.36909635390154,MAPK3
Reactome_2022,MAPK3 (ERK1) Activation R-HSA-110056,1/10,0.0421865092184754,0.1031711520783439,0,0,26.019607843137255,82.36909635390154,MAPK3
Reactome_2022,Nef Mediated Downregulation Of MHC Class I Complex Cell Surface Expression R-HSA-164940,1/10,0.0421865092184754,0.1031711520783439,0,0,26.019607843137255,82.36909635390154,PACS1
KEGG_2021_Human,p53 signaling pathway,2/73,0.0394459256583925,0.1051891350890466,0,0,6.654258886653253,21.51205126222182,CHEK1;TSC2
GO_Biological_Process_2023,Positive Regulation Of Catalytic Activity (GO:0043085),2/40,0.0128221942546673,0.1052974134246925,0,0,12.453634085213032,54.2552243331824,XRCC5;MAPK3
Reactome_2022,G2/M DNA Damage Checkpoint R-HSA-69473,2/77,0.0434404098426665,0.1056900693079309,0,0,6.298095238095238,19.753126534025004,CHEK1;CDC25C
Reactome_2022,Neurotransmitter Receptors And Postsynaptic Signal Transmission R-HSA-112314,3/182,0.0438060883152299,0.1060331983835309,0,0,3.984990240290772,12.464979609286749,RPS6KA3;RPS6KA1;MAPK3
Reactome_2022,Oncogenic MAPK Signaling R-HSA-6802957,2/78,0.0444617584356545,0.1065276648813652,0,0,6.214912280701754,19.34780389175837,TLN1;MAPK3
Reactome_2022,RNA Polymerase I Promoter Clearance R-HSA-73854,2/78,0.0444617584356545,0.1065276648813652,0,0,6.214912280701754,19.34780389175837,MTA1;MAPK3
Reactome_2022,SUMOylation Of Immune Response Proteins R-HSA-4755510,1/11,0.0463071568006132,0.1066194049262899,0,0,23.416470588235295,71.94614007723759,NFKB2
Reactome_2022,Establishment Of Sister Chromatid Cohesion R-HSA-2468052,1/11,0.0463071568006132,0.1066194049262899,0,0,23.416470588235295,71.94614007723759,PDS5A
Reactome_2022,Formation Of Apoptosome R-HSA-111458,1/11,0.0463071568006132,0.1066194049262899,0,0,23.416470588235295,71.94614007723759,MAPK3
Reactome_2022,Killing Mechanisms R-HSA-9664420,1/11,0.0463071568006132,0.1066194049262899,0,0,23.416470588235295,71.94614007723759,JUN
Reactome_2022,RNA Polymerase I Transcription R-HSA-73864,2/79,0.0454920089491832,0.1066194049262899,0,0,6.133889919604205,18.95506069500997,MTA1;MAPK3
Reactome_2022,Biotin Transport And Metabolism R-HSA-196780,1/11,0.0463071568006132,0.1066194049262899,0,0,23.416470588235295,71.94614007723759,ACACA
Reactome_2022,Downstream Signaling Events Of B Cell Receptor (BCR) R-HSA-1168372,2/79,0.0454920089491832,0.1066194049262899,0,0,6.133889919604205,18.95506069500997,PPP3CA;PPP3CB
Reactome_2022,Mitotic Prometaphase R-HSA-68877,3/186,0.0462146177239066,0.1066194049262899,0,0,3.897096583053526,11.98146417021515,RANBP2;NEK9;PDS5A
Reactome_2022,TP53 Regulates Metabolic Genes R-HSA-5628897,2/81,0.0475788425837126,0.1090156004830697,0,0,5.977998794454491,18.205200853023133,RPTOR;TSC2
GO_Biological_Process_2023,Double-Strand Break Repair Via Nonhomologous End Joining (GO:0006303),2/41,0.0134424546275705,0.1092871561221488,0,0,12.133699633699631,52.28820471678212,XRCC6;XRCC5
KEGG_2021_Human,Pertussis,2/76,0.0424280572502087,0.1094917606456998,0,0,6.383526383526384,20.17159488240805,JUN;MAPK3
KEGG_2021_Human,Pancreatic cancer,2/76,0.0424280572502087,0.1094917606456998,0,0,6.383526383526384,20.17159488240805,RPS6KB1;MAPK3
KEGG_2021_Human,Leishmaniasis,2/77,0.0434404098426665,0.1103248503940737,0,0,6.298095238095238,19.753126534025004,JUN;MAPK3
Reactome_2022,PI Metabolism R-HSA-1483255,2/82,0.0486352406720677,0.110897746846454,0,0,5.90297619047619,17.847098910209784,RAB14;PNPLA6
GO_Biological_Process_2023,DNA Recombination (GO:0006310),2/42,0.0140755458889694,0.1111011534731274,0,0,11.829761904761904,50.434017006992256,XRCC6;XRCC5
GO_Biological_Process_2023,Skeletal Muscle Tissue Development (GO:0007519),2/42,0.0140755458889694,0.1111011534731274,0,0,11.829761904761904,50.434017006992256,PPP3CA;PPP3CB
GO_Biological_Process_2023,Positive Regulation Of Calcium Ion Transmembrane Transport (GO:1904427),2/42,0.0140755458889694,0.1111011534731274,0,0,11.829761904761904,50.434017006992256,PPP3CA;PPP3CB
GO_Molecular_Function_2023,RNA Polymerase III Cis-Regulatory Region Sequence-Specific DNA Binding (GO:0000992),1/7,0.0297186959454334,0.1123738190436702,0,0,39.03529411764706,137.2472719605343,RPTOR
GO_Molecular_Function_2023,Icosanoid Binding (GO:0050542),1/7,0.0297186959454334,0.1123738190436702,0,0,39.03529411764706,137.2472719605343,STX3
GO_Biological_Process_2023,Regulation Of Chromosome Organization (GO:0033044),2/43,0.0147213489193764,0.1129099685986135,0,0,11.540650406504064,48.68373208317524,CENPV;XRCC5
GO_Biological_Process_2023,Regulation Of Cellular Component Size (GO:0032535),2/43,0.0147213489193764,0.1129099685986135,0,0,11.540650406504064,48.68373208317524,RPTOR;ARHGAP5
GO_Biological_Process_2023,Learning (GO:0007612),2/43,0.0147213489193764,0.1129099685986135,0,0,11.540650406504064,48.68373208317524,PPP3CB;CIC
Reactome_2022,Transport Of Nucleosides And Free Purine And Pyrimidine Bases Across Plasma Membrane R-HSA-83936,1/12,0.0504102825788442,0.1138452314699256,0,0,21.28663101604278,63.59508959960995,ARL2BP
Reactome_2022,Frs2-mediated Activation R-HSA-170968,1/12,0.0504102825788442,0.1138452314699256,0,0,21.28663101604278,63.59508959960995,MAPK3
GO_Biological_Process_2023,Regulation Of Insulin Receptor Signaling Pathway (GO:0046626),2/44,0.0153797453568056,0.1157753053248428,0,0,11.26530612244898,47.02931708658436,RPS6KB1;TSC2
GO_Biological_Process_2023,Positive Regulation Of Nucleocytoplasmic Transport (GO:0046824),2/44,0.0153797453568056,0.1157753053248428,0,0,11.26530612244898,47.02931708658436,TPR;EMD
Reactome_2022,Signaling By FGFR R-HSA-190236,2/86,0.0529452448021826,0.119000740698239,0,0,5.620748299319728,16.51655210750391,GTF2F1;MAPK3
Reactome_2022,Advanced Glycosylation Endproduct Receptor Signaling R-HSA-879415,1/13,0.0544959601278673,0.1196376426993181,0,0,19.511764705882353,56.77199069596926,MAPK3
Reactome_2022,Fcgamma Receptor (FCGR) Dependent Phagocytosis R-HSA-2029480,2/87,0.0540433984246684,0.1196376426993181,0,0,5.554341736694678,16.20739078588667,MYO1E;MAPK3
Reactome_2022,Cytochrome C-Mediated Apoptotic Response R-HSA-111461,1/13,0.0544959601278673,0.1196376426993181,0,0,19.511764705882353,56.77199069596926,MAPK3
Reactome_2022,Mitotic Telophase/Cytokinesis R-HSA-68884,1/13,0.0544959601278673,0.1196376426993181,0,0,19.511764705882353,56.77199069596926,PDS5A
Reactome_2022,ERKs Are Inactivated R-HSA-202670,1/13,0.0544959601278673,0.1196376426993181,0,0,19.511764705882353,56.77199069596926,MAPK3
GO_Biological_Process_2023,Regulation Of Telomerase Activity (GO:0051972),2/45,0.0160506176078205,0.1197169918821844,0,0,11.002768549280177,45.46352711662799,XRCC5;MAPK3
Reactome_2022,Opioid Signaling R-HSA-111885,2/88,0.0551496350594298,0.1205121655002355,0,0,5.489479512735326,15.906893057840293,PPP3CA;PPP3CB
GO_Molecular_Function_2023,JUN Kinase Binding (GO:0008432),1/9,0.038048266007532,0.1211536891292468,0,0,29.273529411764702,95.69223347722578,SPAG9
GO_Molecular_Function_2023,U3 snoRNA Binding (GO:0034511),1/9,0.038048266007532,0.1211536891292468,0,0,29.273529411764702,95.69223347722578,XRCC5
GO_Molecular_Function_2023,cAMP Response Element Binding (GO:0035497),1/9,0.038048266007532,0.1211536891292468,0,0,29.273529411764702,95.69223347722578,JUN
GO_Molecular_Function_2023,DNA-binding Transcription Factor Binding (GO:0140297),4/282,0.0334159990262757,0.1211536891292468,0,0,3.4455167573258465,11.710348370499592,JUN;MTA1;DDX20;MAPK3
GO_Molecular_Function_2023,RNA Polymerase II General Transcription Initiation Factor Binding (GO:0001091),1/9,0.038048266007532,0.1211536891292468,0,0,29.273529411764702,95.69223347722578,GTF2F1
GO_Molecular_Function_2023,Superoxide-Generating NADPH Oxidase Activator Activity (GO:0016176),1/9,0.038048266007532,0.1211536891292468,0,0,29.273529411764702,95.69223347722578,SH3PXD2A
GO_Biological_Process_2023,Regulation Of Lysosome Organization (GO:1905671),1/5,0.0213178505521487,0.1231264424630573,0,0,58.55882352941177,225.34667975778615,PPP3CB
GO_Biological_Process_2023,Osmosensory Signaling Pathway (GO:0007231),1/5,0.0213178505521487,0.1231264424630573,0,0,58.55882352941177,225.34667975778615,OXSR1
GO_Biological_Process_2023,Regulation Of Protein Autoubiquitination (GO:1902498),1/5,0.0213178505521487,0.1231264424630573,0,0,58.55882352941177,225.34667975778615,MTA1
GO_Biological_Process_2023,Regulation Of Pentose-Phosphate Shunt (GO:0043456),1/5,0.0213178505521487,0.1231264424630573,0,0,58.55882352941177,225.34667975778615,RPTOR
GO_Biological_Process_2023,Nephron Tubule Development (GO:0072080),1/5,0.0213178505521487,0.1231264424630573,0,0,58.55882352941177,225.34667975778615,OXSR1
GO_Biological_Process_2023,Negative Regulation Of Transcription From RNA Polymerase II Promoter In Response To Stress (GO:0097201),1/5,0.0213178505521487,0.1231264424630573,0,0,58.55882352941177,225.34667975778615,JUN
GO_Biological_Process_2023,Regulation Of Macrophage Proliferation (GO:0120040),1/5,0.0213178505521487,0.1231264424630573,0,0,58.55882352941177,225.34667975778615,MAPK3
GO_Biological_Process_2023,Regulation Of mRNA Export From Nucleus (GO:0010793),1/5,0.0213178505521487,0.1231264424630573,0,0,58.55882352941177,225.34667975778615,TPR
GO_Biological_Process_2023,Cellular Response To Ionizing Radiation (GO:0071479),2/52,0.0210863262216803,0.1231264424630573,0,0,9.459047619047618,36.503699119744766,XRCC6;XRCC5
GO_Biological_Process_2023,Regulation Of Stress Granule Assembly (GO:0062028),1/5,0.0213178505521487,0.1231264424630573,0,0,58.55882352941177,225.34667975778615,UBAP2L
GO_Biological_Process_2023,Regulation Of Protein Localization To Nucleus (GO:1900180),2/52,0.0210863262216803,0.1231264424630573,0,0,9.459047619047618,36.503699119744766,PPP3CB;TPR
GO_Biological_Process_2023,Plasma Membrane Bounded Cell Projection Organization (GO:0120036),3/132,0.0193242629593685,0.1231264424630573,0,0,5.543569627346596,21.87710894286107,LIMA1;DTNBP1;STX3
GO_Biological_Process_2023,Negative Regulation Of Cysteine-Type Endopeptidase Activity Involved In Apoptotic Process (GO:0043154),2/49,0.0188565392796525,0.1231264424630573,0,0,10.064336372847013,39.96442815292184,RPS6KA3;RPS6KA1
GO_Biological_Process_2023,Negative Regulation Of DNA Metabolic Process (GO:0051053),2/49,0.0188565392796525,0.1231264424630573,0,0,10.064336372847013,39.96442815292184,XRCC5;PDS5A
GO_Biological_Process_2023,Cellular Response To Mechanical Stimulus (GO:0071260),2/48,0.0181369246318883,0.1231264424630573,0,0,10.283643892339544,41.23541064504691,CHEK1;MAPK3
GO_Biological_Process_2023,Cytosolic Transport (GO:0016482),3/127,0.0174588307916257,0.1231264424630573,0,0,5.768558103381267,23.3506022773636,SPAG9;RAB14;TBC1D5
GO_Biological_Process_2023,Regulation Of Signal Transduction By P53 Class Mediator (GO:1901796),2/47,0.0174293229560629,0.1231264424630573,0,0,10.512698412698413,42.572236778053906,NOP2;CHEK1
GO_Biological_Process_2023,Positive Regulation Of Intracellular Protein Transport (GO:0090316),3/126,0.0170984680221267,0.1231264424630573,0,0,5.815750808110491,23.662931530201952,ICE1;TPR;EMD
GO_Biological_Process_2023,Regulation Of Mitotic Cell Cycle (GO:0007346),3/125,0.0167423380098694,0.1231264424630573,0,0,5.863717163736915,23.981515817968855,NEK9;RPS6KB1;CDC25C
GO_Biological_Process_2023,Regulation Of Telomere Maintenance Via Telomerase (GO:0032210),2/51,0.0203313528196392,0.1231264424630573,0,0,9.652575315840622,37.60248659414546,XRCC5;MAPK3
GO_Biological_Process_2023,Regulation Of T-Circle Formation (GO:1904429),1/5,0.0213178505521487,0.1231264424630573,0,0,58.55882352941177,225.34667975778615,XRCC5
GO_Biological_Process_2023,Regulation Of Ribonucleoprotein Complex Localization (GO:2000197),1/5,0.0213178505521487,0.1231264424630573,0,0,58.55882352941177,225.34667975778615,TPR
GO_Biological_Process_2023,Double-Strand Break Repair Via Classical Nonhomologous End Joining (GO:0097680),1/5,0.0213178505521487,0.1231264424630573,0,0,58.55882352941177,225.34667975778615,XRCC6
GO_Biological_Process_2023,Positive Regulation Of Programmed Cell Death (GO:0043068),4/245,0.0213540324566926,0.1231264424630573,0,0,3.981985628984921,15.316766190548837,JUN;STK17B;RPS6;DDX20
GO_Biological_Process_2023,Negative Regulation Of Actin Filament Depolymerization (GO:0030835),1/5,0.0213178505521487,0.1231264424630573,0,0,58.55882352941177,225.34667975778615,LIMA1
GO_Biological_Process_2023,Multinuclear Osteoclast Differentiation (GO:0072674),1/5,0.0213178505521487,0.1231264424630573,0,0,58.55882352941177,225.34667975778615,SH3PXD2A
GO_Biological_Process_2023,Chemokine (C-X-C Motif) Ligand 12 Signaling Pathway (GO:0038146),1/5,0.0213178505521487,0.1231264424630573,0,0,58.55882352941177,225.34667975778615,OXSR1
GO_Biological_Process_2023,Kidney Morphogenesis (GO:0060993),1/5,0.0213178505521487,0.1231264424630573,0,0,58.55882352941177,225.34667975778615,PPP3CA
GO_Biological_Process_2023,Glomerulus Vasculature Development (GO:0072012),1/5,0.0213178505521487,0.1231264424630573,0,0,58.55882352941177,225.34667975778615,OXSR1
GO_Biological_Process_2023,Embryonic Skeletal Joint Development (GO:0072498),1/5,0.0213178505521487,0.1231264424630573,0,0,58.55882352941177,225.34667975778615,OXSR1
GO_Biological_Process_2023,Pronephros Development (GO:0048793),1/5,0.0213178505521487,0.1231264424630573,0,0,58.55882352941177,225.34667975778615,OXSR1
GO_Biological_Process_2023,Embryonic Hindlimb Morphogenesis (GO:0035116),1/5,0.0213178505521487,0.1231264424630573,0,0,58.55882352941177,225.34667975778615,OXSR1
GO_Molecular_Function_2023,N6-methyladenosine-containing RNA Binding (GO:1990247),1/10,0.0421865092184754,0.1245016491569639,0,0,26.019607843137255,82.36909635390154,YTHDC1
GO_Molecular_Function_2023,MAP-kinase Scaffold Activity (GO:0005078),1/10,0.0421865092184754,0.1245016491569639,0,0,26.019607843137255,82.36909635390154,SPAG9
GO_Molecular_Function_2023,Vinculin Binding (GO:0017166),1/10,0.0421865092184754,0.1245016491569639,0,0,26.019607843137255,82.36909635390154,TLN1
Reactome_2022,Eukaryotic Translation Elongation R-HSA-156842,2/90,0.0573860060429651,0.124821174434468,0,0,5.364177489177489,15.33057681687638,EEF1B2;RPS6
Reactome_2022,Golgi Cisternae Pericentriolar Stack Reorganization R-HSA-162658,1/14,0.0585642627035488,0.1250784253216066,0,0,18.00995475113122,51.10559906499446,MAPK3
Reactome_2022,SEMA3A-Plexin Repulsion Signaling By Inhibiting Integrin Adhesion R-HSA-399955,1/14,0.0585642627035488,0.1250784253216066,0,0,18.00995475113122,51.10559906499446,TLN1
Reactome_2022,Prolonged ERK Activation Events R-HSA-169893,1/14,0.0585642627035488,0.1250784253216066,0,0,18.00995475113122,51.10559906499446,MAPK3
Reactome_2022,AKT Phosphorylates Targets In Cytosol R-HSA-198323,1/14,0.0585642627035488,0.1250784253216066,0,0,18.00995475113122,51.10559906499446,TSC2
GO_Biological_Process_2023,Negative Regulation Of Cysteine-Type Endopeptidase Activity (GO:2000117),2/53,0.0218528616042719,0.1251153273540361,0,0,9.27310924369748,35.45502287445614,RPS6KA3;RPS6KA1
GO_Biological_Process_2023,Locomotor Rhythm (GO:0045475),1/6,0.025527220063161,0.1273951829911194,0,0,46.84470588235294,171.82684693856828,MTA1
GO_Biological_Process_2023,Peptidyl-Threonine Phosphorylation (GO:0018107),2/58,0.025855110939157,0.1273951829911194,0,0,8.443027210884354,30.86134973425539,CHEK1;OXSR1
GO_Biological_Process_2023,Memory (GO:0007613),2/58,0.025855110939157,0.1273951829911194,0,0,8.443027210884354,30.86134973425539,PPP3CB;CIC
GO_Biological_Process_2023,Hindlimb Morphogenesis (GO:0035137),1/6,0.025527220063161,0.1273951829911194,0,0,46.84470588235294,171.82684693856828,OXSR1
GO_Biological_Process_2023,Positive Regulation Of Protein Kinase Activity (GO:0045860),3/145,0.0246722320761835,0.1273951829911194,0,0,5.032750721194637,18.631630063507114,RPTOR;XRCC6;XRCC5
GO_Biological_Process_2023,mRNA Transport (GO:0051028),2/58,0.025855110939157,0.1273951829911194,0,0,8.443027210884354,30.86134973425539,YTHDC1;TPR
GO_Biological_Process_2023,Positive Regulation Of Neurotransmitter Secretion (GO:0001956),1/6,0.025527220063161,0.1273951829911194,0,0,46.84470588235294,171.82684693856828,DTNBP1
GO_Biological_Process_2023,Regulation Of Cell Adhesion (GO:0030155),3/144,0.0242352870814882,0.1273951829911194,0,0,5.068700333247885,18.855289319990938,PPP3CA;PPP1R12A;STX3
GO_Biological_Process_2023,Glomerular Epithelial Cell Development (GO:0072310),1/6,0.025527220063161,0.1273951829911194,0,0,46.84470588235294,171.82684693856828,MYO1E
GO_Biological_Process_2023,Regulation Of Myosin-Light-Chain-Phosphatase Activity (GO:0035507),1/6,0.025527220063161,0.1273951829911194,0,0,46.84470588235294,171.82684693856828,PPP1R12A
GO_Biological_Process_2023,Anterograde Dendritic Transport (GO:0098937),1/6,0.025527220063161,0.1273951829911194,0,0,46.84470588235294,171.82684693856828,STAU2
GO_Biological_Process_2023,Signal Transduction In Response To DNA Damage (GO:0042770),2/57,0.0250324151957849,0.1273951829911194,0,0,8.596969696969698,31.702045204893388,CHEK1;MAPK3
GO_Biological_Process_2023,Regulation Of Smooth Muscle Cell Proliferation (GO:0048660),2/54,0.0226308480405061,0.1273951829911194,0,0,9.094322344322345,34.453306781873835,XRCC6;XRCC5
GO_Biological_Process_2023,Negative Regulation Of TOR Signaling (GO:0032007),2/54,0.0226308480405061,0.1273951829911194,0,0,9.094322344322345,34.453306781873835,RPS6KA1;TSC2
GO_Biological_Process_2023,Regulation Of Saliva Secretion (GO:0046877),1/6,0.025527220063161,0.1273951829911194,0,0,46.84470588235294,171.82684693856828,PPP3CA
GO_Biological_Process_2023,Ureter Development (GO:0072189),1/6,0.025527220063161,0.1273951829911194,0,0,46.84470588235294,171.82684693856828,OXSR1
GO_Biological_Process_2023,post-Golgi Vesicle-Mediated Transport (GO:0006892),2/56,0.024220733969424,0.1273951829911194,0,0,8.756613756613756,32.579386361435965,GGA2;RAB14
GO_Biological_Process_2023,Podocyte Development (GO:0072015),1/6,0.025527220063161,0.1273951829911194,0,0,46.84470588235294,171.82684693856828,MYO1E
GO_Biological_Process_2023,Positive Regulation Of Kidney Development (GO:0090184),1/6,0.025527220063161,0.1273951829911194,0,0,46.84470588235294,171.82684693856828,PPP3CA
GO_Biological_Process_2023,Positive Regulation Of Gastrulation (GO:2000543),1/6,0.025527220063161,0.1273951829911194,0,0,46.84470588235294,171.82684693856828,OXSR1
GO_Biological_Process_2023,Positive Regulation Of Fibroblast Apoptotic Process (GO:2000271),1/6,0.025527220063161,0.1273951829911194,0,0,46.84470588235294,171.82684693856828,STK17B
GO_Biological_Process_2023,Positive Regulation Of Autophagosome Maturation (GO:1901098),1/6,0.025527220063161,0.1273951829911194,0,0,46.84470588235294,171.82684693856828,FYCO1
GO_Biological_Process_2023,Regulation Of Mitotic Nuclear Division (GO:0007088),2/56,0.024220733969424,0.1273951829911194,0,0,8.756613756613756,32.579386361435965,CHEK1;CDC25C
Reactome_2022,Oxidative Stress Induced Senescence R-HSA-2559580,2/93,0.0607990049006526,0.1286866830184216,0,0,5.186551543694401,14.523287532579202,JUN;MAPK3
Reactome_2022,RAC3 GTPase Cycle R-HSA-9013423,2/93,0.0607990049006526,0.1286866830184216,0,0,5.186551543694401,14.523287532579202,ARHGAP5;EMD
Reactome_2022,Signaling By ROBO Receptors R-HSA-376176,3/209,0.0612971642917022,0.1291618819003725,0,0,3.457948298046555,9.654666673954988,VASP;PPP3CB;RPS6
Reactome_2022,Depolymerisation Of Nuclear Lamina R-HSA-4419969,1/15,0.0626152632725983,0.129624580108186,0,0,16.722689075630253,46.33432734971711,EMD
Reactome_2022,Signaling By Activin R-HSA-1502540,1/15,0.0626152632725983,0.129624580108186,0,0,16.722689075630253,46.33432734971711,MAPK3
Reactome_2022,GRB2:SOS Provides Linkage To MAPK Signaling For Integrins R-HSA-354194,1/15,0.0626152632725983,0.129624580108186,0,0,16.722689075630253,46.33432734971711,TLN1
Reactome_2022,p130Cas Linkage To MAPK Signaling For Integrins R-HSA-372708,1/15,0.0626152632725983,0.129624580108186,0,0,16.722689075630253,46.33432734971711,TLN1
GO_Molecular_Function_2023,MAP Kinase Activity (GO:0004707),1/11,0.0463071568006132,0.1303061854156791,0,0,23.416470588235295,71.94614007723759,MAPK3
GO_Molecular_Function_2023,C2H2 Zinc Finger Domain Binding (GO:0070742),1/11,0.0463071568006132,0.1303061854156791,0,0,23.416470588235295,71.94614007723759,SRRM2
Reactome_2022,G Alpha (Q) Signaling Events R-HSA-416476,3/212,0.063415247145186,0.1307074089630034,0,0,3.407793854845218,9.398869096491962,RPS6KA3;RPS6KA1;MAPK3
KEGG_2021_Human,Pathogenic Escherichia coli infection,3/197,0.053169160885983,0.1329229022149575,0,0,3.674077754316234,10.780760870861084,MYO1E;JUN;MAPK3
Reactome_2022,EML4 And NUDC In Mitotic Spindle Formation R-HSA-9648025,2/97,0.065455178175553,0.1343254091254828,0,0,4.967167919799499,13.542435321821053,RANBP2;NEK9
Reactome_2022,Cell-extracellular Matrix Interactions R-HSA-446353,1/16,0.0666490345194074,0.1344373687741894,0,0,15.607058823529412,42.26882712102443,VASP
Reactome_2022,Spry Regulation Of FGF Signaling R-HSA-1295596,1/16,0.0666490345194074,0.1344373687741894,0,0,15.607058823529412,42.26882712102443,MAPK3
Reactome_2022,NLRP3 Inflammasome R-HSA-844456,1/16,0.0666490345194074,0.1344373687741894,0,0,15.607058823529412,42.26882712102443,NFKB2
Reactome_2022,Polo-like Kinase Mediated Events R-HSA-156711,1/16,0.0666490345194074,0.1344373687741894,0,0,15.607058823529412,42.26882712102443,CDC25C
GO_Cellular_Component_2023,Euchromatin (GO:0000791),2/44,0.0153797453568056,0.1363675151457844,0,0,11.26530612244898,47.02931708658436,JUN;ICE1
GO_Cellular_Component_2023,Lytic Vacuole (GO:0000323),4/223,0.0156882982026123,0.1363675151457844,0,0,4.3869027731373205,18.22687991610867,RPTOR;FYCO1;RAB14;TSC2
GO_Biological_Process_2023,Positive Regulation Of Leukocyte Differentiation (GO:1902107),1/7,0.0297186959454334,0.136504518664618,0,0,39.03529411764706,137.2472719605343,XRCC6
GO_Biological_Process_2023,Positive Regulation Of Apoptotic Process (GO:0043065),4/270,0.0291472574593078,0.136504518664618,0,0,3.603154227030992,12.738571472378924,JUN;STK17B;RPS6;DDX20
GO_Biological_Process_2023,Negative Regulation Of Kinase Activity (GO:0033673),2/62,0.0292539023029863,0.136504518664618,0,0,7.878571428571429,27.82508399467758,DTNBP1;TSC2
GO_Biological_Process_2023,DNA Ligation (GO:0006266),1/7,0.0297186959454334,0.136504518664618,0,0,39.03529411764706,137.2472719605343,XRCC6
GO_Biological_Process_2023,Regulation Of Dopamine Receptor Signaling Pathway (GO:0060159),1/7,0.0297186959454334,0.136504518664618,0,0,39.03529411764706,137.2472719605343,DTNBP1
GO_Biological_Process_2023,Regulation Of Heterochromatin Formation (GO:0031445),1/7,0.0297186959454334,0.136504518664618,0,0,39.03529411764706,137.2472719605343,TPR
GO_Biological_Process_2023,Regulation Of Mitophagy (GO:1901524),1/7,0.0297186959454334,0.136504518664618,0,0,39.03529411764706,137.2472719605343,TSC2
GO_Biological_Process_2023,Cellular Response To Interferon-Alpha (GO:0035457),1/7,0.0297186959454334,0.136504518664618,0,0,39.03529411764706,137.2472719605343,TPR
GO_Biological_Process_2023,snRNA Transcription By RNA Polymerase III (GO:0042796),1/7,0.0297186959454334,0.136504518664618,0,0,39.03529411764706,137.2472719605343,ICE1
GO_Biological_Process_2023,Kidney Epithelium Development (GO:0072073),1/7,0.0297186959454334,0.136504518664618,0,0,39.03529411764706,137.2472719605343,OXSR1
GO_Biological_Process_2023,Kidney Mesenchyme Development (GO:0072074),1/7,0.0297186959454334,0.136504518664618,0,0,39.03529411764706,137.2472719605343,OXSR1
GO_Biological_Process_2023,mRNA Export From Nucleus (GO:0006406),2/62,0.0292539023029863,0.136504518664618,0,0,7.878571428571429,27.82508399467758,YTHDC1;TPR
GO_Biological_Process_2023,Positive Regulation Of Mitotic Cell Cycle Phase Transition (GO:1901992),2/63,0.0301300741394296,0.136847766901432,0,0,7.749024199843872,27.138876377223244,RPTOR;CDC25C
GO_Biological_Process_2023,Telomere Organization (GO:0032200),2/63,0.0301300741394296,0.136847766901432,0,0,7.749024199843872,27.138876377223244,XRCC6;XRCC5
GO_Biological_Process_2023,Regulation Of Fibroblast Apoptotic Process (GO:2000269),1/8,0.0338923530455285,0.1384647388241946,0,0,33.457142857142856,113.23790361856584,STK17B
GO_Biological_Process_2023,Regulation Of Endothelial Cell Development (GO:1901550),1/8,0.0338923530455285,0.1384647388241946,0,0,33.457142857142856,113.23790361856584,PPP1R12A
GO_Biological_Process_2023,Negative Regulation Of Mitotic Nuclear Division (GO:0045839),1/8,0.0338923530455285,0.1384647388241946,0,0,33.457142857142856,113.23790361856584,CHEK1
GO_Biological_Process_2023,Negative Regulation Of Transporter Activity (GO:0032410),1/8,0.0338923530455285,0.1384647388241946,0,0,33.457142857142856,113.23790361856584,OXSR1
GO_Biological_Process_2023,Anoikis (GO:0043276),1/8,0.0338923530455285,0.1384647388241946,0,0,33.457142857142856,113.23790361856584,TSC2
GO_Biological_Process_2023,Regulation Of Mitotic Centrosome Separation (GO:0046602),1/8,0.0338923530455285,0.1384647388241946,0,0,33.457142857142856,113.23790361856584,CHEK1
GO_Biological_Process_2023,Regulation Of Nephron Tubule Epithelial Cell Differentiation (GO:0072182),1/8,0.0338923530455285,0.1384647388241946,0,0,33.457142857142856,113.23790361856584,OXSR1
GO_Biological_Process_2023,Selenocysteine Incorporation (GO:0001514),1/8,0.0338923530455285,0.1384647388241946,0,0,33.457142857142856,113.23790361856584,EEFSEC
GO_Biological_Process_2023,Embryonic Forelimb Morphogenesis (GO:0035115),1/8,0.0338923530455285,0.1384647388241946,0,0,33.457142857142856,113.23790361856584,OXSR1
GO_Biological_Process_2023,Translational Readthrough (GO:0006451),1/8,0.0338923530455285,0.1384647388241946,0,0,33.457142857142856,113.23790361856584,EEFSEC
GO_Biological_Process_2023,Regulation Of DNA-templated Transcription Initiation (GO:2000142),1/8,0.0338923530455285,0.1384647388241946,0,0,33.457142857142856,113.23790361856584,JUN
GO_Biological_Process_2023,Peptidyl-Threonine Modification (GO:0018210),2/66,0.0328204620598809,0.1384647388241946,0,0,7.384672619047619,25.231233939369243,CHEK1;OXSR1
GO_Biological_Process_2023,Protein Autophosphorylation (GO:0046777),3/162,0.0327501841649261,0.1384647388241946,0,0,4.490793362127756,15.353334037572411,STK17B;OXSR1;MAPK3
GO_Biological_Process_2023,Positive Regulation Of Cell Cycle (GO:0045787),2/65,0.031913456894228,0.1384647388241946,0,0,7.5022675736961455,25.843267512966868,RPS6KB1;CHEK1
GO_Biological_Process_2023,Cellular Response To Hydroxyurea (GO:0072711),1/8,0.0338923530455285,0.1384647388241946,0,0,33.457142857142856,113.23790361856584,DDI2
GO_Biological_Process_2023,Positive Regulation Of DNA Biosynthetic Process (GO:2000573),2/65,0.031913456894228,0.1384647388241946,0,0,7.5022675736961455,25.843267512966868,XRCC5;MAPK3
GO_Biological_Process_2023,Positive Regulation Of Macroautophagy (GO:0016239),2/64,0.0310166267385094,0.1384647388241946,0,0,7.623655913978495,26.478724700644403,FYCO1;TSC2
GO_Biological_Process_2023,Response To Metal Ion (GO:0010038),2/64,0.0310166267385094,0.1384647388241946,0,0,7.623655913978495,26.478724700644403,PPP3CA;PAM
GO_Biological_Process_2023,Constitutive Heterochromatin Formation (GO:0140719),1/8,0.0338923530455285,0.1384647388241946,0,0,33.457142857142856,113.23790361856584,CENPV
GO_Biological_Process_2023,Response To Reactive Oxygen Species (GO:0000302),2/66,0.0328204620598809,0.1384647388241946,0,0,7.384672619047619,25.231233939369243,JUN;MAPK3
GO_Molecular_Function_2023,"Oxidoreductase Activity, Acting On NAD(P)H, Oxygen As Acceptor (GO:0050664)",1/12,0.0504102825788442,0.1386282770918215,0,0,21.28663101604278,63.59508959960995,MICAL1
GO_Biological_Process_2023,Response To Hydroxyurea (GO:0072710),1/9,0.038048266007532,0.1399694129598351,0,0,29.273529411764702,95.69223347722578,DDI2
GO_Biological_Process_2023,Negative Regulation Of Phosphatidylinositol 3-Kinase Signaling (GO:0014067),1/9,0.038048266007532,0.1399694129598351,0,0,29.273529411764702,95.69223347722578,TSC2
GO_Biological_Process_2023,Negative Regulation Of Potassium Ion Transmembrane Transporter Activity (GO:1901017),1/9,0.038048266007532,0.1399694129598351,0,0,29.273529411764702,95.69223347722578,OXSR1
GO_Biological_Process_2023,Negative Regulation Of Sodium Ion Transmembrane Transport (GO:1902306),1/9,0.038048266007532,0.1399694129598351,0,0,29.273529411764702,95.69223347722578,OXSR1
GO_Biological_Process_2023,Neurotransmitter Receptor Transport To Postsynaptic Membrane (GO:0098969),1/9,0.038048266007532,0.1399694129598351,0,0,29.273529411764702,95.69223347722578,STX3
GO_Biological_Process_2023,Cell Differentiation Involved In Metanephros Development (GO:0072202),1/9,0.038048266007532,0.1399694129598351,0,0,29.273529411764702,95.69223347722578,OXSR1
GO_Biological_Process_2023,Peptidyl-Serine Dephosphorylation (GO:0070262),1/9,0.038048266007532,0.1399694129598351,0,0,29.273529411764702,95.69223347722578,PPP3CA
GO_Biological_Process_2023,Dosage Compensation (GO:0007549),1/9,0.038048266007532,0.1399694129598351,0,0,29.273529411764702,95.69223347722578,YTHDC1
GO_Biological_Process_2023,Skeletal Muscle Tissue Regeneration (GO:0043403),1/9,0.038048266007532,0.1399694129598351,0,0,29.273529411764702,95.69223347722578,PPP3CA
GO_Biological_Process_2023,Synaptic Vesicle Fusion To Presynaptic Active Zone Membrane (GO:0031629),1/9,0.038048266007532,0.1399694129598351,0,0,29.273529411764702,95.69223347722578,STX3
GO_Biological_Process_2023,Forelimb Morphogenesis (GO:0035136),1/9,0.038048266007532,0.1399694129598351,0,0,29.273529411764702,95.69223347722578,OXSR1
GO_Biological_Process_2023,Intestinal Cholesterol Absorption (GO:0030299),1/9,0.038048266007532,0.1399694129598351,0,0,29.273529411764702,95.69223347722578,LIMA1
GO_Biological_Process_2023,Lipid Import Into Cell (GO:0140354),1/9,0.038048266007532,0.1399694129598351,0,0,29.273529411764702,95.69223347722578,RPS6KB1
GO_Biological_Process_2023,Long-Chain Fatty Acid Import Into Cell (GO:0044539),1/9,0.038048266007532,0.1399694129598351,0,0,29.273529411764702,95.69223347722578,RPS6KB1
GO_Biological_Process_2023,Negative Regulation Of Protein Binding (GO:0032091),2/71,0.0375045710905225,0.1399694129598351,0,0,6.8478260869565215,22.483415742857915,XIRP1;GTF2F1
GO_Biological_Process_2023,Regulation Of Cilium Assembly (GO:1902017),2/71,0.0375045710905225,0.1399694129598351,0,0,6.8478260869565215,22.483415742857915,TBC1D9B;TBC1D5
GO_Biological_Process_2023,Negative Regulation Of Supramolecular Fiber Organization (GO:1902904),2/71,0.0375045710905225,0.1399694129598351,0,0,6.8478260869565215,22.483415742857915,LIMA1;SSH1
GO_Biological_Process_2023,Positive Regulation Of Protein Transport (GO:0051222),2/70,0.0365482055274848,0.1399694129598351,0,0,6.9488795518207285,22.99469847199605,ICE1;TPR
GO_Biological_Process_2023,Double-Strand Break Repair (GO:0006302),3/168,0.0358924507107431,0.1399694129598351,0,0,4.32617743702081,14.39417996557644,XRCC6;MTA1;XRCC5
GO_Biological_Process_2023,DNA Metabolic Process (GO:0006259),4/288,0.0356806572365236,0.1399694129598351,0,0,3.3716935760906903,11.238348814626752,XRCC6;XRCC5;CHEK1;PDS5A
GO_Biological_Process_2023,Telomere Maintenance (GO:0000723),2/68,0.0346645906265795,0.1399694129598351,0,0,7.16017316017316,24.07276391232094,XRCC6;XRCC5
GO_Biological_Process_2023,Regulation Of Actin Filament Polymerization (GO:0030833),2/70,0.0365482055274848,0.1399694129598351,0,0,6.9488795518207285,22.99469847199605,VASP;SSH1
GO_Biological_Process_2023,Positive Regulation Of Protein Localization To Nucleus (GO:1900182),2/72,0.0384705104335523,0.140253475257749,0,0,6.7496598639455785,21.98946911741363,PPP3CB;TPR
GO_Biological_Process_2023,Regulation Of Cellular Localization (GO:0060341),2/72,0.0384705104335523,0.140253475257749,0,0,6.7496598639455785,21.98946911741363,RAB14;TPR
GO_Cellular_Component_2023,Lysosome (GO:0005764),6/503,0.0213004248171968,0.1417010066113413,0,0,2.9301307847082496,11.278156201687471,RPTOR;SPAG9;FYCO1;AHNAK;RAB14;TSC2
GO_Cellular_Component_2023,Cortical Endoplasmic Reticulum (GO:0032541),1/5,0.0213178505521487,0.1417010066113413,0,0,58.55882352941177,225.34667975778615,EMD
GO_Cellular_Component_2023,Nuclear Lumen (GO:0031981),8/780,0.0189250633887919,0.1417010066113413,0,0,2.543111465391258,10.08920506816859,RPS6KA3;JUN;XRCC6;PPP1R12A;XRCC5;RPS6;NOP2;NUP153
GO_Cellular_Component_2023,Asymmetric Synapse (GO:0032279),3/133,0.0197100943244129,0.1417010066113413,0,0,5.50064874884152,21.59898144020572,DTNBP1;TSC2;ADD3
Reactome_2022,RIP-mediated NFkB Activation Via ZBP1 R-HSA-1810476,1/17,0.0706656488135395,0.1419327074042154,0,0,14.630882352941176,38.768849097220134,NFKB2
GO_Biological_Process_2023,Serine Family Amino Acid Biosynthetic Process (GO:0009070),1/10,0.0421865092184754,0.1423138257038195,0,0,26.019607843137255,82.36909635390154,SEPHS2
GO_Biological_Process_2023,Urogenital System Development (GO:0001655),1/10,0.0421865092184754,0.1423138257038195,0,0,26.019607843137255,82.36909635390154,OXSR1
GO_Biological_Process_2023,Mesonephros Development (GO:0001823),1/10,0.0421865092184754,0.1423138257038195,0,0,26.019607843137255,82.36909635390154,OXSR1
GO_Biological_Process_2023,Metanephric Mesenchyme Development (GO:0072075),1/10,0.0421865092184754,0.1423138257038195,0,0,26.019607843137255,82.36909635390154,OXSR1
GO_Biological_Process_2023,Mitotic Spindle Elongation (GO:0000022),1/10,0.0421865092184754,0.1423138257038195,0,0,26.019607843137255,82.36909635390154,KIF4A
GO_Biological_Process_2023,Mitotic Spindle Midzone Assembly (GO:0051256),1/10,0.0421865092184754,0.1423138257038195,0,0,26.019607843137255,82.36909635390154,KIF4A
GO_Biological_Process_2023,snRNA Transcription By RNA Polymerase II (GO:0042795),1/10,0.0421865092184754,0.1423138257038195,0,0,26.019607843137255,82.36909635390154,ICE1
GO_Biological_Process_2023,Regulation Of Mitotic Sister Chromatid Separation (GO:0010965),1/10,0.0421865092184754,0.1423138257038195,0,0,26.019607843137255,82.36909635390154,TPR
GO_Biological_Process_2023,Response To Leucine (GO:0043201),1/10,0.0421865092184754,0.1423138257038195,0,0,26.019607843137255,82.36909635390154,RPTOR
GO_Biological_Process_2023,Cellular Response To Leucine (GO:0071233),1/10,0.0421865092184754,0.1423138257038195,0,0,26.019607843137255,82.36909635390154,RPTOR
GO_Biological_Process_2023,Negative Regulation Of Sodium Ion Transmembrane Transporter Activity (GO:2000650),1/10,0.0421865092184754,0.1423138257038195,0,0,26.019607843137255,82.36909635390154,OXSR1
GO_Biological_Process_2023,Insulin-Like Growth Factor Receptor Signaling Pathway (GO:0048009),1/10,0.0421865092184754,0.1423138257038195,0,0,26.019607843137255,82.36909635390154,TSC2
GO_Biological_Process_2023,TORC1 Signaling (GO:0038202),1/10,0.0421865092184754,0.1423138257038195,0,0,26.019607843137255,82.36909635390154,RPTOR
GO_Biological_Process_2023,Negative Regulation Of Nuclear Division (GO:0051784),1/10,0.0421865092184754,0.1423138257038195,0,0,26.019607843137255,82.36909635390154,CHEK1
GO_Biological_Process_2023,Regulation Of Plasma Membrane Bounded Cell Projection Assembly (GO:0120032),2/75,0.0414247953532833,0.1423138257038195,0,0,6.47129810828441,20.603808508753225,TBC1D9B;TBC1D5
GO_Biological_Process_2023,Cellular Response To Reactive Oxygen Species (GO:0034614),2/73,0.0394459256583925,0.1423138257038195,0,0,6.654258886653253,21.51205126222182,JUN;MAPK3
GO_Biological_Process_2023,rRNA Base Methylation (GO:0070475),1/10,0.0421865092184754,0.1423138257038195,0,0,26.019607843137255,82.36909635390154,NOP2
GO_Biological_Process_2023,Actin Filament Depolymerization (GO:0030042),1/10,0.0421865092184754,0.1423138257038195,0,0,26.019607843137255,82.36909635390154,MICAL1
GO_Molecular_Function_2023,Myosin V Binding (GO:0031489),1/14,0.0585642627035488,0.1446178732067227,0,0,18.00995475113122,51.10559906499446,RAB14
GO_Molecular_Function_2023,Muscle Alpha-Actinin Binding (GO:0051371),1/14,0.0585642627035488,0.1446178732067227,0,0,18.00995475113122,51.10559906499446,PALLD
GO_Molecular_Function_2023,Aspartic-Type Peptidase Activity (GO:0070001),1/14,0.0585642627035488,0.1446178732067227,0,0,18.00995475113122,51.10559906499446,DDI2
GO_Molecular_Function_2023,Protein Kinase Activator Activity (GO:0030295),2/88,0.0551496350594298,0.1446178732067227,0,0,5.489479512735326,15.906893057840293,RPTOR;NEK9
GO_Molecular_Function_2023,SUMO Ligase Activity (GO:0061665),1/13,0.0544959601278673,0.1446178732067227,0,0,19.511764705882353,56.77199069596926,RANBP2
Reactome_2022,Cargo Recognition For Clathrin-Mediated Endocytosis R-HSA-8856825,2/104,0.0738787055922056,0.1477574111844112,0,0,4.624649859943977,12.048741998868683,AGFG1;REPS1
GO_Molecular_Function_2023,Double-Stranded DNA Binding (GO:0003690),6/650,0.0611014964768627,0.1478656214740078,0,0,2.244177018633541,6.272966064217113,JUN;XRCC6;JUND;XRCC5;OXSR1;NFKB2
KEGG_2021_Human,TGF-beta signaling pathway,2/94,0.0619519127275478,0.1480583095309965,0,0,5.12991718426501,14.268335220264351,RPS6KB1;MAPK3
KEGG_2021_Human,Rap1 signaling pathway,3/210,0.0619994171161047,0.1480583095309965,0,0,3.441068622315348,9.56833965953462,VASP;TLN1;MAPK3
KEGG_2021_Human,GnRH signaling pathway,2/93,0.0607990049006526,0.1480583095309965,0,0,5.186551543694401,14.523287532579202,JUN;MAPK3
Reactome_2022,TP53 Regulates Transcription Of Genes Involved In G2 Cell Cycle Arrest R-HSA-6804114,1/18,0.0746651782709374,0.1487002706492931,0,0,13.76955017301038,35.728422579909434,CDC25C
GO_Biological_Process_2023,Negative Regulation Of Potassium Ion Transmembrane Transport (GO:1901380),1/11,0.0463071568006132,0.1499909102744962,0,0,23.416470588235295,71.94614007723759,OXSR1
GO_Biological_Process_2023,Negative Regulation Of Transcription By RNA Polymerase II (GO:0000122),7/763,0.0459161570315777,0.1499909102744962,0,0,2.2454289732770745,6.918027941391765,JUN;MTA1;JUND;TPR;DDX20;IRF2BP2;OXSR1
GO_Biological_Process_2023,Regulation Of Actin Filament Depolymerization (GO:0030834),1/11,0.0463071568006132,0.1499909102744962,0,0,23.416470588235295,71.94614007723759,LIMA1
GO_Biological_Process_2023,Intestinal Lipid Absorption (GO:0098856),1/11,0.0463071568006132,0.1499909102744962,0,0,23.416470588235295,71.94614007723759,LIMA1
GO_Biological_Process_2023,Regulation Of Cytoplasmic Transport (GO:1903649),1/11,0.0463071568006132,0.1499909102744962,0,0,23.416470588235295,71.94614007723759,MAPK3
GO_Biological_Process_2023,Positive Regulation Of Mitotic Cell Cycle Spindle Assembly Checkpoint (GO:0090267),1/11,0.0463071568006132,0.1499909102744962,0,0,23.416470588235295,71.94614007723759,TPR
GO_Biological_Process_2023,Dosage Compensation By Inactivation Of X Chromosome (GO:0009048),1/11,0.0463071568006132,0.1499909102744962,0,0,23.416470588235295,71.94614007723759,YTHDC1
GO_Biological_Process_2023,Podocyte Differentiation (GO:0072112),1/11,0.0463071568006132,0.1499909102744962,0,0,23.416470588235295,71.94614007723759,MYO1E
GO_Biological_Process_2023,Regulation Of Stress-Activated Protein Kinase Signaling Cascade (GO:0070302),1/11,0.0463071568006132,0.1499909102744962,0,0,23.416470588235295,71.94614007723759,MAPK3
GO_Biological_Process_2023,Positive Regulation Of Spindle Checkpoint (GO:0090232),1/11,0.0463071568006132,0.1499909102744962,0,0,23.416470588235295,71.94614007723759,TPR
GO_Biological_Process_2023,Regulation Of Organelle Assembly (GO:1902115),2/80,0.0465310679425488,0.150118088243223,0,0,6.054945054945055,18.574361747156463,TBC1D9B;TBC1D5
GO_Biological_Process_2023,Negative Regulation Of Nucleic Acid-Templated Transcription (GO:1903507),5/456,0.0467729732818843,0.1503020841034466,0,0,2.663901891544168,8.158065646751625,JUN;XRCC6;MTA1;XRCC5;CIC
GO_Biological_Process_2023,Axonogenesis (GO:0007409),3/188,0.0474431311504124,0.1512598651971973,0,0,3.854575056984696,11.7496063642768,VASP;PPP3CB;PALLD
GO_Biological_Process_2023,Supramolecular Fiber Organization (GO:0097435),4/316,0.0474053606925569,0.1512598651971973,0,0,3.0647279549718576,9.34441671249038,MYO1E;MAP7D3;XIRP1;AGFG1
Reactome_2022,Resolution Of Sister Chromatid Cohesion R-HSA-2500257,2/106,0.0763466136014558,0.1514100908398619,0,0,4.535256410256411,11.666818322795091,RANBP2;PDS5A
Reactome_2022,RHO GTPases Activate ROCKs R-HSA-5627117,1/19,0.0786476946512038,0.1518887522958709,0,0,13.003921568627453,33.06607217254294,PPP1R12A
Reactome_2022,Signaling By FGFR2 IIIa TM R-HSA-8851708,1/19,0.0786476946512038,0.1518887522958709,0,0,13.003921568627453,33.06607217254294,GTF2F1
Reactome_2022,Initiation Of Nuclear Envelope (NE) Reformation R-HSA-2995383,1/19,0.0786476946512038,0.1518887522958709,0,0,13.003921568627453,33.06607217254294,EMD
Reactome_2022,L13a-mediated Translational Silencing Of Ceruloplasmin Expression R-HSA-156827,2/108,0.0788405599840855,0.1518887522958709,0,0,4.449236298292902,11.30251818539782,RPS6;EIF4B
Reactome_2022,RHO GTPases Activate CIT R-HSA-5625900,1/19,0.0786476946512038,0.1518887522958709,0,0,13.003921568627453,33.06607217254294,PPP1R12A
Reactome_2022,SUMOylation Of Transcription Factors R-HSA-3232118,1/19,0.0786476946512038,0.1518887522958709,0,0,13.003921568627453,33.06607217254294,MTA1
Reactome_2022,Mitotic Anaphase R-HSA-68882,3/232,0.0783826336061539,0.1518887522958709,0,0,3.1070132056610724,7.910930641329971,RANBP2;PDS5A;EMD
Reactome_2022,Mitotic Metaphase And Anaphase R-HSA-2555396,3/233,0.0791685552111798,0.1519006425190118,0,0,3.093347302252488,7.84527346344335,RANBP2;PDS5A;EMD
Reactome_2022,GTP Hydrolysis And Joining Of 60S Ribosomal Subunit R-HSA-72706,2/109,0.0800971046375517,0.1524428765682436,0,0,4.4074321317311975,11.12663105088759,RPS6;EIF4B
Reactome_2022,Signaling By B Cell Receptor (BCR) R-HSA-983705,2/109,0.0800971046375517,0.1524428765682436,0,0,4.4074321317311975,11.12663105088759,PPP3CA;PPP3CB
Reactome_2022,Apoptotic Factor-Mediated Response R-HSA-111471,1/20,0.0826132694677771,0.1553524429832303,0,0,12.318885448916408,30.718187529247057,MAPK3
Reactome_2022,Nef-mediated Downmodulation Of Cell Surface Receptors By Recruitment To Clathrin Adapters R-HSA-164938,1/20,0.0826132694677771,0.1553524429832303,0,0,12.318885448916408,30.718187529247057,PACS1
Reactome_2022,Signal Transduction By L1 R-HSA-445144,1/20,0.0826132694677771,0.1553524429832303,0,0,12.318885448916408,30.718187529247057,MAPK3
GO_Biological_Process_2023,Regulation Of Cell Differentiation (GO:0045595),3/193,0.050584544488692,0.1557693931333212,0,0,3.752187698161065,11.196937808574203,RPS6KA3;MTA1;RPS6KA1
GO_Biological_Process_2023,Negative Regulation By Host Of Viral Transcription (GO:0043922),1/12,0.0504102825788442,0.1557693931333212,0,0,21.28663101604278,63.59508959960995,JUN
GO_Biological_Process_2023,Positive Regulation Of Protein Localization To Cell Surface (GO:2000010),1/12,0.0504102825788442,0.1557693931333212,0,0,21.28663101604278,63.59508959960995,STX3
GO_Biological_Process_2023,snRNA Transcription (GO:0009301),1/12,0.0504102825788442,0.1557693931333212,0,0,21.28663101604278,63.59508959960995,ICE1
GO_Biological_Process_2023,Dendrite Self-Avoidance (GO:0070593),1/12,0.0504102825788442,0.1557693931333212,0,0,21.28663101604278,63.59508959960995,PALLD
GO_Biological_Process_2023,Positive Regulation Of T Cell Chemotaxis (GO:0010820),1/12,0.0504102825788442,0.1557693931333212,0,0,21.28663101604278,63.59508959960995,OXSR1
GO_Biological_Process_2023,Regulation Of Chromosome Separation (GO:1905818),1/12,0.0504102825788442,0.1557693931333212,0,0,21.28663101604278,63.59508959960995,TPR
GO_Biological_Process_2023,Vesicle-Mediated Transport To The Plasma Membrane (GO:0098876),2/83,0.0497001706125917,0.1557693931333212,0,0,5.829805996472663,17.4996021535136,GGA2;RAB14
GO_Biological_Process_2023,Epigenetic Regulation Of Gene Expression (GO:0040029),2/83,0.0497001706125917,0.1557693931333212,0,0,5.829805996472663,17.4996021535136,MTA1;CHEK1
GO_Biological_Process_2023,Regulation Of Cysteine-Type Endopeptidase Activity Involved In Apoptotic Process (GO:0043281),2/84,0.0507735414272203,0.1557693931333212,0,0,5.758420441347271,17.16228052835959,RPS6KA3;RPS6KA1
KEGG_2021_Human,cAMP signaling pathway,3/216,0.0662918606479058,0.1559808485833078,0,0,3.3431189546920073,9.072182307496025,JUN;PPP1R12A;MAPK3
KEGG_2021_Human,Regulation of actin cytoskeleton,3/218,0.0677524439057108,0.1571071163030977,0,0,3.311683945082656,8.91470461702854,PPP1R12A;MAPK3;SSH1
GO_Biological_Process_2023,Protein Localization To Synapse (GO:0035418),1/13,0.0544959601278673,0.1571106935601283,0,0,19.511764705882353,56.77199069596926,STAU2
GO_Biological_Process_2023,Glomerular Filtration (GO:0003094),1/13,0.0544959601278673,0.1571106935601283,0,0,19.511764705882353,56.77199069596926,MYO1E
GO_Biological_Process_2023,Positive Regulation Of Insulin Secretion Involved In Cellular Response To Glucose Stimulus (GO:0035774),1/13,0.0544959601278673,0.1571106935601283,0,0,19.511764705882353,56.77199069596926,PPP3CB
GO_Biological_Process_2023,Positive Regulation Of Heterochromatin Formation (GO:0031453),1/13,0.0544959601278673,0.1571106935601283,0,0,19.511764705882353,56.77199069596926,TPR
GO_Biological_Process_2023,Spliceosomal tri-snRNP Complex Assembly (GO:0000244),1/13,0.0544959601278673,0.1571106935601283,0,0,19.511764705882353,56.77199069596926,DDX20
GO_Biological_Process_2023,Positive Regulation Of Cyclase Activity (GO:0031281),1/13,0.0544959601278673,0.1571106935601283,0,0,19.511764705882353,56.77199069596926,MAPK3
GO_Biological_Process_2023,Response To Chemokine (GO:1990868),1/13,0.0544959601278673,0.1571106935601283,0,0,19.511764705882353,56.77199069596926,OXSR1
GO_Biological_Process_2023,Peptidyl-Tyrosine Autophosphorylation (GO:0038083),1/13,0.0544959601278673,0.1571106935601283,0,0,19.511764705882353,56.77199069596926,MAPK3
GO_Biological_Process_2023,Regulation Of Nitrogen Compound Metabolic Process (GO:0051171),1/13,0.0544959601278673,0.1571106935601283,0,0,19.511764705882353,56.77199069596926,SSH1
GO_Biological_Process_2023,Negative Regulation Of Translational Initiation (GO:0045947),1/13,0.0544959601278673,0.1571106935601283,0,0,19.511764705882353,56.77199069596926,TPR
GO_Biological_Process_2023,Regulation Of Gastrulation (GO:0010470),1/13,0.0544959601278673,0.1571106935601283,0,0,19.511764705882353,56.77199069596926,OXSR1
GO_Biological_Process_2023,Positive Regulation Of Protein Localization (GO:1903829),2/85,0.0518552627411312,0.1571106935601283,0,0,5.688755020080321,16.83472618948413,PPP3CB;STX3
GO_Biological_Process_2023,Calcium-Mediated Signaling (GO:0019722),2/85,0.0518552627411312,0.1571106935601283,0,0,5.688755020080321,16.83472618948413,PPP3CA;PPP3CB
GO_Biological_Process_2023,Regulation Of T Cell Chemotaxis (GO:0010819),1/13,0.0544959601278673,0.1571106935601283,0,0,19.511764705882353,56.77199069596926,OXSR1
GO_Biological_Process_2023,Regulation Of Cell Fate Commitment (GO:0010453),1/13,0.0544959601278673,0.1571106935601283,0,0,19.511764705882353,56.77199069596926,MTA1
GO_Biological_Process_2023,Positive Regulation Of Macrophage Chemotaxis (GO:0010759),1/13,0.0544959601278673,0.1571106935601283,0,0,19.511764705882353,56.77199069596926,MAPK3
GO_Biological_Process_2023,Protein Import Into Peroxisome Matrix (GO:0016558),1/13,0.0544959601278673,0.1571106935601283,0,0,19.511764705882353,56.77199069596926,PEX5L
KEGG_2021_Human,AGE-RAGE signaling pathway in diabetic complications,2/100,0.0690235124413976,0.1577680284374803,0,0,4.814382896015549,12.870328659591635,JUN;MAPK3
GO_Biological_Process_2023,Positive Regulation Of Cell Adhesion (GO:0045785),2/88,0.0551496350594298,0.15787553980041,0,0,5.489479512735326,15.906893057840293,PPP3CA;STX3
GO_Biological_Process_2023,Negative Regulation Of Protein Kinase Activity (GO:0006469),2/88,0.0551496350594298,0.15787553980041,0,0,5.489479512735326,15.906893057840293,DTNBP1;TSC2
KEGG_2021_Human,Selenocompound metabolism,1/17,0.0706656488135395,0.1587499127439425,0,0,14.630882352941176,38.768849097220134,SEPHS2
KEGG_2021_Human,Chagas disease,2/102,0.0714374607347741,0.1587499127439425,0,0,4.717619047619047,12.44948005343785,JUN;MAPK3
Reactome_2022,RHO GTPases Activate PAKs R-HSA-5627123,1/21,0.0865619739356447,0.158977633064686,0,0,11.702352941176471,28.634424919991112,PPP1R12A
Reactome_2022,ZBP1(DAI) Mediated Induction Of Type I IFNs R-HSA-1606322,1/21,0.0865619739356447,0.158977633064686,0,0,11.702352941176471,28.634424919991112,NFKB2
Reactome_2022,Macroautophagy R-HSA-1632852,2/114,0.0864725088858389,0.158977633064686,0,0,4.209608843537415,10.30482243818632,RPTOR;TSC2
Reactome_2022,Inflammasomes R-HSA-622312,1/21,0.0865619739356447,0.158977633064686,0,0,11.702352941176471,28.634424919991112,NFKB2
Reactome_2022,Defects In Vitamin And Cofactor Metabolism R-HSA-3296482,1/21,0.0865619739356447,0.158977633064686,0,0,11.702352941176471,28.634424919991112,ACACA
Reactome_2022,TP53 Regulates Transcription Of Additional Cell Cycle Genes With Uncertain Roles In P53 Pathway R-HSA-6804115,1/21,0.0865619739356447,0.158977633064686,0,0,11.702352941176471,28.634424919991112,CDC25C
GO_Cellular_Component_2023,PTW/PP1 Phosphatase Complex (GO:0072357),1/6,0.025527220063161,0.1602542148409554,0,0,46.84470588235294,171.82684693856828,PPP1R12A
GO_Biological_Process_2023,Regulation Of Vesicle-Mediated Transport (GO:0060627),2/89,0.0562638667229234,0.1605000829674975,0,0,5.426108374384237,15.614726984034691,TSC2;MAPK3
KEGG_2021_Human,Toll-like receptor signaling pathway,2/104,0.0738787055922056,0.1614382232885134,0,0,4.624649859943977,12.048741998868683,JUN;MAPK3
KEGG_2021_Human,Fatty acid biosynthesis,1/18,0.0746651782709374,0.1614382232885134,0,0,13.76955017301038,35.728422579909434,ACACA
Reactome_2022,Cap-dependent Translation Initiation R-HSA-72737,2/116,0.0890645301084317,0.1623106494640145,0,0,4.135338345864661,10.00087791743202,RPS6;EIF4B
Reactome_2022,Epigenetic Regulation Of Gene Expression R-HSA-212165,2/116,0.0890645301084317,0.1623106494640145,0,0,4.135338345864661,10.00087791743202,MYO1E;MTA1
Reactome_2022,Insertion Of Tail-Anchored Proteins Into Endoplasmic Reticulum Membrane R-HSA-9609523,1/22,0.0904938789441273,0.1624072656335668,0,0,11.14453781512605,26.774451939878727,EMD
Reactome_2022,Signaling By NODAL R-HSA-1181150,1/22,0.0904938789441273,0.1624072656335668,0,0,11.14453781512605,26.774451939878727,MAPK3
Reactome_2022,Response Of Mtb To Phagocytosis R-HSA-9637690,1/22,0.0904938789441273,0.1624072656335668,0,0,11.14453781512605,26.774451939878727,MAPK3
Reactome_2022,Transmission Across Chemical Synapses R-HSA-112315,3/246,0.0896966364900199,0.1624072656335668,0,0,2.925925925925926,7.055349578800929,RPS6KA3;RPS6KA1;MAPK3
GO_Biological_Process_2023,Phagolysosome Assembly (GO:0001845),1/14,0.0585642627035488,0.1625008381501203,0,0,18.00995475113122,51.10559906499446,RAB14
GO_Biological_Process_2023,Cellular Response To ATP (GO:0071318),1/14,0.0585642627035488,0.1625008381501203,0,0,18.00995475113122,51.10559906499446,SSH1
GO_Biological_Process_2023,Centromere Complex Assembly (GO:0034508),1/14,0.0585642627035488,0.1625008381501203,0,0,18.00995475113122,51.10559906499446,CENPV
GO_Biological_Process_2023,T Cell Proliferation (GO:0042098),1/14,0.0585642627035488,0.1625008381501203,0,0,18.00995475113122,51.10559906499446,PPP3CB
GO_Biological_Process_2023,Serine Family Amino Acid Metabolic Process (GO:0009069),1/14,0.0585642627035488,0.1625008381501203,0,0,18.00995475113122,51.10559906499446,SEPHS2
GO_Biological_Process_2023,Synaptic Vesicle Membrane Organization (GO:0048499),1/14,0.0585642627035488,0.1625008381501203,0,0,18.00995475113122,51.10559906499446,STX3
GO_Biological_Process_2023,Positive Regulation Of Protein-Containing Complex Disassembly (GO:0043243),1/14,0.0585642627035488,0.1625008381501203,0,0,18.00995475113122,51.10559906499446,FYCO1
GO_Biological_Process_2023,Regulation Of Cell Fate Specification (GO:0042659),1/14,0.0585642627035488,0.1625008381501203,0,0,18.00995475113122,51.10559906499446,MTA1
GO_Cellular_Component_2023,Postsynaptic Density (GO:0014069),3/151,0.0273832893130804,0.1628585101251627,0,0,4.827254965809183,17.367605712089812,DTNBP1;TSC2;ADD3
KEGG_2021_Human,"Parathyroid hormone synthesis, secretion and action",2/106,0.0763466136014558,0.1628727756831057,0,0,4.535256410256411,11.666818322795091,JUND;MAPK3
KEGG_2021_Human,Coronavirus disease,3/232,0.0783826336061539,0.163541948341093,0,0,3.1070132056610724,7.910930641329971,JUN;RPS6;MAPK3
KEGG_2021_Human,Pathways in cancer,5/531,0.078704562639151,0.163541948341093,0,0,2.275266394404544,5.783850380603725,JUN;RPS6KB1;TPR;MAPK3;NFKB2
GO_Biological_Process_2023,"Protein Localization To Chromosome, Telomeric Region (GO:0070198)",1/15,0.0626152632725983,0.1671459995426993,0,0,16.722689075630253,46.33432734971711,XRCC5
GO_Biological_Process_2023,"Retrograde Transport, Endosome To Golgi (GO:0042147)",2/94,0.0619519127275478,0.1671459995426993,0,0,5.12991718426501,14.268335220264351,SPAG9;TBC1D5
GO_Biological_Process_2023,Positive Regulation Of Secretion (GO:0051047),1/15,0.0626152632725983,0.1671459995426993,0,0,16.722689075630253,46.33432734971711,PPP3CA
GO_Biological_Process_2023,Golgi To Endosome Transport (GO:0006895),1/15,0.0626152632725983,0.1671459995426993,0,0,16.722689075630253,46.33432734971711,RAB14
GO_Biological_Process_2023,Synaptic Vesicle Transport Along Microtubule (GO:0099517),1/15,0.0626152632725983,0.1671459995426993,0,0,16.722689075630253,46.33432734971711,DTNBP1
GO_Biological_Process_2023,Positive Regulation Of Cell Activation (GO:0050867),1/15,0.0626152632725983,0.1671459995426993,0,0,16.722689075630253,46.33432734971711,RPS6KA1
GO_Biological_Process_2023,Phagosome Maturation (GO:0090382),1/15,0.0626152632725983,0.1671459995426993,0,0,16.722689075630253,46.33432734971711,RAB14
GO_Biological_Process_2023,Anterograde Synaptic Vesicle Transport (GO:0048490),1/15,0.0626152632725983,0.1671459995426993,0,0,16.722689075630253,46.33432734971711,DTNBP1
GO_Biological_Process_2023,Negative Regulation Of Epithelial Cell Differentiation (GO:0030857),1/15,0.0626152632725983,0.1671459995426993,0,0,16.722689075630253,46.33432734971711,OXSR1
GO_Biological_Process_2023,Negative Regulation Of DNA Replication (GO:0008156),1/15,0.0626152632725983,0.1671459995426993,0,0,16.722689075630253,46.33432734971711,PDS5A
GO_Biological_Process_2023,"mRNA Splicing, Via Spliceosome (GO:0000398)",3/211,0.0627054487829315,0.1671459995426993,0,0,3.42435125115848,9.483079659764478,SRRM2;YTHDC1;DDX20
GO_Biological_Process_2023,Positive Regulation Of Cellular Component Biogenesis (GO:0044089),2/93,0.0607990049006526,0.1671459995426993,0,0,5.186551543694401,14.523287532579202,ICE1;TPR
Reactome_2022,Miscellaneous Transport And Binding Events R-HSA-5223345,1/23,0.0944090551290999,0.1675228346651697,0,0,10.637433155080211,25.105600520866265,ADD3
Reactome_2022,RAF-independent MAPK1/3 Activation R-HSA-112409,1/23,0.0944090551290999,0.1675228346651697,0,0,10.637433155080211,25.105600520866265,MAPK3
Reactome_2022,Abortive Elongation Of HIV-1 Transcript In Absence Of Tat R-HSA-167242,1/23,0.0944090551290999,0.1675228346651697,0,0,10.637433155080211,25.105600520866265,GTF2F1
GO_Molecular_Function_2023,Phosphatase Activator Activity (GO:0019211),1/17,0.0706656488135395,0.1676577158125153,0,0,14.630882352941176,38.768849097220134,GTF2F1
GO_Biological_Process_2023,Recombinational Repair (GO:0000725),2/95,0.0631123000545204,0.1676807187723044,0,0,5.074500768049155,14.0200316665264,XRCC6;XRCC5
GO_Molecular_Function_2023,Protein Kinase Regulator Activity (GO:0019887),2/103,0.0726547108854377,0.1690619234064994,0,0,4.670674210278171,12.24668081613832,RPTOR;NEK9
GO_Molecular_Function_2023,Aspartic-Type Endopeptidase Activity (GO:0004190),1/18,0.0746651782709374,0.1704620107694986,0,0,13.76955017301038,35.728422579909434,DDI2
Reactome_2022,Growth Hormone Receptor Signaling R-HSA-982772,1/24,0.0983075728072943,0.1712220456274647,0,0,10.174424552429668,23.601146819428006,MAPK3
Reactome_2022,Estrogen-dependent Nuclear Events Downstream Of ESR-membrane Signaling R-HSA-9634638,1/24,0.0983075728072943,0.1712220456274647,0,0,10.174424552429668,23.601146819428006,MAPK3
Reactome_2022,RUNX2 Regulates Osteoblast Differentiation R-HSA-8940973,1/24,0.0983075728072943,0.1712220456274647,0,0,10.174424552429668,23.601146819428006,MAPK3
Reactome_2022,RHO GTPases Activate NADPH Oxidases R-HSA-5668599,1/24,0.0983075728072943,0.1712220456274647,0,0,10.174424552429668,23.601146819428006,MAPK3
Reactome_2022,Other Interleukin Signaling R-HSA-449836,1/24,0.0983075728072943,0.1712220456274647,0,0,10.174424552429668,23.601146819428006,STX3
GO_Biological_Process_2023,Regulation Of Establishment Of Endothelial Barrier (GO:1903140),1/16,0.0666490345194074,0.1714736236211338,0,0,15.607058823529412,42.26882712102443,PPP1R12A
GO_Biological_Process_2023,Mesonephric Tubule Development (GO:0072164),1/16,0.0666490345194074,0.1714736236211338,0,0,15.607058823529412,42.26882712102443,OXSR1
GO_Biological_Process_2023,Regulation Of Golgi Organization (GO:1903358),1/16,0.0666490345194074,0.1714736236211338,0,0,15.607058823529412,42.26882712102443,MAPK3
GO_Biological_Process_2023,Regulation Of Autophagosome Maturation (GO:1901096),1/16,0.0666490345194074,0.1714736236211338,0,0,15.607058823529412,42.26882712102443,FYCO1
GO_Biological_Process_2023,Positive Regulation By Host Of Viral Transcription (GO:0043923),1/16,0.0666490345194074,0.1714736236211338,0,0,15.607058823529412,42.26882712102443,JUN
GO_Biological_Process_2023,Ruffle Organization (GO:0031529),1/16,0.0666490345194074,0.1714736236211338,0,0,15.607058823529412,42.26882712102443,LIMA1
GO_Biological_Process_2023,Cellular Response To Nitrogen Compound (GO:1901699),1/16,0.0666490345194074,0.1714736236211338,0,0,15.607058823529412,42.26882712102443,DDI2
GO_Biological_Process_2023,Regulation Of Protein Localization (GO:0032880),2/97,0.065455178175553,0.1714736236211338,0,0,4.967167919799499,13.542435321821053,RAB14;TPR
GO_Biological_Process_2023,Regulation Of Nucleocytoplasmic Transport (GO:0046822),1/16,0.0666490345194074,0.1714736236211338,0,0,15.607058823529412,42.26882712102443,TPR
GO_Biological_Process_2023,Positive Regulation Of Telomere Capping (GO:1904355),1/16,0.0666490345194074,0.1714736236211338,0,0,15.607058823529412,42.26882712102443,MAPK3
KEGG_2021_Human,TNF signaling pathway,2/112,0.0839041112548834,0.1721109974459147,0,0,4.286580086580087,10.622491230942934,JUN;MAPK3
Reactome_2022,Cell Recruitment (Pro-Inflammatory Response) R-HSA-9664424,1/25,0.1021895020267238,0.1750399564081787,0,0,9.75,22.23903168224061,NFKB2
Reactome_2022,Cyclin A/B1/B2 Associated Events During G2/M Transition R-HSA-69273,1/25,0.1021895020267238,0.1750399564081787,0,0,9.75,22.23903168224061,CDC25C
Reactome_2022,Deadenylation Of mRNA R-HSA-429947,1/25,0.1021895020267238,0.1750399564081787,0,0,9.75,22.23903168224061,EIF4B
Reactome_2022,Hemostasis R-HSA-109582,5/576,0.102353872814952,0.1750399564081787,0,0,2.0910899223800565,4.766261259820977,CD2;MICAL1;KIF4A;TLN1;MAPK3
Reactome_2022,TRAF6 Mediated NF-kB Activation R-HSA-933542,1/25,0.1021895020267238,0.1750399564081787,0,0,9.75,22.23903168224061,NFKB2
KEGG_2021_Human,Leukocyte transendothelial migration,2/114,0.0864725088858389,0.1751341952118257,0,0,4.209608843537415,10.30482243818632,VASP;ARHGAP5
GO_Biological_Process_2023,Regulation Of Organelle Organization (GO:0033043),2/100,0.0690235124413976,0.1756916589767816,0,0,4.814382896015549,12.870328659591635,CENPV;MAPK3
GO_Biological_Process_2023,Positive Regulation Of Lymphocyte Chemotaxis (GO:0140131),1/17,0.0706656488135395,0.1756916589767816,0,0,14.630882352941176,38.768849097220134,OXSR1
GO_Biological_Process_2023,Positive Regulation Of Leukocyte Proliferation (GO:0070665),1/17,0.0706656488135395,0.1756916589767816,0,0,14.630882352941176,38.768849097220134,MAPK3
GO_Biological_Process_2023,Embryonic Digit Morphogenesis (GO:0042733),1/17,0.0706656488135395,0.1756916589767816,0,0,14.630882352941176,38.768849097220134,OXSR1
GO_Biological_Process_2023,Ribosomal Small Subunit Assembly (GO:0000028),1/17,0.0706656488135395,0.1756916589767816,0,0,14.630882352941176,38.768849097220134,XRCC5
GO_Biological_Process_2023,Response To Interferon-Alpha (GO:0035455),1/17,0.0706656488135395,0.1756916589767816,0,0,14.630882352941176,38.768849097220134,TPR
GO_Biological_Process_2023,Nuclear Envelope Organization (GO:0006998),1/17,0.0706656488135395,0.1756916589767816,0,0,14.630882352941176,38.768849097220134,EMD
GO_Biological_Process_2023,Regulation Of Mitotic Cell Cycle Spindle Assembly Checkpoint (GO:0090266),1/17,0.0706656488135395,0.1756916589767816,0,0,14.630882352941176,38.768849097220134,TPR
GO_Biological_Process_2023,Negative Regulation Of Fibroblast Proliferation (GO:0048147),1/17,0.0706656488135395,0.1756916589767816,0,0,14.630882352941176,38.768849097220134,EMD
GO_Biological_Process_2023,rRNA Processing (GO:0006364),2/101,0.070227034588829,0.1756916589767816,0,0,4.765512265512266,12.657305103863148,RPS6;NOP2
GO_Biological_Process_2023,Positive Chemotaxis (GO:0050918),1/17,0.0706656488135395,0.1756916589767816,0,0,14.630882352941176,38.768849097220134,TSC2
GO_Biological_Process_2023,Ureteric Bud Development (GO:0001657),1/18,0.0746651782709374,0.1759501157515134,0,0,13.76955017301038,35.728422579909434,OXSR1
GO_Biological_Process_2023,Positive Regulation Of Osteoclast Differentiation (GO:0045672),1/18,0.0746651782709374,0.1759501157515134,0,0,13.76955017301038,35.728422579909434,PPP3CA
GO_Biological_Process_2023,Vesicle Transport Along Actin Filament (GO:0030050),1/18,0.0746651782709374,0.1759501157515134,0,0,13.76955017301038,35.728422579909434,MYO1E
GO_Biological_Process_2023,Positive Regulation Of Phosphoprotein Phosphatase Activity (GO:0032516),1/18,0.0746651782709374,0.1759501157515134,0,0,13.76955017301038,35.728422579909434,PPP1R12A
GO_Biological_Process_2023,Maintenance Of Protein Localization In Organelle (GO:0072595),1/18,0.0746651782709374,0.1759501157515134,0,0,13.76955017301038,35.728422579909434,ARL2BP
GO_Biological_Process_2023,Maintenance Of Protein Location In Nucleus (GO:0051457),1/18,0.0746651782709374,0.1759501157515134,0,0,13.76955017301038,35.728422579909434,ARL2BP
GO_Biological_Process_2023,Regulation Of cAMP-mediated Signaling (GO:0043949),1/18,0.0746651782709374,0.1759501157515134,0,0,13.76955017301038,35.728422579909434,PEX5L
GO_Biological_Process_2023,Barbed-End Actin Filament Capping (GO:0051016),1/18,0.0746651782709374,0.1759501157515134,0,0,13.76955017301038,35.728422579909434,ADD3
GO_Biological_Process_2023,Cellular Response To Inorganic Substance (GO:0071241),1/18,0.0746651782709374,0.1759501157515134,0,0,13.76955017301038,35.728422579909434,DDI2
GO_Biological_Process_2023,Actin Filament Capping (GO:0051693),1/18,0.0746651782709374,0.1759501157515134,0,0,13.76955017301038,35.728422579909434,ADD3
GO_Biological_Process_2023,Regulation Of Epithelial Cell Differentiation (GO:0030856),1/18,0.0746651782709374,0.1759501157515134,0,0,13.76955017301038,35.728422579909434,OXSR1
GO_Biological_Process_2023,Regulation Of Cell Growth (GO:0001558),3/227,0.0745056542998735,0.1759501157515134,0,0,3.177172977624785,8.25073778767191,RPTOR;RPS6KA3;RPS6KA1
GO_Biological_Process_2023,Positive Regulation Of Kinase Activity (GO:0033674),2/104,0.0738787055922056,0.1759501157515134,0,0,4.624649859943977,12.048741998868683,XRCC6;XRCC5
GO_Biological_Process_2023,Regulation Of RNA Splicing (GO:0043484),2/102,0.0714374607347741,0.1759501157515134,0,0,4.717619047619047,12.44948005343785,AHNAK;YTHDC1
GO_Biological_Process_2023,Activation Of GTPase Activity (GO:0090630),2/102,0.0714374607347741,0.1759501157515134,0,0,4.717619047619047,12.44948005343785,TBC1D9B;TBC1D5
GO_Biological_Process_2023,Positive Regulation Of Glycolytic Process (GO:0045821),1/18,0.0746651782709374,0.1759501157515134,0,0,13.76955017301038,35.728422579909434,RPTOR
GO_Biological_Process_2023,Glycerolipid Catabolic Process (GO:0046503),1/18,0.0746651782709374,0.1759501157515134,0,0,13.76955017301038,35.728422579909434,PNPLA6
GO_Biological_Process_2023,Positive Regulation Of Macrophage Migration (GO:1905523),1/18,0.0746651782709374,0.1759501157515134,0,0,13.76955017301038,35.728422579909434,MAPK3
GO_Molecular_Function_2023,R-SMAD Binding (GO:0070412),1/19,0.0786476946512038,0.1762290935702902,0,0,13.003921568627453,33.06607217254294,JUN
GO_Biological_Process_2023,Cellular Response To Organonitrogen Compound (GO:0071417),2/105,0.0751093659584951,0.1763623954278822,0,0,4.579519186315303,11.855505132619507,RPTOR;SSH1
GO_Biological_Process_2023,Apoptotic Process (GO:0006915),3/228,0.0752739867324417,0.1763623954278822,0,0,3.1628915662650603,8.181200688297796,CD2;CHEK1;TSC2
Reactome_2022,Autophagy R-HSA-9612973,2/128,0.105080659667604,0.1787782811141814,0,0,3.7392290249433104,8.424584088559756,RPTOR;TSC2
Reactome_2022,Constitutive Signaling By AKT1 E17K In Cancer R-HSA-5674400,1/26,0.1060549125253618,0.1787782811141814,0,0,9.359529411764706,21.000895961244385,TSC2
Reactome_2022,FGFR2 Alternative Splicing R-HSA-6803529,1/26,0.1060549125253618,0.1787782811141814,0,0,9.359529411764706,21.000895961244385,GTF2F1
Reactome_2022,Infection With Mycobacterium Tuberculosis R-HSA-9635486,1/26,0.1060549125253618,0.1787782811141814,0,0,9.359529411764706,21.000895961244385,MAPK3
GO_Biological_Process_2023,Regulation Of Nuclear Division (GO:0051783),1/19,0.0786476946512038,0.1801142978913486,0,0,13.003921568627453,33.06607217254294,CDC25C
GO_Biological_Process_2023,Regulation Of Early Endosome To Late Endosome Transport (GO:2000641),1/19,0.0786476946512038,0.1801142978913486,0,0,13.003921568627453,33.06607217254294,MAPK3
GO_Biological_Process_2023,Regulation Of Granulocyte Chemotaxis (GO:0071622),1/19,0.0786476946512038,0.1801142978913486,0,0,13.003921568627453,33.06607217254294,MAPK3
GO_Biological_Process_2023,Positive Regulation Of Activated T Cell Proliferation (GO:0042104),1/19,0.0786476946512038,0.1801142978913486,0,0,13.003921568627453,33.06607217254294,PPP3CA
GO_Biological_Process_2023,Vesicle Docking (GO:0048278),1/19,0.0786476946512038,0.1801142978913486,0,0,13.003921568627453,33.06607217254294,STX3
GO_Biological_Process_2023,Interleukin-1-Mediated Signaling Pathway (GO:0070498),1/19,0.0786476946512038,0.1801142978913486,0,0,13.003921568627453,33.06607217254294,MAPK3
GO_Biological_Process_2023,Mitotic Sister Chromatid Cohesion (GO:0007064),1/19,0.0786476946512038,0.1801142978913486,0,0,13.003921568627453,33.06607217254294,PDS5A
GO_Biological_Process_2023,Superoxide Anion Generation (GO:0042554),1/19,0.0786476946512038,0.1801142978913486,0,0,13.003921568627453,33.06607217254294,SH3PXD2A
GO_Biological_Process_2023,Positive Regulation Of Protein Phosphorylation (GO:0001934),4/377,0.0794788144017836,0.1815063935636238,0,0,2.555548290067351,6.471324924303938,RPTOR;XRCC6;XRCC5;MAPK3
GO_Biological_Process_2023,Regulation Of Wnt Signaling Pathway (GO:0030111),2/109,0.0800971046375517,0.1815603811096806,0,0,4.4074321317311975,11.12663105088759,TSC2;EMD
GO_Biological_Process_2023,Mitotic Cell Cycle Phase Transition (GO:0044772),2/111,0.0826289557325729,0.1815603811096806,0,0,4.326124945391,10.786738767741424,RPS6KB1;CDC25C
GO_Biological_Process_2023,Cytoskeleton Organization (GO:0007010),2/111,0.0826289557325729,0.1815603811096806,0,0,4.326124945391,10.786738767741424,PALLD;MICAL1
GO_Biological_Process_2023,Maturation Of LSU-rRNA (GO:0000470),1/20,0.0826132694677771,0.1815603811096806,0,0,12.318885448916408,30.718187529247057,NOP2
GO_Biological_Process_2023,Positive Regulation Of Vascular Associated Smooth Muscle Cell Proliferation (GO:1904707),1/20,0.0826132694677771,0.1815603811096806,0,0,12.318885448916408,30.718187529247057,JUN
GO_Biological_Process_2023,Stress-Activated Protein Kinase Signaling Cascade (GO:0031098),1/20,0.0826132694677771,0.1815603811096806,0,0,12.318885448916408,30.718187529247057,MAPK3
GO_Biological_Process_2023,Positive Regulation Of Embryonic Development (GO:0040019),1/20,0.0826132694677771,0.1815603811096806,0,0,12.318885448916408,30.718187529247057,OXSR1
GO_Biological_Process_2023,Response To ATP (GO:0033198),1/20,0.0826132694677771,0.1815603811096806,0,0,12.318885448916408,30.718187529247057,SSH1
GO_Biological_Process_2023,Regulation Of Mitotic Spindle Assembly (GO:1901673),1/20,0.0826132694677771,0.1815603811096806,0,0,12.318885448916408,30.718187529247057,TPR
GO_Biological_Process_2023,Ameboidal-Type Cell Migration (GO:0001667),1/20,0.0826132694677771,0.1815603811096806,0,0,12.318885448916408,30.718187529247057,CENPV
GO_Biological_Process_2023,Regulation Of Macrophage Chemotaxis (GO:0010758),1/20,0.0826132694677771,0.1815603811096806,0,0,12.318885448916408,30.718187529247057,MAPK3
GO_Biological_Process_2023,Actin Filament-Based Transport (GO:0099515),1/20,0.0826132694677771,0.1815603811096806,0,0,12.318885448916408,30.718187529247057,MYO1E
GO_Biological_Process_2023,Positive Regulation Of GTPase Activity (GO:0043547),3/234,0.0799579527522723,0.1815603811096806,0,0,3.0797997183539354,7.780357506689879,TBC1D9B;TBC1D5;ARAP1
GO_Biological_Process_2023,Negative Regulation Of Programmed Cell Death (GO:0043069),4/381,0.0818856331692397,0.1815603811096806,0,0,2.52791615449311,6.3259375773037165,RPS6KA3;RPS6KB1;RPS6KA1;OXSR1
Reactome_2022,Role Of Nef In HIV-1 Replication And Disease Pathogenesis R-HSA-164952,1/27,0.1099038737594078,0.1826606018990348,0,0,8.999095022624434,19.871344206358376,PACS1
Reactome_2022,RNA Polymerase II Transcription R-HSA-73857,9/1312,0.1102929481805613,0.1826606018990348,0,0,1.66946407391534,3.680526019875054,RPTOR;JUN;ICE1;CHEK1;NOP2;TSC2;CDC25C;GTF2F1;MAPK3
Reactome_2022,Metabolism Of Proteins R-HSA-392499,12/1890,0.1099551560837894,0.1826606018990348,0,0,1.5573784647267075,3.4381974445235604,EEF1B2;GGA2;RANBP2;PPP3CA;MTA1;RAB14;NUP50;RPS6;TPR;NUP153;EIF4B;NFKB2
Reactome_2022,Integrin Signaling R-HSA-354192,1/27,0.1099038737594078,0.1826606018990348,0,0,8.999095022624434,19.871344206358376,TLN1
Reactome_2022,RNA Pol II CTD Phosphorylation And Interaction With CE R-HSA-77075,1/27,0.1099038737594078,0.1826606018990348,0,0,8.999095022624434,19.871344206358376,GTF2F1
GO_Biological_Process_2023,Regulation Of Protein Serine/Threonine Kinase Activity (GO:0071900),2/112,0.0839041112548834,0.1838653435315909,0,0,4.286580086580087,10.622491230942934,RPTOR;CDC25C
Reactome_2022,Cell Cycle Checkpoints R-HSA-69620,3/271,0.1114751997903472,0.1839730569966569,0,0,2.649613378888689,5.813127582400997,RANBP2;CHEK1;CDC25C
GO_Molecular_Function_2023,Sequence-Specific DNA Binding (GO:0043565),6/717,0.0883449261901481,0.1843057942932401,0,0,2.025632911392405,4.915211447147349,JUN;XRCC6;JUND;XRCC5;OXSR1;NFKB2
GO_Molecular_Function_2023,Protein Phosphatase Binding (GO:0019903),2/115,0.08776560317489,0.1843057942932401,0,0,4.1721449641803625,10.151185910579056,PPP3CB;GTF2F1
GO_Molecular_Function_2023,Sequence-Specific Double-Stranded DNA Binding (GO:1990837),6/715,0.0874477241534762,0.1843057942932401,0,0,2.031558533145275,4.950327327570002,JUN;XRCC6;JUND;XRCC5;OXSR1;NFKB2
GO_Molecular_Function_2023,Lysophospholipase Activity (GO:0004622),1/21,0.0865619739356447,0.1843057942932401,0,0,11.702352941176471,28.634424919991112,PNPLA6
GO_Biological_Process_2023,Positive Regulation Of Cellular Component Organization (GO:0051130),2/113,0.0851853203564517,0.1861711436822454,0,0,4.247747747747748,10.46188903319615,ICE1;AHNAK
GO_Biological_Process_2023,Positive Regulation Of Translational Initiation (GO:0045948),1/21,0.0865619739356447,0.1871672468342531,0,0,11.702352941176471,28.634424919991112,RPS6KB1
GO_Biological_Process_2023,Positive Regulation Of G2/M Transition Of Mitotic Cell Cycle (GO:0010971),1/21,0.0865619739356447,0.1871672468342531,0,0,11.702352941176471,28.634424919991112,CDC25C
GO_Biological_Process_2023,Regulation Of Cell-Substrate Junction Assembly (GO:0090109),1/21,0.0865619739356447,0.1871672468342531,0,0,11.702352941176471,28.634424919991112,TLN1
GO_Biological_Process_2023,Positive Regulation Of Vacuole Organization (GO:0044090),1/21,0.0865619739356447,0.1871672468342531,0,0,11.702352941176471,28.634424919991112,PPP3CB
GO_Molecular_Function_2023,Actin Monomer Binding (GO:0003785),1/23,0.0944090551290999,0.1872704208298539,0,0,10.637433155080211,25.105600520866265,LIMA1
GO_Molecular_Function_2023,Alpha-Actinin Binding (GO:0051393),1/23,0.0944090551290999,0.1872704208298539,0,0,10.637433155080211,25.105600520866265,PALLD
GO_Molecular_Function_2023,Mitogen-Activated Protein Kinase Binding (GO:0051019),1/23,0.0944090551290999,0.1872704208298539,0,0,10.637433155080211,25.105600520866265,TPR
GO_Cellular_Component_2023,Lytic Vacuole Membrane (GO:0098852),4/287,0.0352971596894096,0.1886128614020795,0,0,3.383780056881841,11.31520072925728,RPTOR;SPAG9;AHNAK;RAB14
GO_Cellular_Component_2023,BLOC-1 Complex (GO:0031083),1/8,0.0338923530455285,0.1886128614020795,0,0,33.457142857142856,113.23790361856584,DTNBP1
GO_Cellular_Component_2023,Actin Filament (GO:0005884),2/71,0.0375045710905225,0.1886128614020795,0,0,6.8478260869565215,22.483415742857915,PALLD;MICAL1
GO_Cellular_Component_2023,Small-Subunit Processome (GO:0032040),2/73,0.0394459256583925,0.1886128614020795,0,0,6.654258886653253,21.51205126222182,XRCC5;RPS6
GO_Cellular_Component_2023,Cell-Cell Junction (GO:0005911),4/299,0.040059368793362,0.1886128614020795,0,0,3.244150475403059,10.437706074780944,MYO1E;AHNAK;STX3;TLN1
GO_Molecular_Function_2023,SUMO Transferase Activity (GO:0019789),1/24,0.0983075728072943,0.1888129572965495,0,0,10.174424552429668,23.601146819428006,RANBP2
GO_Molecular_Function_2023,Nuclear Localization Sequence Binding (GO:0008139),1/24,0.0983075728072943,0.1888129572965495,0,0,10.174424552429668,23.601146819428006,NUP153
GO_Cellular_Component_2023,Autophagosome (GO:0005776),2/83,0.0497001706125917,0.1898787310469798,0,0,5.829805996472663,17.4996021535136,FYCO1;TBC1D5
GO_Cellular_Component_2023,SUMO Ligase Complex (GO:0106068),1/12,0.0504102825788442,0.1898787310469798,0,0,21.28663101604278,63.59508959960995,RANBP2
GO_Cellular_Component_2023,Set1C/COMPASS Complex (GO:0048188),1/12,0.0504102825788442,0.1898787310469798,0,0,21.28663101604278,63.59508959960995,BOD1L1
GO_Cellular_Component_2023,Podosome (GO:0002102),1/12,0.0504102825788442,0.1898787310469798,0,0,21.28663101604278,63.59508959960995,SH3PXD2A
GO_Cellular_Component_2023,Primary Lysosome (GO:0005766),1/10,0.0421865092184754,0.1898787310469798,0,0,26.019607843137255,82.36909635390154,STX3
GO_Cellular_Component_2023,Nucleolus (GO:0005730),7/771,0.0480890250087538,0.1898787310469798,0,0,2.220988799787925,6.740037594007189,RPS6KA3;XRCC6;PPP1R12A;XRCC5;RPS6;NOP2;NUP153
GO_Biological_Process_2023,rRNA Methylation (GO:0031167),1/22,0.0904938789441273,0.1901072960764225,0,0,11.14453781512605,26.774451939878727,NOP2
GO_Biological_Process_2023,Regulation Of Dopamine Secretion (GO:0014059),1/22,0.0904938789441273,0.1901072960764225,0,0,11.14453781512605,26.774451939878727,DTNBP1
GO_Biological_Process_2023,Cellular Response To Oxidative Stress (GO:0034599),2/117,0.0903692170467752,0.1901072960764225,0,0,4.099171842650104,9.853800747407249,JUN;MAPK3
GO_Biological_Process_2023,Natural Killer Cell Mediated Immunity (GO:0002228),1/22,0.0904938789441273,0.1901072960764225,0,0,11.14453781512605,26.774451939878727,CD2
GO_Biological_Process_2023,Regulation Of Telomere Capping (GO:1904353),1/22,0.0904938789441273,0.1901072960764225,0,0,11.14453781512605,26.774451939878727,MAPK3
GO_Biological_Process_2023,Platelet Dense Granule Organization (GO:0060155),1/22,0.0904938789441273,0.1901072960764225,0,0,11.14453781512605,26.774451939878727,DTNBP1
GO_Biological_Process_2023,Ribosomal Large Subunit Assembly (GO:0000027),1/22,0.0904938789441273,0.1901072960764225,0,0,11.14453781512605,26.774451939878727,NOP2
GO_Biological_Process_2023,Positive Regulation Of Receptor Internalization (GO:0002092),1/22,0.0904938789441273,0.1901072960764225,0,0,11.14453781512605,26.774451939878727,TBC1D5
GO_Biological_Process_2023,Regulation Of Mononuclear Cell Migration (GO:0071675),1/22,0.0904938789441273,0.1901072960764225,0,0,11.14453781512605,26.774451939878727,MAPK3
GO_Biological_Process_2023,Vesicle Transport Along Microtubule (GO:0047496),1/22,0.0904938789441273,0.1901072960764225,0,0,11.14453781512605,26.774451939878727,FYCO1
GO_Biological_Process_2023,Negative Regulation Of Macroautophagy (GO:0016242),1/22,0.0904938789441273,0.1901072960764225,0,0,11.14453781512605,26.774451939878727,TSC2
Reactome_2022,Factors Involved In Megakaryocyte Development And Platelet Production R-HSA-983231,2/136,0.1161596791979339,0.1910361274614105,0,0,3.5145700071073205,7.5661293718878895,MICAL1;KIF4A
GO_Biological_Process_2023,Regulation Of Small GTPase Mediated Signal Transduction (GO:0051056),2/118,0.091679591866879,0.1911166876609556,0,0,4.063628899835797,9.70986033421283,ARAP1;ARHGAP5
GO_Biological_Process_2023,Positive Regulation Of Cell Cycle Process (GO:0090068),2/118,0.091679591866879,0.1911166876609556,0,0,4.063628899835797,9.70986033421283,CENPV;TPR
GO_Biological_Process_2023,Regulation Of Protein Binding (GO:0043393),2/118,0.091679591866879,0.1911166876609556,0,0,4.063628899835797,9.70986033421283,XIRP1;GTF2F1
GO_Biological_Process_2023,Positive Regulation Of Nucleic Acid-Templated Transcription (GO:1903508),5/557,0.0919696449269723,0.1912310008328095,0,0,2.1651905528717124,5.166787077302042,PPP3CB;JUN;XRCC6;MTA1;RPS6KA1
KEGG_2021_Human,Thyroid hormone signaling pathway,2/121,0.0956441298132242,0.1912882596264484,0,0,3.960584233693478,9.295970254918984,TSC2;MAPK3
Reactome_2022,mRNA Capping R-HSA-72086,1/29,0.117552724870697,0.1913271935826516,0,0,8.35546218487395,17.887944321802927,GTF2F1
Reactome_2022,Myogenesis R-HSA-525793,1/29,0.117552724870697,0.1913271935826516,0,0,8.35546218487395,17.887944321802927,SPAG9
Reactome_2022,Negative Regulation Of FGFR3 Signaling R-HSA-5654732,1/29,0.117552724870697,0.1913271935826516,0,0,8.35546218487395,17.887944321802927,MAPK3
GO_Molecular_Function_2023,FAD Binding (GO:0071949),1/25,0.1021895020267238,0.1932020272692748,0,0,9.75,22.23903168224061,MICAL1
GO_Biological_Process_2023,Negative Regulation Of Protein Depolymerization (GO:1901880),1/23,0.0944090551290999,0.1933364277580811,0,0,10.637433155080211,25.105600520866265,LIMA1
GO_Biological_Process_2023,Axon Extension (GO:0048675),1/23,0.0944090551290999,0.1933364277580811,0,0,10.637433155080211,25.105600520866265,PPP3CB
GO_Biological_Process_2023,Entrainment Of Circadian Clock By Photoperiod (GO:0043153),1/23,0.0944090551290999,0.1933364277580811,0,0,10.637433155080211,25.105600520866265,MTA1
GO_Biological_Process_2023,Long-Chain Fatty Acid Transport (GO:0015909),1/23,0.0944090551290999,0.1933364277580811,0,0,10.637433155080211,25.105600520866265,RPS6KB1
GO_Biological_Process_2023,Protein Localization To Cell Junction (GO:1902414),1/23,0.0944090551290999,0.1933364277580811,0,0,10.637433155080211,25.105600520866265,STAU2
GO_Biological_Process_2023,Negative Regulation Of Actin Filament Polymerization (GO:0030837),1/23,0.0944090551290999,0.1933364277580811,0,0,10.637433155080211,25.105600520866265,SSH1
Reactome_2022,Translation R-HSA-72766,3/281,0.1207080226097053,0.1957875830645392,0,0,2.5530033804281875,5.398021038188076,EEF1B2;RPS6;EIF4B
GO_Biological_Process_2023,Ear Morphogenesis (GO:0042471),1/24,0.0983075728072943,0.1963736036666592,0,0,10.174424552429668,23.601146819428006,OXSR1
GO_Biological_Process_2023,Positive Regulation Of Peptidyl-Threonine Phosphorylation (GO:0010800),1/24,0.0983075728072943,0.1963736036666592,0,0,10.174424552429668,23.601146819428006,RPTOR
GO_Biological_Process_2023,Positive Regulation Of Cell Cycle G2/M Phase Transition (GO:1902751),1/24,0.0983075728072943,0.1963736036666592,0,0,10.174424552429668,23.601146819428006,CDC25C
GO_Biological_Process_2023,Photoperiodism (GO:0009648),1/24,0.0983075728072943,0.1963736036666592,0,0,10.174424552429668,23.601146819428006,MTA1
GO_Biological_Process_2023,Protein Kinase B Signaling (GO:0043491),1/24,0.0983075728072943,0.1963736036666592,0,0,10.174424552429668,23.601146819428006,TSC2
GO_Biological_Process_2023,Positive Regulation Of Lipid Metabolic Process (GO:0045834),1/24,0.0983075728072943,0.1963736036666592,0,0,10.174424552429668,23.601146819428006,RPTOR
GO_Biological_Process_2023,Natural Killer Cell Mediated Cytotoxicity (GO:0042267),1/24,0.0983075728072943,0.1963736036666592,0,0,10.174424552429668,23.601146819428006,CD2
GO_Biological_Process_2023,Cellular Response To Oxygen-Containing Compound (GO:1901701),4/406,0.0977332162450613,0.1963736036666592,0,0,2.367673825991991,5.50605814600706,RPTOR;JUN;MAPK3;SSH1
GO_Biological_Process_2023,Negative Regulation Of Ion Transmembrane Transporter Activity (GO:0032413),1/24,0.0983075728072943,0.1963736036666592,0,0,10.174424552429668,23.601146819428006,OXSR1
GO_Biological_Process_2023,Stress Granule Assembly (GO:0034063),1/24,0.0983075728072943,0.1963736036666592,0,0,10.174424552429668,23.601146819428006,UBAP2L
KEGG_2021_Human,Cell cycle,2/124,0.0996573098218419,0.1968539453270952,0,0,3.862607338017174,8.907241585091118,CHEK1;CDC25C
Reactome_2022,Pausing And Recovery Of Tat-mediated HIV Elongation R-HSA-167238,1/31,0.125136605265329,0.1982029452524675,0,0,7.79764705882353,16.206234277302418,GTF2F1
Reactome_2022,Clathrin-mediated Endocytosis R-HSA-8856828,2/142,0.1246559777425006,0.1982029452524675,0,0,3.3629251700680274,7.002274428698776,AGFG1;REPS1
Reactome_2022,Beta-catenin Independent WNT Signaling R-HSA-3858494,2/142,0.1246559777425006,0.1982029452524675,0,0,3.3629251700680274,7.002274428698776,PPP3CA;PPP3CB
Reactome_2022,RUNX2 Regulates Bone Development R-HSA-8941326,1/31,0.125136605265329,0.1982029452524675,0,0,7.79764705882353,16.206234277302418,MAPK3
Reactome_2022,Diseases Associated With TLR Signaling Cascade R-HSA-5602358,1/31,0.125136605265329,0.1982029452524675,0,0,7.79764705882353,16.206234277302418,NFKB2
Reactome_2022,Downregulation Of SMAD2/3:SMAD4 Transcriptional Activity R-HSA-2173795,1/31,0.125136605265329,0.1982029452524675,0,0,7.79764705882353,16.206234277302418,MAPK3
Reactome_2022,Negative Regulation Of FGFR4 Signaling R-HSA-5654733,1/31,0.125136605265329,0.1982029452524675,0,0,7.79764705882353,16.206234277302418,MAPK3
GO_Biological_Process_2023,Neuron Projection Guidance (GO:0097485),2/124,0.0996573098218419,0.1985818453067586,0,0,3.862607338017174,8.907241585091118,VASP;PALLD
GO_Biological_Process_2023,DNA-templated Transcription Elongation (GO:0006354),1/26,0.1060549125253618,0.2009851838767347,0,0,9.359529411764706,21.000895961244385,GTF2F1
GO_Biological_Process_2023,Negative Regulation Of Catalytic Activity (GO:0043086),1/26,0.1060549125253618,0.2009851838767347,0,0,9.359529411764706,21.000895961244385,PPP1R12A
GO_Biological_Process_2023,Mitotic Spindle Checkpoint Signaling (GO:0071174),1/26,0.1060549125253618,0.2009851838767347,0,0,9.359529411764706,21.000895961244385,TPR
GO_Biological_Process_2023,Mitotic Spindle Assembly Checkpoint Signaling (GO:0007094),1/26,0.1060549125253618,0.2009851838767347,0,0,9.359529411764706,21.000895961244385,TPR
GO_Biological_Process_2023,Protein Localization To Cell Surface (GO:0034394),1/26,0.1060549125253618,0.2009851838767347,0,0,9.359529411764706,21.000895961244385,GGA2
GO_Biological_Process_2023,Protein Export From Nucleus (GO:0006611),1/26,0.1060549125253618,0.2009851838767347,0,0,9.359529411764706,21.000895961244385,TPR
GO_Biological_Process_2023,Histone H3-K4 Methylation (GO:0051568),1/26,0.1060549125253618,0.2009851838767347,0,0,9.359529411764706,21.000895961244385,BOD1L1
GO_Biological_Process_2023,Spindle Assembly Checkpoint Signaling (GO:0071173),1/26,0.1060549125253618,0.2009851838767347,0,0,9.359529411764706,21.000895961244385,TPR
GO_Biological_Process_2023,Secretory Granule Organization (GO:0033363),1/25,0.1021895020267238,0.2009851838767347,0,0,9.75,22.23903168224061,DTNBP1
GO_Biological_Process_2023,Response To Zinc Ion (GO:0010043),1/25,0.1021895020267238,0.2009851838767347,0,0,9.75,22.23903168224061,PAM
GO_Biological_Process_2023,Mitotic Cell Cycle Checkpoint Signaling (GO:0007093),1/25,0.1021895020267238,0.2009851838767347,0,0,9.75,22.23903168224061,CHEK1
GO_Biological_Process_2023,Positive Regulation Of T Cell Migration (GO:2000406),1/25,0.1021895020267238,0.2009851838767347,0,0,9.75,22.23903168224061,OXSR1
GO_Biological_Process_2023,Organelle Membrane Fusion (GO:0090174),1/26,0.1060549125253618,0.2009851838767347,0,0,9.359529411764706,21.000895961244385,STX3
GO_Biological_Process_2023,Organelle Fusion (GO:0048284),1/26,0.1060549125253618,0.2009851838767347,0,0,9.359529411764706,21.000895961244385,STX3
GO_Biological_Process_2023,Calcium-Ion Regulated Exocytosis (GO:0017156),1/26,0.1060549125253618,0.2009851838767347,0,0,9.359529411764706,21.000895961244385,PPP3CB
GO_Biological_Process_2023,Regulation Of Potassium Ion Transmembrane Transporter Activity (GO:1901016),1/26,0.1060549125253618,0.2009851838767347,0,0,9.359529411764706,21.000895961244385,OXSR1
GO_Biological_Process_2023,Nuclear Membrane Organization (GO:0071763),1/26,0.1060549125253618,0.2009851838767347,0,0,9.359529411764706,21.000895961244385,EMD
GO_Biological_Process_2023,Negative Regulation Of Protein Polymerization (GO:0032272),1/26,0.1060549125253618,0.2009851838767347,0,0,9.359529411764706,21.000895961244385,SSH1
GO_Biological_Process_2023,Metanephros Development (GO:0001656),1/25,0.1021895020267238,0.2009851838767347,0,0,9.75,22.23903168224061,OXSR1
GO_Biological_Process_2023,Cellular Response To Starvation (GO:0009267),2/126,0.1023588626707606,0.2009851838767347,0,0,3.7999231950844856,8.661052380360013,RPTOR;MAPK3
GO_Biological_Process_2023,Organelle Organization (GO:0006996),4/418,0.1058179009228526,0.2009851838767347,0,0,2.2976316719688934,5.160562480385832,RAB14;PALLD;MICAL1;KIF4A
Reactome_2022,GPCR Downstream Signaling R-HSA-388396,5/619,0.1279127508796948,0.2014664045336816,0,0,1.9403225157839707,3.99009257326912,PPP3CA;RPS6KA3;PPP3CB;RPS6KA1;MAPK3
Reactome_2022,RNA Polymerase I Promoter Opening R-HSA-73728,1/32,0.1289043520533302,0.2014664045336816,0,0,7.54573055028463,15.458822023817966,MAPK3
Reactome_2022,Generation Of Second Messenger Molecules R-HSA-202433,1/32,0.1289043520533302,0.2014664045336816,0,0,7.54573055028463,15.458822023817966,VASP
Reactome_2022,Thrombin Signaling Thru Proteinase Activated Receptors (PARs) R-HSA-456926,1/32,0.1289043520533302,0.2014664045336816,0,0,7.54573055028463,15.458822023817966,MAPK3
Reactome_2022,Negative Regulation Of FGFR1 Signaling R-HSA-5654726,1/33,0.1326560603433392,0.2026332054435473,0,0,7.309558823529412,14.765276023510664,MAPK3
Reactome_2022,HIV Elongation Arrest And Recovery R-HSA-167287,1/33,0.1326560603433392,0.2026332054435473,0,0,7.309558823529412,14.765276023510664,GTF2F1
Reactome_2022,RHOA GTPase Cycle R-HSA-8980692,2/147,0.131847911616226,0.2026332054435473,0,0,3.246141215106732,6.577026859520895,ARAP1;ARHGAP5
Reactome_2022,Oncogene Induced Senescence R-HSA-2559585,1/33,0.1326560603433392,0.2026332054435473,0,0,7.309558823529412,14.765276023510664,MAPK3
Reactome_2022,FGFR2 Mutant Receptor Activation R-HSA-1839126,1/33,0.1326560603433392,0.2026332054435473,0,0,7.309558823529412,14.765276023510664,GTF2F1
Reactome_2022,Signaling To ERKs R-HSA-187687,1/33,0.1326560603433392,0.2026332054435473,0,0,7.309558823529412,14.765276023510664,MAPK3
Reactome_2022,Formation Of Early Elongation Complex R-HSA-113418,1/33,0.1326560603433392,0.2026332054435473,0,0,7.309558823529412,14.765276023510664,GTF2F1
Reactome_2022,G2/M Checkpoints R-HSA-69481,2/148,0.1332977658808847,0.2029565983734761,0,0,3.223744292237443,6.496392179392902,CHEK1;CDC25C
GO_Biological_Process_2023,Transmembrane Receptor Protein Serine/Threonine Kinase Signaling Pathway (GO:0007178),2/130,0.1078221646957192,0.203386125052482,0,0,3.680431547619047,8.197322252510986,JUN;MAPK3
GO_Biological_Process_2023,Regulation Of Cell Cycle Process (GO:0010564),2/130,0.1078221646957192,0.203386125052482,0,0,3.680431547619047,8.197322252510986,CHEK1;CDC25C
GO_Biological_Process_2023,Regulation Of Catecholamine Secretion (GO:0050433),1/27,0.1099038737594078,0.2039996560876679,0,0,8.999095022624434,19.871344206358376,DTNBP1
GO_Biological_Process_2023,Microtubule Polymerization Or Depolymerization (GO:0031109),1/27,0.1099038737594078,0.2039996560876679,0,0,8.999095022624434,19.871344206358376,MAP7D3
GO_Biological_Process_2023,Glycerophospholipid Catabolic Process (GO:0046475),1/27,0.1099038737594078,0.2039996560876679,0,0,8.999095022624434,19.871344206358376,PNPLA6
GO_Biological_Process_2023,Positive Regulation Of Mitotic Cell Cycle (GO:0045931),1/27,0.1099038737594078,0.2039996560876679,0,0,8.999095022624434,19.871344206358376,RPS6KB1
GO_Biological_Process_2023,Positive Regulation Of Filopodium Assembly (GO:0051491),1/27,0.1099038737594078,0.2039996560876679,0,0,8.999095022624434,19.871344206358376,ARAP1
GO_Biological_Process_2023,Cellular Response To Acid Chemical (GO:0071229),1/27,0.1099038737594078,0.2039996560876679,0,0,8.999095022624434,19.871344206358376,RPTOR
GO_Biological_Process_2023,Regulation Of Insulin Secretion Involved In Cellular Response To Glucose Stimulus (GO:0061178),1/27,0.1099038737594078,0.2039996560876679,0,0,8.999095022624434,19.871344206358376,PPP3CB
GO_Molecular_Function_2023,"Oxidoreductase Activity, Acting On Paired Donors, With Incorporation Or Reduction Of Molecular Oxygen, NAD(P)H As One Donor, And Incorporation Of One Atom Of Oxygen (GO:0016709)",1/27,0.1099038737594078,0.2045902880752053,0,0,8.999095022624434,19.871344206358376,MICAL1
GO_Biological_Process_2023,Circulatory System Development (GO:0072359),2/132,0.1105828491807298,0.2047923835624905,0,0,3.623443223443223,7.978786731402879,TSC2;OXSR1
KEGG_2021_Human,Lysosome,2/128,0.105080659667604,0.2050354334977639,0,0,3.7392290249433104,8.424584088559756,GGA2;AP4B1
KEGG_2021_Human,Relaxin signaling pathway,2/129,0.106448981889576,0.2052028566546044,0,0,3.709598800149981,8.309833143000272,JUN;MAPK3
GO_Biological_Process_2023,Regulation Of Lipid Biosynthetic Process (GO:0046890),1/28,0.1137364549149455,0.2054838618796683,0,0,8.665359477124182,18.837376322734553,RPTOR
GO_Biological_Process_2023,Regulation Of Chemotaxis (GO:0050920),1/28,0.1137364549149455,0.2054838618796683,0,0,8.665359477124182,18.837376322734553,STX3
GO_Biological_Process_2023,Golgi To Plasma Membrane Protein Transport (GO:0043001),1/28,0.1137364549149455,0.2054838618796683,0,0,8.665359477124182,18.837376322734553,GGA2
GO_Biological_Process_2023,Negative Regulation Of Mitotic Metaphase/Anaphase Transition (GO:0045841),1/28,0.1137364549149455,0.2054838618796683,0,0,8.665359477124182,18.837376322734553,TPR
GO_Biological_Process_2023,Phospholipid Catabolic Process (GO:0009395),1/28,0.1137364549149455,0.2054838618796683,0,0,8.665359477124182,18.837376322734553,PNPLA6
GO_Biological_Process_2023,Transcription By RNA Polymerase III (GO:0006383),1/28,0.1137364549149455,0.2054838618796683,0,0,8.665359477124182,18.837376322734553,ICE1
GO_Biological_Process_2023,Transcription Elongation By RNA Polymerase II (GO:0006368),1/28,0.1137364549149455,0.2054838618796683,0,0,8.665359477124182,18.837376322734553,GTF2F1
GO_Biological_Process_2023,Positive Regulation Of Protein Import Into Nucleus (GO:0042307),1/28,0.1137364549149455,0.2054838618796683,0,0,8.665359477124182,18.837376322734553,TPR
GO_Biological_Process_2023,Protein Depolymerization (GO:0051261),1/28,0.1137364549149455,0.2054838618796683,0,0,8.665359477124182,18.837376322734553,MICAL1
GO_Biological_Process_2023,Membrane Fusion (GO:0061025),1/28,0.1137364549149455,0.2054838618796683,0,0,8.665359477124182,18.837376322734553,STX3
GO_Biological_Process_2023,Negative Regulation Of G2/M Transition Of Mitotic Cell Cycle (GO:0010972),1/28,0.1137364549149455,0.2054838618796683,0,0,8.665359477124182,18.837376322734553,CHEK1
Reactome_2022,Lysosome Vesicle Biogenesis R-HSA-432720,1/34,0.1363917975983422,0.2056770877521326,0,0,7.0877005347593585,14.12028477327799,AP4B1
Reactome_2022,Transcriptional Regulation By E2F6 R-HSA-8953750,1/34,0.1363917975983422,0.2056770877521326,0,0,7.0877005347593585,14.12028477327799,CHEK1
Reactome_2022,Negative Regulation Of FGFR2 Signaling R-HSA-5654727,1/34,0.1363917975983422,0.2056770877521326,0,0,7.0877005347593585,14.12028477327799,MAPK3
GO_Biological_Process_2023,Cellular Response To Metal Ion (GO:0071248),2/135,0.1147586993453776,0.2068710034762572,0,0,3.541174364482635,7.666372029966024,JUN;MAPK3
GO_Molecular_Function_2023,Cell Adhesion Mediator Activity (GO:0098631),1/28,0.1137364549149455,0.2085168340107335,0,0,8.665359477124182,18.837376322734553,PALLD
Reactome_2022,Generic Transcription Pathway R-HSA-212436,8/1190,0.1390210385029832,0.2089742999153124,0,0,1.6254067421580112,3.207138807052808,RPTOR;JUN;CHEK1;NOP2;TSC2;CDC25C;GTF2F1;MAPK3
GO_Biological_Process_2023,Negative Regulation Of DNA Binding (GO:0043392),1/29,0.117552724870697,0.2091255258640627,0,0,8.35546218487395,17.887944321802927,JUN
GO_Biological_Process_2023,Regulation Of Spindle Assembly (GO:0090169),1/29,0.117552724870697,0.2091255258640627,0,0,8.35546218487395,17.887944321802927,TPR
GO_Biological_Process_2023,Heterotypic Cell-Cell Adhesion (GO:0034113),1/29,0.117552724870697,0.2091255258640627,0,0,8.35546218487395,17.887944321802927,CD2
GO_Biological_Process_2023,Integrated Stress Response Signaling (GO:0140467),1/29,0.117552724870697,0.2091255258640627,0,0,8.35546218487395,17.887944321802927,JUN
GO_Biological_Process_2023,mRNA Splice Site Recognition (GO:0006376),1/29,0.117552724870697,0.2091255258640627,0,0,8.35546218487395,17.887944321802927,YTHDC1
GO_Biological_Process_2023,Chondrocyte Differentiation (GO:0002062),1/29,0.117552724870697,0.2091255258640627,0,0,8.35546218487395,17.887944321802927,OXSR1
GO_Cellular_Component_2023,Late Endosome (GO:0005770),3/205,0.0585261810882877,0.209755585475318,0,0,3.527138255994274,10.01100979577953,FYCO1;RAB14;MAPK3
GO_Cellular_Component_2023,Nuclear Chromosome (GO:0000228),2/95,0.0631123000545204,0.209755585475318,0,0,5.074500768049155,14.0200316665264,JUN;CHEK1
GO_Cellular_Component_2023,trans-Golgi Network Transport Vesicle (GO:0030140),1/15,0.0626152632725983,0.209755585475318,0,0,16.722689075630253,46.33432734971711,RAB14
GO_Cellular_Component_2023,Microtubule Cytoskeleton (GO:0015630),4/342,0.0599953059153093,0.209755585475318,0,0,2.825227305527493,7.948745818238105,CENPV;MTA1;MAP7D3;DTNBP1
KEGG_2021_Human,Dopaminergic synapse,2/132,0.1105828491807298,0.2106339984394853,0,0,3.623443223443223,7.978786731402879,PPP3CA;PPP3CB
Reactome_2022,Cellular Response To Starvation R-HSA-9711097,2/153,0.140601190885441,0.2106786098346926,0,0,3.1162093976663514,6.113466319255781,RPTOR;RPS6
KEGG_2021_Human,Vascular smooth muscle contraction,2/133,0.1119702205662749,0.2107674740071057,0,0,3.5956015994183934,7.872649994739898,PPP1R12A;MAPK3
KEGG_2021_Human,Prion disease,3/273,0.1132990642676859,0.2107889567770901,0,0,2.629718875502008,5.726802881095643,PPP3CA;PPP3CB;MAPK3
Reactome_2022,HSF1-dependent Transactivation R-HSA-3371571,1/36,0.1438156274160286,0.2121280504386422,0,0,6.6820168067226895,12.957921780117758,RPTOR
Reactome_2022,Transcriptional Regulation By AP-2 (TFAP2) Family Of Transcription Factors R-HSA-8864260,1/36,0.1438156274160286,0.2121280504386422,0,0,6.6820168067226895,12.957921780117758,NOP2
Reactome_2022,SMAD2/SMAD3:SMAD4 Heterotrimer Regulates Transcription R-HSA-2173796,1/36,0.1438156274160286,0.2121280504386422,0,0,6.6820168067226895,12.957921780117758,MAPK3
Reactome_2022,RHO GTPases Activate WASPs And WAVEs R-HSA-5663213,1/36,0.1438156274160286,0.2121280504386422,0,0,6.6820168067226895,12.957921780117758,MAPK3
Reactome_2022,Platelet Aggregation (Plug Formation) R-HSA-76009,1/36,0.1438156274160286,0.2121280504386422,0,0,6.6820168067226895,12.957921780117758,TLN1
GO_Biological_Process_2023,Embryonic Skeletal System Morphogenesis (GO:0048704),1/30,0.1213527522063146,0.2135493236877355,0,0,8.066937119675456,17.0136033150249,OXSR1
GO_Biological_Process_2023,Response To Amino Acid (GO:0043200),1/30,0.1213527522063146,0.2135493236877355,0,0,8.066937119675456,17.0136033150249,RPTOR
GO_Biological_Process_2023,Positive Regulation Of Locomotion (GO:0040017),1/30,0.1213527522063146,0.2135493236877355,0,0,8.066937119675456,17.0136033150249,STX3
GO_Biological_Process_2023,Mitotic G2 DNA Damage Checkpoint Signaling (GO:0007095),1/30,0.1213527522063146,0.2135493236877355,0,0,8.066937119675456,17.0136033150249,CHEK1
GO_Biological_Process_2023,Regulation Of DNA-templated Transcription (GO:0006355),12/1922,0.1204006402103027,0.2135493236877355,0,0,1.5285694071034386,3.23587509036926,RPS6KA3;PPP3CB;JUN;XRCC6;MTA1;JUND;XRCC5;RPS6KA1;IRF2BP2;OXSR1;CIC;NFKB2
GO_Biological_Process_2023,Negative Regulation Of Wnt Signaling Pathway (GO:0030178),2/140,0.1218070679235351,0.2138858449715638,0,0,3.412008281573499,7.183358686061869,TSC2;EMD
GO_Biological_Process_2023,Positive Regulation Of Cell Differentiation (GO:0045597),3/283,0.1225879967307036,0.2147931925475474,0,0,2.5345094664371772,5.319748237641617,PPP3CA;RPS6KA3;RPS6KA1
KEGG_2021_Human,Estrogen signaling pathway,2/137,0.1175650683947083,0.2162116200362452,0,0,3.4883597883597885,7.467752699680994,JUN;MAPK3
GO_Molecular_Function_2023,snoRNA Binding (GO:0030515),1/31,0.125136605265329,0.2163075605300688,0,0,7.79764705882353,16.206234277302418,XRCC5
GO_Molecular_Function_2023,mRNA Binding (GO:0003729),3/282,0.1216466470504254,0.2163075605300688,0,0,2.5437232802176446,5.358695913464177,SRRM2;YTHDC1;TPR
GO_Molecular_Function_2023,Kinesin Binding (GO:0019894),1/31,0.125136605265329,0.2163075605300688,0,0,7.79764705882353,16.206234277302418,SPAG9
GO_Molecular_Function_2023,SH2 Domain Binding (GO:0042169),1/31,0.125136605265329,0.2163075605300688,0,0,7.79764705882353,16.206234277302418,ARHGAP5
GO_Molecular_Function_2023,Beta-Tubulin Binding (GO:0048487),1/32,0.1289043520533302,0.2166309249785133,0,0,7.54573055028463,15.458822023817966,EMD
GO_Molecular_Function_2023,Protein Serine/Threonine Kinase Inhibitor Activity (GO:0030291),1/32,0.1289043520533302,0.2166309249785133,0,0,7.54573055028463,15.458822023817966,RPTOR
Reactome_2022,Fatty acyl-CoA Biosynthesis R-HSA-75105,1/37,0.1475038535361489,0.2168904014612531,0,0,6.496078431372549,12.432850862154837,ACACA
GO_Cellular_Component_2023,Lysosomal Membrane (GO:0005765),4/356,0.0674448569745861,0.2177505382322352,0,0,2.710920177383592,7.309847018596068,RPTOR;SPAG9;AHNAK;RAB14
GO_Biological_Process_2023,Regulation Of Protein Localization To Cell Surface (GO:2000008),1/31,0.125136605265329,0.2178502357188705,0,0,7.79764705882353,16.206234277302418,STX3
GO_Biological_Process_2023,Toll-Like Receptor Signaling Pathway (GO:0002224),1/31,0.125136605265329,0.2178502357188705,0,0,7.79764705882353,16.206234277302418,RPS6KA3
GO_Biological_Process_2023,Positive Regulation Of G1/S Transition Of Mitotic Cell Cycle (GO:1900087),1/31,0.125136605265329,0.2178502357188705,0,0,7.79764705882353,16.206234277302418,RPTOR
Reactome_2022,DNA Repair R-HSA-73894,3/310,0.1489754117588772,0.2183738954974846,0,0,2.3084258859542404,4.395182887190238,XRCC6;XRCC5;CHEK1
GO_Biological_Process_2023,Positive Regulation Of Transferase Activity (GO:0051347),2/143,0.1260865230450355,0.2190349214436194,0,0,3.338905775075988,6.9141623956600435,XRCC5;MAPK3
GO_Biological_Process_2023,Actin Filament Organization (GO:0007015),2/144,0.1275210484492515,0.2210546106380415,0,0,3.3152246814218644,6.827618512179875,MYO1E;XIRP1
GO_Biological_Process_2023,NIK/NF-kappaB Signaling (GO:0038061),1/32,0.1289043520533302,0.2220322843630455,0,0,7.54573055028463,15.458822023817966,NFKB2
GO_Biological_Process_2023,Histone Lysine Methylation (GO:0034968),1/32,0.1289043520533302,0.2220322843630455,0,0,7.54573055028463,15.458822023817966,BOD1L1
GO_Biological_Process_2023,Regulation Of Calcium Ion Transmembrane Transporter Activity (GO:1901019),1/32,0.1289043520533302,0.2220322843630455,0,0,7.54573055028463,15.458822023817966,AHNAK
Reactome_2022,NGF-stimulated Transcription R-HSA-9031628,1/39,0.1548332599823739,0.2255595639249397,0,0,6.1535603715170275,11.47889141140809,JUND
Reactome_2022,Signaling By FGFR3 R-HSA-5654741,1/39,0.1548332599823739,0.2255595639249397,0,0,6.1535603715170275,11.47889141140809,MAPK3
GO_Biological_Process_2023,Regulation Of G0 To G1 Transition (GO:0070316),1/33,0.1326560603433392,0.2265743215528042,0,0,7.309558823529412,14.765276023510664,CHEK1
GO_Biological_Process_2023,Regulation Of Activated T Cell Proliferation (GO:0046006),1/33,0.1326560603433392,0.2265743215528042,0,0,7.309558823529412,14.765276023510664,PPP3CA
GO_Biological_Process_2023,Positive Regulation Of Small Molecule Metabolic Process (GO:0062013),1/33,0.1326560603433392,0.2265743215528042,0,0,7.309558823529412,14.765276023510664,RPTOR
GO_Biological_Process_2023,Inositol Lipid-Mediated Signaling (GO:0048017),1/33,0.1326560603433392,0.2265743215528042,0,0,7.309558823529412,14.765276023510664,RPS6KB1
KEGG_2021_Human,Apoptosis,2/142,0.1246559777425006,0.226647232259092,0,0,3.3629251700680274,7.002274428698776,JUN;MAPK3
GO_Biological_Process_2023,Positive Regulation Of Organelle Organization (GO:0010638),1/34,0.1363917975983422,0.2272264988677299,0,0,7.0877005347593585,14.12028477327799,FYCO1
GO_Biological_Process_2023,Negative Regulation Of Cell Cycle Process (GO:0010948),1/34,0.1363917975983422,0.2272264988677299,0,0,7.0877005347593585,14.12028477327799,CHEK1
GO_Biological_Process_2023,Embryonic Skeletal System Development (GO:0048706),1/34,0.1363917975983422,0.2272264988677299,0,0,7.0877005347593585,14.12028477327799,OXSR1
GO_Biological_Process_2023,Superoxide Metabolic Process (GO:0006801),1/34,0.1363917975983422,0.2272264988677299,0,0,7.0877005347593585,14.12028477327799,SH3PXD2A
GO_Biological_Process_2023,Axon Guidance (GO:0007411),2/149,0.1347513066031994,0.2272264988677299,0,0,3.2016520894071916,6.417149315837083,VASP;PALLD
GO_Biological_Process_2023,Negative Regulation Of Protein Phosphorylation (GO:0001933),2/149,0.1347513066031994,0.2272264988677299,0,0,3.2016520894071916,6.417149315837083,DTNBP1;TSC2
GO_Biological_Process_2023,Embryonic Limb Morphogenesis (GO:0030326),1/34,0.1363917975983422,0.2272264988677299,0,0,7.0877005347593585,14.12028477327799,OXSR1
GO_Biological_Process_2023,Neuron Development (GO:0048666),2/150,0.1362084763198626,0.2272264988677299,0,0,3.17985842985843,6.339266086244256,DTNBP1;STX3
GO_Biological_Process_2023,DNA Damage Checkpoint Signaling (GO:0000077),1/34,0.1363917975983422,0.2272264988677299,0,0,7.0877005347593585,14.12028477327799,CHEK1
GO_Biological_Process_2023,Microtubule Polymerization (GO:0046785),1/34,0.1363917975983422,0.2272264988677299,0,0,7.0877005347593585,14.12028477327799,MAP7D3
GO_Biological_Process_2023,Negative Regulation Of Mitotic Cell Cycle (GO:0045930),1/34,0.1363917975983422,0.2272264988677299,0,0,7.0877005347593585,14.12028477327799,CHEK1
GO_Biological_Process_2023,Positive Regulation Of Carbohydrate Metabolic Process (GO:0045913),1/34,0.1363917975983422,0.2272264988677299,0,0,7.0877005347593585,14.12028477327799,RPTOR
Reactome_2022,Presynaptic Phase Of Homologous DNA Pairing And Strand Exchange R-HSA-5693616,1/40,0.1584745722036877,0.228048774634575,0,0,5.995475113122172,11.044631186923048,CHEK1
Reactome_2022,RET Signaling R-HSA-8853659,1/40,0.1584745722036877,0.228048774634575,0,0,5.995475113122172,11.044631186923048,DOK1
Reactome_2022,MAPK Family Signaling Cascades R-HSA-5683057,3/318,0.157126220401928,0.228048774634575,0,0,2.248881239242685,4.162017654233905,JUN;TLN1;MAPK3
Reactome_2022,Signaling By FGFR4 R-HSA-5654743,1/40,0.1584745722036877,0.228048774634575,0,0,5.995475113122172,11.044631186923048,MAPK3
GO_Biological_Process_2023,Regulation Of G2/M Transition Of Mitotic Cell Cycle (GO:0010389),1/35,0.140111630971025,0.2310563001611427,0,0,6.8788927335640135,13.519196644704603,CDC25C
GO_Biological_Process_2023,Platelet Aggregation (GO:0070527),1/35,0.140111630971025,0.2310563001611427,0,0,6.8788927335640135,13.519196644704603,TLN1
GO_Biological_Process_2023,Cellular Response To Amino Acid Stimulus (GO:0071230),1/35,0.140111630971025,0.2310563001611427,0,0,6.8788927335640135,13.519196644704603,RPTOR
GO_Biological_Process_2023,Regulation Of Regulated Secretory Pathway (GO:1903305),1/35,0.140111630971025,0.2310563001611427,0,0,6.8788927335640135,13.519196644704603,DTNBP1
GO_Biological_Process_2023,Regulation Of mRNA Processing (GO:0050684),1/35,0.140111630971025,0.2310563001611427,0,0,6.8788927335640135,13.519196644704603,YTHDC1
GO_Biological_Process_2023,Regulation Of Cellular Component Organization (GO:0051128),2/153,0.140601190885441,0.2313942675908169,0,0,3.1162093976663514,6.113466319255781,RPTOR;TSC2
GO_Molecular_Function_2023,"Phosphatidylinositol-3,4,5-Trisphosphate Binding (GO:0005547)",1/36,0.1438156274160286,0.2320225455645261,0,0,6.6820168067226895,12.957921780117758,ARAP1
GO_Molecular_Function_2023,Basal RNA Polymerase II Transcription Machinery Binding (GO:0001099),1/36,0.1438156274160286,0.2320225455645261,0,0,6.6820168067226895,12.957921780117758,GTF2F1
GO_Molecular_Function_2023,Hsp90 Protein Binding (GO:0051879),1/35,0.140111630971025,0.2320225455645261,0,0,6.8788927335640135,13.519196644704603,TSC2
Reactome_2022,Negative Regulation Of MAPK Pathway R-HSA-5675221,1/41,0.1621003778502616,0.2325573809888251,0,0,5.845294117647059,10.635743648833245,MAPK3
Reactome_2022,Separation Of Sister Chromatids R-HSA-2467813,2/170,0.1660290547646132,0.2332312912169566,0,0,2.798469387755102,5.024910580436246,RANBP2;PDS5A
Reactome_2022,Activation Of Gene Expression By SREBF (SREBP) R-HSA-2426168,1/42,0.1657107422142195,0.2332312912169566,0,0,5.702439024390244,10.250199880384558,ACACA
Reactome_2022,RND1 GTPase Cycle R-HSA-9696273,1/42,0.1657107422142195,0.2332312912169566,0,0,5.702439024390244,10.250199880384558,ARHGAP5
Reactome_2022,RND3 GTPase Cycle R-HSA-9696264,1/42,0.1657107422142195,0.2332312912169566,0,0,5.702439024390244,10.250199880384558,ARHGAP5
Reactome_2022,Signaling By FGFR2 In Disease R-HSA-5655253,1/42,0.1657107422142195,0.2332312912169566,0,0,5.702439024390244,10.250199880384558,GTF2F1
Reactome_2022,Signaling By SCF-KIT R-HSA-1433557,1/42,0.1657107422142195,0.2332312912169566,0,0,5.702439024390244,10.250199880384558,CHEK1
Reactome_2022,Kinesins R-HSA-983189,1/42,0.1657107422142195,0.2332312912169566,0,0,5.702439024390244,10.250199880384558,KIF4A
GO_Biological_Process_2023,Regulation Of Receptor Internalization (GO:0002090),1/36,0.1438156274160286,0.2338442101784625,0,0,6.6820168067226895,12.957921780117758,TBC1D5
GO_Biological_Process_2023,Negative Regulation Of Protein Kinase B Signaling (GO:0051898),1/36,0.1438156274160286,0.2338442101784625,0,0,6.6820168067226895,12.957921780117758,TSC2
GO_Biological_Process_2023,Regulation Of Peptidyl-Threonine Phosphorylation (GO:0010799),1/36,0.1438156274160286,0.2338442101784625,0,0,6.6820168067226895,12.957921780117758,RPTOR
GO_Biological_Process_2023,Regulation Of Trans-Synaptic Signaling (GO:0099177),1/36,0.1438156274160286,0.2338442101784625,0,0,6.6820168067226895,12.957921780117758,PPP3CA
GO_Biological_Process_2023,Histone Deacetylation (GO:0016575),1/36,0.1438156274160286,0.2338442101784625,0,0,6.6820168067226895,12.957921780117758,MTA1
GO_Biological_Process_2023,Cellular Response To Growth Factor Stimulus (GO:0071363),2/155,0.1435467772015938,0.2338442101784625,0,0,3.07516339869281,5.969182216637869,RPS6KB1;EMD
Reactome_2022,Smooth Muscle Contraction R-HSA-445355,1/43,0.1693057302951719,0.2343469346021149,0,0,5.5663865546218485,9.886176072320994,TLN1
Reactome_2022,"Transport Of Vitamins, Nucleosides, And Related Molecules R-HSA-425397",1/43,0.1693057302951719,0.2343469346021149,0,0,5.5663865546218485,9.886176072320994,ARL2BP
Reactome_2022,Homologous DNA Pairing And Strand Exchange R-HSA-5693579,1/43,0.1693057302951719,0.2343469346021149,0,0,5.5663865546218485,9.886176072320994,CHEK1
Reactome_2022,Formation Of HIV-1 Elongation Complex Containing HIV-1 Tat R-HSA-167200,1/43,0.1693057302951719,0.2343469346021149,0,0,5.5663865546218485,9.886176072320994,GTF2F1
Reactome_2022,RND2 GTPase Cycle R-HSA-9696270,1/43,0.1693057302951719,0.2343469346021149,0,0,5.5663865546218485,9.886176072320994,ARHGAP5
KEGG_2021_Human,Gastric cancer,2/149,0.1347513066031994,0.2369253742473836,0,0,3.2016520894071916,6.417149315837083,RPS6KB1;MAPK3
KEGG_2021_Human,Phospholipase D signaling pathway,2/148,0.1332977658808847,0.2369253742473836,0,0,3.223744292237443,6.496392179392902,TSC2;MAPK3
KEGG_2021_Human,SNARE interactions in vesicular transport,1/33,0.1326560603433392,0.2369253742473836,0,0,7.309558823529412,14.765276023510664,STX3
KEGG_2021_Human,Propanoate metabolism,1/34,0.1363917975983422,0.2372031262579864,0,0,7.0877005347593585,14.12028477327799,ACACA
GO_Biological_Process_2023,Regulation Of Vascular Associated Smooth Muscle Cell Proliferation (GO:1904705),1/37,0.1475038535361489,0.2374665998512654,0,0,6.496078431372549,12.432850862154837,JUN
GO_Biological_Process_2023,Regulation Of Phosphoprotein Phosphatase Activity (GO:0043666),1/37,0.1475038535361489,0.2374665998512654,0,0,6.496078431372549,12.432850862154837,PPP1R12A
GO_Biological_Process_2023,Melanosome Organization (GO:0032438),1/37,0.1475038535361489,0.2374665998512654,0,0,6.496078431372549,12.432850862154837,DTNBP1
GO_Biological_Process_2023,Spliceosomal snRNP Assembly (GO:0000387),1/37,0.1475038535361489,0.2374665998512654,0,0,6.496078431372549,12.432850862154837,DDX20
GO_Biological_Process_2023,Regulation Of Sodium Ion Transmembrane Transporter Activity (GO:2000649),1/37,0.1475038535361489,0.2374665998512654,0,0,6.496078431372549,12.432850862154837,OXSR1
GO_Biological_Process_2023,Peptidyl-Serine Phosphorylation (GO:0018105),2/158,0.1479897172815127,0.2377779449602171,0,0,3.0155677655677655,5.761581423642481,RPS6KA3;RPS6KB1
GO_Biological_Process_2023,G2/M Transition Of Mitotic Cell Cycle (GO:0000086),1/38,0.1511763756964482,0.2395836129458331,0,0,6.320190779014308,11.94078746066896,CDC25C
GO_Biological_Process_2023,Establishment Of Protein Localization To Plasma Membrane (GO:0061951),1/38,0.1511763756964482,0.2395836129458331,0,0,6.320190779014308,11.94078746066896,GGA2
GO_Biological_Process_2023,Positive Regulation Of Bone Mineralization (GO:0030501),1/38,0.1511763756964482,0.2395836129458331,0,0,6.320190779014308,11.94078746066896,OXSR1
GO_Biological_Process_2023,Regulation Of Protein Import Into Nucleus (GO:0042306),1/38,0.1511763756964482,0.2395836129458331,0,0,6.320190779014308,11.94078746066896,TPR
GO_Biological_Process_2023,Regulation Of Neurotransmitter Secretion (GO:0046928),1/38,0.1511763756964482,0.2395836129458331,0,0,6.320190779014308,11.94078746066896,DTNBP1
GO_Biological_Process_2023,Lymphocyte Proliferation (GO:0046651),1/38,0.1511763756964482,0.2395836129458331,0,0,6.320190779014308,11.94078746066896,PPP3CB
GO_Biological_Process_2023,Regulation Of Telomere Maintenance (GO:0032204),1/38,0.1511763756964482,0.2395836129458331,0,0,6.320190779014308,11.94078746066896,XRCC5
GO_Biological_Process_2023,Positive Regulation Of Lymphocyte Differentiation (GO:0045621),1/39,0.1548332599823739,0.2397703626012761,0,0,6.1535603715170275,11.47889141140809,XRCC6
GO_Biological_Process_2023,Protein Transport (GO:0015031),3/313,0.1520153823773795,0.2397703626012761,0,0,2.285736494364555,4.305809980994059,GGA2;RAB14;STX3
GO_Biological_Process_2023,Negative Regulation Of Apoptotic Process (GO:0043066),4/482,0.1536887151171042,0.2397703626012761,0,0,1.9834677007857944,3.7146899845665153,RPS6KA3;RPS6KB1;RPS6KA1;OXSR1
GO_Biological_Process_2023,Regulation Of Macromolecule Metabolic Process (GO:0060255),2/162,0.1539572151955314,0.2397703626012761,0,0,2.939583333333333,5.500197166517134,STX3;SSH1
GO_Biological_Process_2023,Positive Regulation Of Cell Population Proliferation (GO:0008284),4/483,0.1544946977004882,0.2397703626012761,0,0,1.979225011456795,3.696391729483762,RPS6;NOP2;OXSR1;STX3
GO_Biological_Process_2023,Regulation Of Mitotic Spindle Organization (GO:0060236),1/39,0.1548332599823739,0.2397703626012761,0,0,6.1535603715170275,11.47889141140809,TPR
GO_Biological_Process_2023,Vesicle Cytoskeletal Trafficking (GO:0099518),1/39,0.1548332599823739,0.2397703626012761,0,0,6.1535603715170275,11.47889141140809,MYO1E
GO_Biological_Process_2023,Fibroblast Growth Factor Receptor Signaling Pathway (GO:0008543),1/39,0.1548332599823739,0.2397703626012761,0,0,6.1535603715170275,11.47889141140809,RAB14
GO_Biological_Process_2023,Positive Regulation Of Lipid Biosynthetic Process (GO:0046889),1/39,0.1548332599823739,0.2397703626012761,0,0,6.1535603715170275,11.47889141140809,RPTOR
GO_Biological_Process_2023,Positive Regulation Of Cytokinesis (GO:0032467),1/39,0.1548332599823739,0.2397703626012761,0,0,6.1535603715170275,11.47889141140809,CENPV
GO_Biological_Process_2023,Odontogenesis (GO:0042476),1/39,0.1548332599823739,0.2397703626012761,0,0,6.1535603715170275,11.47889141140809,OXSR1
GO_Biological_Process_2023,Neuron Projection Extension (GO:1990138),1/39,0.1548332599823739,0.2397703626012761,0,0,6.1535603715170275,11.47889141140809,PPP3CB
Reactome_2022,Signaling By GPCR R-HSA-372790,5/689,0.1750629275134693,0.2414038338010085,0,0,1.7354342646740308,3.024184728941207,PPP3CA;RPS6KA3;PPP3CB;RPS6KA1;MAPK3
Reactome_2022,ERCC6 (CSB) And EHMT2 (G9a) Positively Regulate rRNA Expression R-HSA-427389,1/45,0.1764498361469236,0.2414038338010085,0,0,5.31283422459893,9.216272653459011,MTA1
Reactome_2022,Formation Of HIV Elongation Complex In Absence Of HIV Tat R-HSA-167152,1/45,0.1764498361469236,0.2414038338010085,0,0,5.31283422459893,9.216272653459011,GTF2F1
Reactome_2022,TAK1-dependent IKK And NF-kappa-B Activation R-HSA-445989,1/45,0.1764498361469236,0.2414038338010085,0,0,5.31283422459893,9.216272653459011,NFKB2
GO_Biological_Process_2023,Positive Regulation Of Myeloid Leukocyte Differentiation (GO:0002763),1/40,0.1584745722036877,0.2417257545996212,0,0,5.995475113122172,11.044631186923048,PPP3CA
GO_Biological_Process_2023,Positive Regulation Of Insulin Secretion (GO:0032024),1/40,0.1584745722036877,0.2417257545996212,0,0,5.995475113122172,11.044631186923048,PPP3CB
GO_Biological_Process_2023,Positive Regulation Of Cell Cycle G1/S Phase Transition (GO:1902808),1/40,0.1584745722036877,0.2417257545996212,0,0,5.995475113122172,11.044631186923048,RPTOR
GO_Biological_Process_2023,Protein Deacetylation (GO:0006476),1/40,0.1584745722036877,0.2417257545996212,0,0,5.995475113122172,11.044631186923048,MTA1
GO_Biological_Process_2023,Protein Localization To Chromosome (GO:0034502),1/40,0.1584745722036877,0.2417257545996212,0,0,5.995475113122172,11.044631186923048,XRCC5
GO_Biological_Process_2023,Cellular Response To Heat (GO:0034605),1/40,0.1584745722036877,0.2417257545996212,0,0,5.995475113122172,11.044631186923048,TPR
GO_Biological_Process_2023,Regulation Of Glycolytic Process (GO:0006110),1/40,0.1584745722036877,0.2417257545996212,0,0,5.995475113122172,11.044631186923048,RPTOR
GO_Biological_Process_2023,Cell Cycle G2/M Phase Transition (GO:0044839),1/40,0.1584745722036877,0.2417257545996212,0,0,5.995475113122172,11.044631186923048,CDC25C
GO_Biological_Process_2023,Peptidyl-Serine Modification (GO:0018209),2/166,0.159971422108533,0.2435519965809688,0,0,2.8673054587688735,5.255083015037552,RPS6KA3;RPS6KB1
Reactome_2022,RNA Polymerase I Transcription Initiation R-HSA-73762,1/46,0.1799990825290058,0.2441366866485367,0,0,5.1945098039215685,8.907563723274029,MTA1
Reactome_2022,HIV Transcription Initiation R-HSA-167161,1/46,0.1799990825290058,0.2441366866485367,0,0,5.1945098039215685,8.907563723274029,GTF2F1
Reactome_2022,XBP1(S) Activates Chaperone Genes R-HSA-381038,1/46,0.1799990825290058,0.2441366866485367,0,0,5.1945098039215685,8.907563723274029,TLN1
GO_Biological_Process_2023,Positive Regulation Of Actin Filament Polymerization (GO:0030838),1/41,0.1621003778502616,0.2445039094476116,0,0,5.845294117647059,10.635743648833245,VASP
GO_Biological_Process_2023,Positive Regulation Of Ossification (GO:0045778),1/41,0.1621003778502616,0.2445039094476116,0,0,5.845294117647059,10.635743648833245,OXSR1
GO_Biological_Process_2023,Response To Amino Acid Starvation (GO:1990928),1/41,0.1621003778502616,0.2445039094476116,0,0,5.845294117647059,10.635743648833245,MAPK3
GO_Biological_Process_2023,Synaptic Vesicle Exocytosis (GO:0016079),1/41,0.1621003778502616,0.2445039094476116,0,0,5.845294117647059,10.635743648833245,STX3
GO_Biological_Process_2023,Stem Cell Differentiation (GO:0048863),1/41,0.1621003778502616,0.2445039094476116,0,0,5.845294117647059,10.635743648833245,OXSR1
GO_Biological_Process_2023,Modulation By Host Of Symbiont Process (GO:0051851),1/42,0.1657107422142195,0.2462940281904214,0,0,5.702439024390244,10.250199880384558,JUN
GO_Biological_Process_2023,Lysosome Localization (GO:0032418),1/42,0.1657107422142195,0.2462940281904214,0,0,5.702439024390244,10.250199880384558,SPAG9
GO_Biological_Process_2023,Keratinocyte Differentiation (GO:0030216),1/42,0.1657107422142195,0.2462940281904214,0,0,5.702439024390244,10.250199880384558,PPP3CA
GO_Biological_Process_2023,Translational Elongation (GO:0006414),1/42,0.1657107422142195,0.2462940281904214,0,0,5.702439024390244,10.250199880384558,EEF1B2
GO_Biological_Process_2023,Stress-Activated MAPK Cascade (GO:0051403),1/42,0.1657107422142195,0.2462940281904214,0,0,5.702439024390244,10.250199880384558,MAPK3
GO_Biological_Process_2023,Cellular Response To Amino Acid Starvation (GO:0034198),1/42,0.1657107422142195,0.2462940281904214,0,0,5.702439024390244,10.250199880384558,MAPK3
GO_Biological_Process_2023,DNA Integrity Checkpoint Signaling (GO:0031570),1/42,0.1657107422142195,0.2462940281904214,0,0,5.702439024390244,10.250199880384558,CHEK1
GO_Biological_Process_2023,Regulation Of Osteoclast Differentiation (GO:0045670),1/42,0.1657107422142195,0.2462940281904214,0,0,5.702439024390244,10.250199880384558,PPP3CA
GO_Cellular_Component_2023,Nuclear Outer Membrane (GO:0005640),1/19,0.0786476946512038,0.2468663748773899,0,0,13.003921568627453,33.06607217254294,EMD
Reactome_2022,mRNA Splicing - Major Pathway R-HSA-72163,2/181,0.1828857730075348,0.2473412173626259,0,0,2.6250332535248737,4.459651963840299,SRRM2;GTF2F1
Reactome_2022,PKMTs Methylate Histone Lysines R-HSA-3214841,1/47,0.1835332098896196,0.2475076430511441,0,0,5.081329923273657,8.61468170774335,NFKB2
Reactome_2022,G2/M Transition R-HSA-69275,2/182,0.1844311033749252,0.2480099167890731,0,0,2.6103174603174604,4.412687655762167,PPP1R12A;CDC25C
GO_Biological_Process_2023,DNA-templated DNA Replication Maintenance Of Fidelity (GO:0045005),1/43,0.1693057302951719,0.2480100157296843,0,0,5.5663865546218485,9.886176072320994,BOD1L1
GO_Biological_Process_2023,Heart Development (GO:0007507),2/171,0.1675498726373961,0.2480100157296843,0,0,2.781769512538743,4.969559533890929,TSC2;OXSR1
GO_Biological_Process_2023,Regulation Of Primary Metabolic Process (GO:0080090),1/43,0.1693057302951719,0.2480100157296843,0,0,5.5663865546218485,9.886176072320994,SSH1
GO_Biological_Process_2023,Positive Regulation Of Biomineral Tissue Development (GO:0070169),1/43,0.1693057302951719,0.2480100157296843,0,0,5.5663865546218485,9.886176072320994,OXSR1
GO_Biological_Process_2023,Positive Regulation Of Receptor-Mediated Endocytosis (GO:0048260),1/43,0.1693057302951719,0.2480100157296843,0,0,5.5663865546218485,9.886176072320994,TBC1D5
GO_Biological_Process_2023,Regulation Of Filopodium Assembly (GO:0051489),1/43,0.1693057302951719,0.2480100157296843,0,0,5.5663865546218485,9.886176072320994,ARAP1
GO_Biological_Process_2023,Positive Regulation Of miRNA Transcription (GO:1902895),1/43,0.1693057302951719,0.2480100157296843,0,0,5.5663865546218485,9.886176072320994,JUN
GO_Biological_Process_2023,Positive Regulation Of Cell Division (GO:0051781),1/43,0.1693057302951719,0.2480100157296843,0,0,5.5663865546218485,9.886176072320994,CENPV
GO_Biological_Process_2023,Regulation Of DNA Recombination (GO:0000018),1/44,0.1728854067820549,0.2505451617001972,0,0,5.436662106703146,9.54202860693275,CHEK1
GO_Biological_Process_2023,Positive Regulation Of Biosynthetic Process (GO:0009891),1/44,0.1728854067820549,0.2505451617001972,0,0,5.436662106703146,9.54202860693275,RPTOR
GO_Biological_Process_2023,Nucleus Organization (GO:0006997),1/44,0.1728854067820549,0.2505451617001972,0,0,5.436662106703146,9.54202860693275,TPR
GO_Biological_Process_2023,Positive Regulation Of Osteoblast Differentiation (GO:0045669),1/44,0.1728854067820549,0.2505451617001972,0,0,5.436662106703146,9.54202860693275,PPP3CA
GO_Biological_Process_2023,Positive Regulation Of Chemotaxis (GO:0050921),1/44,0.1728854067820549,0.2505451617001972,0,0,5.436662106703146,9.54202860693275,STX3
GO_Biological_Process_2023,Mitotic Spindle Assembly (GO:0090307),1/44,0.1728854067820549,0.2505451617001972,0,0,5.436662106703146,9.54202860693275,KIF4A
Reactome_2022,Mitotic G2-G2/M Phases R-HSA-453274,2/184,0.1875275742050203,0.2507450850560045,0,0,2.5813710099424387,4.320774642174999,PPP1R12A;CDC25C
Reactome_2022,IRE1alpha Activates Chaperones R-HSA-381070,1/48,0.1870522818483187,0.2507450850560045,0,0,4.9729662077597,8.336517035216884,TLN1
GO_Cellular_Component_2023,trans-Golgi Network (GO:0005802),3/241,0.0855798662416434,0.2516072975563195,0,0,2.9881542978637237,7.345795341346497,GGA2;ARAP1;AP4B1
GO_Cellular_Component_2023,Cytoplasmic Dynein Complex (GO:0005868),1/21,0.0865619739356447,0.2516072975563195,0,0,11.702352941176471,28.634424919991112,TPR
GO_Cellular_Component_2023,Cytoplasmic Vesicle Lumen (GO:0060205),2/115,0.08776560317489,0.2516072975563195,0,0,4.1721449641803625,10.151185910579056,XRCC6;XRCC5
GO_Cellular_Component_2023,Early Endosome Membrane (GO:0031901),2/116,0.0890645301084317,0.2516072975563195,0,0,4.135338345864661,10.00087791743202,GGA2;RAB14
Reactome_2022,mRNA Splicing - Minor Pathway R-HSA-72165,1/49,0.190556361783656,0.2526477605670945,0,0,4.869117647058824,8.072058613293224,GTF2F1
Reactome_2022,TP53 Regulates Transcription Of Cell Cycle Genes R-HSA-6791312,1/49,0.190556361783656,0.2526477605670945,0,0,4.869117647058824,8.072058613293224,CDC25C
Reactome_2022,Signaling By FGFR1 R-HSA-5654736,1/49,0.190556361783656,0.2526477605670945,0,0,4.869117647058824,8.072058613293224,MAPK3
KEGG_2021_Human,MicroRNAs in cancer,3/310,0.1489754117588772,0.2535751689512803,0,0,2.3084258859542404,4.395182887190238,RPTOR;CDC25C;MAPK3
KEGG_2021_Human,Aldosterone-regulated sodium reabsorption,1/37,0.1475038535361489,0.2535751689512803,0,0,6.496078431372549,12.432850862154837,MAPK3
GO_Biological_Process_2023,Regulation Of Stem Cell Differentiation (GO:2000736),1/45,0.1764498361469236,0.2539003836945999,0,0,5.31283422459893,9.216272653459011,MTA1
GO_Biological_Process_2023,Chromosome Organization (GO:0051276),1/45,0.1764498361469236,0.2539003836945999,0,0,5.31283422459893,9.216272653459011,CENPV
GO_Biological_Process_2023,I-kappaB kinase/NF-kappaB Signaling (GO:0007249),1/45,0.1764498361469236,0.2539003836945999,0,0,5.31283422459893,9.216272653459011,NFKB2
GO_Biological_Process_2023,Natural Killer Cell Activation (GO:0030101),1/45,0.1764498361469236,0.2539003836945999,0,0,5.31283422459893,9.216272653459011,CD2
Reactome_2022,"Formation Of Ternary Complex, And Subsequently, 43S Complex R-HSA-72695",1/50,0.1940455128548384,0.2565531710573774,0,0,4.769507803121249,7.820383303288144,RPS6
GO_Molecular_Function_2023,Tubulin Binding (GO:0015631),3/322,0.1612535204243748,0.2567325785703863,0,0,2.220228877894021,4.051423682260346,MAP7D3;TPR;EMD
GO_Biological_Process_2023,Regulation Of Fibroblast Proliferation (GO:0048145),1/46,0.1799990825290058,0.2567355335018979,0,0,5.1945098039215685,8.907563723274029,EMD
GO_Biological_Process_2023,Protein Sumoylation (GO:0016925),1/46,0.1799990825290058,0.2567355335018979,0,0,5.1945098039215685,8.907563723274029,RANBP2
GO_Biological_Process_2023,Homotypic Cell-Cell Adhesion (GO:0034109),1/46,0.1799990825290058,0.2567355335018979,0,0,5.1945098039215685,8.907563723274029,TLN1
GO_Biological_Process_2023,Replication Fork Processing (GO:0031297),1/46,0.1799990825290058,0.2567355335018979,0,0,5.1945098039215685,8.907563723274029,BOD1L1
GO_Biological_Process_2023,Mitotic G2/M Transition Checkpoint (GO:0044818),1/46,0.1799990825290058,0.2567355335018979,0,0,5.1945098039215685,8.907563723274029,CHEK1
Reactome_2022,mRNA Splicing R-HSA-72172,2/189,0.1953005837306723,0.2567740265205497,0,0,2.5117137764196587,4.102169751181436,SRRM2;GTF2F1
Reactome_2022,rRNA Processing In Nucleus And Cytosol R-HSA-8868773,2/189,0.1953005837306723,0.2567740265205497,0,0,2.5117137764196587,4.102169751181436,RPS6;NOP2
Reactome_2022,Ubiquitin Mediated Degradation Of Phosphorylated Cdc25A R-HSA-69601,1/51,0.1975197978687494,0.2575396259504137,0,0,4.673882352941177,7.580646707679503,CHEK1
Reactome_2022,Transcriptional Activity Of SMAD2/SMAD3:SMAD4 Heterotrimer R-HSA-2173793,1/51,0.1975197978687494,0.2575396259504137,0,0,4.673882352941177,7.580646707679503,MAPK3
Reactome_2022,Synthesis Of PIPs At Plasma Membrane R-HSA-1660499,1/51,0.1975197978687494,0.2575396259504137,0,0,4.673882352941177,7.580646707679503,RAB14
GO_Biological_Process_2023,"RNA Splicing, Via Transesterification Reactions With Bulged Adenosine As Nucleophile (GO:0000377)",2/180,0.1813424391574095,0.2581986042644028,0,0,2.6399143927233815,4.507305637005851,SRRM2;YTHDC1
GO_Biological_Process_2023,Golgi To Plasma Membrane Transport (GO:0006893),1/47,0.1835332098896196,0.2590494785421193,0,0,5.081329923273657,8.61468170774335,GGA2
GO_Biological_Process_2023,Positive Regulation Of TOR Signaling (GO:0032008),1/47,0.1835332098896196,0.2590494785421193,0,0,5.081329923273657,8.61468170774335,RPTOR
GO_Biological_Process_2023,Positive Regulation Of Lymphocyte Activation (GO:0051251),1/47,0.1835332098896196,0.2590494785421193,0,0,5.081329923273657,8.61468170774335,XRCC6
GO_Biological_Process_2023,Positive Regulation Of Smooth Muscle Cell Proliferation (GO:0048661),1/47,0.1835332098896196,0.2590494785421193,0,0,5.081329923273657,8.61468170774335,JUN
GO_Biological_Process_2023,Regulation Of T Cell Differentiation (GO:0045580),1/47,0.1835332098896196,0.2590494785421193,0,0,5.081329923273657,8.61468170774335,CD2
KEGG_2021_Human,Hepatitis B,2/162,0.1539572151955314,0.2592963624345792,0,0,2.939583333333333,5.500197166517134,JUN;MAPK3
GO_Molecular_Function_2023,Promoter-Specific Chromatin Binding (GO:1990841),1/42,0.1657107422142195,0.2604025949080593,0,0,5.702439024390244,10.250199880384558,GTF2F1
GO_Biological_Process_2023,Macromolecule Biosynthetic Process (GO:0009059),2/183,0.1859783853317038,0.2620458011692811,0,0,2.595764272559853,4.3663995095232515,EEF1B2;RPS6
GO_Molecular_Function_2023,Cell-Cell Adhesion Mediator Activity (GO:0098632),1/43,0.1693057302951719,0.2626409405861001,0,0,5.5663865546218485,9.886176072320994,PALLD
GO_Biological_Process_2023,Regulation Of DNA Binding (GO:0051101),1/48,0.1870522818483187,0.2626485408336496,0,0,4.9729662077597,8.336517035216884,JUN
GO_Biological_Process_2023,Cellular Defense Response (GO:0006968),1/48,0.1870522818483187,0.2626485408336496,0,0,4.9729662077597,8.336517035216884,LSP1
GO_Molecular_Function_2023,Copper Ion Binding (GO:0005507),1/45,0.1764498361469236,0.26358555770096,0,0,5.31283422459893,9.216272653459011,PAM
GO_Molecular_Function_2023,Protein Kinase Inhibitor Activity (GO:0004860),1/45,0.1764498361469236,0.26358555770096,0,0,5.31283422459893,9.216272653459011,RPTOR
GO_Molecular_Function_2023,Signaling Receptor Complex Adaptor Activity (GO:0030159),1/44,0.1728854067820549,0.26358555770096,0,0,5.436662106703146,9.54202860693275,SPAG9
Reactome_2022,"Nucleotide-binding Domain, Leucine Rich Repeat Containing NLR Signaling Pathways R-HSA-168643",1/53,0.2044240199319846,0.2643510613914979,0,0,4.493665158371041,7.133958175164451,NFKB2
Reactome_2022,Sensory Processing Of Sound By Outer Hair Cells Of Cochlea R-HSA-9662361,1/53,0.2044240199319846,0.2643510613914979,0,0,4.493665158371041,7.133958175164451,MYO1E
Reactome_2022,Insulin Receptor Signaling Cascade R-HSA-74751,1/53,0.2044240199319846,0.2643510613914979,0,0,4.493665158371041,7.133958175164451,MAPK3
Reactome_2022,Metabolism Of Amino Acids And Derivatives R-HSA-71291,3/364,0.2063996347529154,0.2661765781513008,0,0,1.957714514567967,3.089158028166801,EEFSEC;RPS6;SEPHS2
GO_Biological_Process_2023,Positive Regulation Of miRNA Metabolic Process (GO:2000630),1/49,0.190556361783656,0.2671074519484696,0,0,4.869117647058824,8.072058613293224,JUN
Reactome_2022,RHOJ GTPase Cycle R-HSA-9013409,1/54,0.2078540813864887,0.2673218703390264,0,0,4.40865704772475,6.92564302052444,ARHGAP5
KEGG_2021_Human,Tight junction,2/169,0.1645107513475471,0.2685889817919137,0,0,2.815369261477046,5.081120314681784,VASP;JUN
KEGG_2021_Human,Hepatocellular carcinoma,2/168,0.1629950116536253,0.2685889817919137,0,0,2.8324727481353986,5.138206633397915,RPS6KB1;MAPK3
KEGG_2021_Human,Bladder cancer,1/41,0.1621003778502616,0.2685889817919137,0,0,5.845294117647059,10.635743648833245,MAPK3
Reactome_2022,rRNA Processing R-HSA-72312,2/199,0.2109649049310058,0.2687849490568574,0,0,2.383007009910563,3.708110196627175,RPS6;NOP2
Reactome_2022,Regulation Of Cholesterol Biosynthesis By SREBP (SREBF) R-HSA-1655829,1/55,0.2112695256357926,0.2687849490568574,0,0,4.326797385620915,6.726528295665297,ACACA
Reactome_2022,Amino Acids Regulate mTORC1 R-HSA-9639288,1/55,0.2112695256357926,0.2687849490568574,0,0,4.326797385620915,6.726528295665297,RPTOR
Reactome_2022,Intrinsic Pathway For Apoptosis R-HSA-109606,1/55,0.2112695256357926,0.2687849490568574,0,0,4.326797385620915,6.726528295665297,MAPK3
GO_Cellular_Component_2023,Excitatory Synapse (GO:0060076),1/24,0.0983075728072943,0.2709452616396162,0,0,10.174424552429668,23.601146819428006,PALLD
GO_Biological_Process_2023,Plasma Membrane Bounded Cell Projection Morphogenesis (GO:0120039),1/50,0.1940455128548384,0.2710635772353671,0,0,4.769507803121249,7.820383303288144,DTNBP1
GO_Biological_Process_2023,Ribosome Assembly (GO:0042255),1/50,0.1940455128548384,0.2710635772353671,0,0,4.769507803121249,7.820383303288144,NOP2
GO_Molecular_Function_2023,Calcium Ion Binding (GO:0005509),3/346,0.1866787878890878,0.2721461847539714,0,0,2.0623485194422004,3.461375327704797,PPP3CA;PPP3CB;PAM
GO_Molecular_Function_2023,Metal Ion Binding (GO:0046872),4/521,0.1862618158299591,0.2721461847539714,0,0,1.8301646459404632,3.07577833325171,PPP3CA;PPP3CB;OXSR1;PAM
GO_Biological_Process_2023,"Negative Regulation Of Gene Expression, Epigenetic (GO:0045814)",1/51,0.1975197978687494,0.2721755858767683,0,0,4.673882352941177,7.580646707679503,CHEK1
GO_Biological_Process_2023,Amide Biosynthetic Process (GO:0043604),1/51,0.1975197978687494,0.2721755858767683,0,0,4.673882352941177,7.580646707679503,PAM
GO_Biological_Process_2023,Regulation Of Stress-Activated MAPK Cascade (GO:0032872),1/51,0.1975197978687494,0.2721755858767683,0,0,4.673882352941177,7.580646707679503,MAPK3
GO_Biological_Process_2023,Cholesterol Transport (GO:0030301),1/51,0.1975197978687494,0.2721755858767683,0,0,4.673882352941177,7.580646707679503,LIMA1
GO_Biological_Process_2023,Positive Regulation Of Protein Localization To Cell Periphery (GO:1904377),1/51,0.1975197978687494,0.2721755858767683,0,0,4.673882352941177,7.580646707679503,STX3
GO_Biological_Process_2023,Positive Regulation Of Protein Localization To Plasma Membrane (GO:1903078),1/51,0.1975197978687494,0.2721755858767683,0,0,4.673882352941177,7.580646707679503,STX3
GO_Biological_Process_2023,SMAD Protein Signal Transduction (GO:0060395),1/51,0.1975197978687494,0.2721755858767683,0,0,4.673882352941177,7.580646707679503,JUN
GO_Biological_Process_2023,Regulated Exocytosis (GO:0045055),1/51,0.1975197978687494,0.2721755858767683,0,0,4.673882352941177,7.580646707679503,PPP3CB
Reactome_2022,Deadenylation-dependent mRNA Decay R-HSA-429914,1/56,0.2146704142378106,0.2723775148393726,0,0,4.247914438502674,6.536059430207652,EIF4B
GO_Biological_Process_2023,Neuron Projection Development (GO:0031175),2/192,0.1999844888952308,0.273695400681714,0,0,2.4716791979949875,3.978205908436609,DTNBP1;STX3
GO_Biological_Process_2023,Transcription By RNA Polymerase II (GO:0006366),2/192,0.1999844888952308,0.273695400681714,0,0,2.4716791979949875,3.978205908436609,ICE1;GTF2F1
GO_Biological_Process_2023,Rho Protein Signal Transduction (GO:0007266),1/52,0.2009792794673841,0.273695400681714,0,0,4.582006920415225,7.352075073767621,ARHGAP5
GO_Biological_Process_2023,Regulation Of Peptide Hormone Secretion (GO:0090276),1/52,0.2009792794673841,0.273695400681714,0,0,4.582006920415225,7.352075073767621,PPP3CB
GO_Biological_Process_2023,Cartilage Development (GO:0051216),1/52,0.2009792794673841,0.273695400681714,0,0,4.582006920415225,7.352075073767621,OXSR1
GO_Biological_Process_2023,Cell Cycle G1/S Phase Transition (GO:0044843),1/52,0.2009792794673841,0.273695400681714,0,0,4.582006920415225,7.352075073767621,RPS6KB1
GO_Biological_Process_2023,Positive Regulation Of Telomere Maintenance (GO:0032206),1/52,0.2009792794673841,0.273695400681714,0,0,4.582006920415225,7.352075073767621,MAPK3
GO_Biological_Process_2023,Regulation Of Signal Transduction (GO:0009966),2/193,0.2015488866552961,0.274012115135043,0,0,2.4586138120169534,3.938019061225504,DTNBP1;TSC2
KEGG_2021_Human,Human papillomavirus infection,3/331,0.1706598121329234,0.2758138377905832,0,0,2.158316191595651,3.816082397279417,RPS6KB1;TSC2;MAPK3
Reactome_2022,NCAM Signaling For Neurite Out-Growth R-HSA-375165,1/57,0.2180568084643899,0.2759324761265203,0,0,4.171848739495799,6.353724215387732,MAPK3
GO_Biological_Process_2023,Actin Polymerization Or Depolymerization (GO:0008154),1/53,0.2044240199319846,0.2760742993433613,0,0,4.493665158371041,7.133958175164451,MICAL1
GO_Biological_Process_2023,Regulation Of Cyclin-Dependent Protein Kinase Activity (GO:1904029),1/53,0.2044240199319846,0.2760742993433613,0,0,4.493665158371041,7.133958175164451,CDC25C
GO_Biological_Process_2023,Actin Cytoskeleton Reorganization (GO:0031532),1/53,0.2044240199319846,0.2760742993433613,0,0,4.493665158371041,7.133958175164451,DTNBP1
GO_Biological_Process_2023,"Regulation Of Alternative mRNA Splicing, Via Spliceosome (GO:0000381)",1/53,0.2044240199319846,0.2760742993433613,0,0,4.493665158371041,7.133958175164451,YTHDC1
Reactome_2022,NIK To Noncanonical NF-kB Signaling R-HSA-5676590,1/58,0.2214287694166872,0.2787050111058036,0,0,4.098452012383901,6.179048898114302,NFKB2
Reactome_2022,Formation Of RNA Pol II Elongation Complex R-HSA-112382,1/58,0.2214287694166872,0.2787050111058036,0,0,4.098452012383901,6.179048898114302,GTF2F1
GO_Cellular_Component_2023,Endoplasmic Reticulum Tubular Network (GO:0071782),1/26,0.1060549125253618,0.2787519296639481,0,0,9.359529411764706,21.000895961244385,EMD
GO_Cellular_Component_2023,Polymeric Cytoskeletal Fiber (GO:0099513),3/265,0.1060737431464581,0.2787519296639481,0,0,2.7111192863055273,6.082723450393372,MTA1;PALLD;MICAL1
GO_Biological_Process_2023,Regulation Of Focal Adhesion Assembly (GO:0051893),1/54,0.2078540813864887,0.2788537428501904,0,0,4.40865704772475,6.92564302052444,TLN1
GO_Biological_Process_2023,Ribosomal Large Subunit Biogenesis (GO:0042273),1/54,0.2078540813864887,0.2788537428501904,0,0,4.40865704772475,6.92564302052444,NOP2
GO_Biological_Process_2023,Epidermal Cell Differentiation (GO:0009913),1/54,0.2078540813864887,0.2788537428501904,0,0,4.40865704772475,6.92564302052444,PPP3CA
GO_Biological_Process_2023,Positive Regulation Of Leukocyte Chemotaxis (GO:0002690),1/54,0.2078540813864887,0.2788537428501904,0,0,4.40865704772475,6.92564302052444,MAPK3
Reactome_2022,B-WICH Complex Positively Regulates rRNA Expression R-HSA-5250924,1/59,0.2247863578796311,0.281164552527215,0,0,4.027586206896552,6.011594699734063,MYO1E
Reactome_2022,RHOQ GTPase Cycle R-HSA-9013406,1/59,0.2247863578796311,0.281164552527215,0,0,4.027586206896552,6.011594699734063,ARHGAP5
Reactome_2022,Phospholipid Metabolism R-HSA-1483257,2/208,0.2251699170662866,0.281164552527215,0,0,2.2778548312528897,3.396053710573661,RAB14;PNPLA6
GO_Biological_Process_2023,Regulation Of Gene Expression (GO:0010468),7/1127,0.2104661877314379,0.281892933485435,0,0,1.486867088607595,2.3171786740647695,MTA1;AHNAK;YTHDC1;DTNBP1;OXSR1;STX3;NFKB2
GO_Biological_Process_2023,Anterograde Trans-Synaptic Signaling (GO:0098916),2/199,0.2109649049310058,0.2820396130408857,0,0,2.383007009910563,3.708110196627175,RPS6KA3;RPS6KA1
GO_Biological_Process_2023,Cellular Response To Fibroblast Growth Factor Stimulus (GO:0044344),1/55,0.2112695256357926,0.2820396130408857,0,0,4.326797385620915,6.726528295665297,RAB14
KEGG_2021_Human,Basal transcription factors,1/45,0.1764498361469236,0.2823197378350778,0,0,5.31283422459893,9.216272653459011,GTF2F1
Reactome_2022,HDACs Deacetylate Histones R-HSA-3214815,1/60,0.228129634375795,0.2841086739455812,0,0,3.9591226321036888,5.850954699068187,MTA1
GO_Biological_Process_2023,Pattern Recognition Receptor Signaling Pathway (GO:0002221),1/56,0.2146704142378106,0.2847097011016967,0,0,4.247914438502674,6.536059430207652,RPS6KA3
GO_Biological_Process_2023,Positive Regulation Of DNA-templated Transcription Initiation (GO:2000144),1/56,0.2146704142378106,0.2847097011016967,0,0,4.247914438502674,6.536059430207652,JUN
GO_Biological_Process_2023,Mitotic DNA Damage Checkpoint Signaling (GO:0044773),1/56,0.2146704142378106,0.2847097011016967,0,0,4.247914438502674,6.536059430207652,CHEK1
GO_Biological_Process_2023,Regulation Of Cation Channel Activity (GO:2001257),1/56,0.2146704142378106,0.2847097011016967,0,0,4.247914438502674,6.536059430207652,AHNAK
KEGG_2021_Human,Pyruvate metabolism,1/47,0.1835332098896196,0.2851001318673702,0,0,5.081329923273657,8.61468170774335,ACACA
KEGG_2021_Human,Type II diabetes mellitus,1/46,0.1799990825290058,0.2851001318673702,0,0,5.1945098039215685,8.907563723274029,MAPK3
KEGG_2021_Human,NOD-like receptor signaling pathway,2/181,0.1828857730075348,0.2851001318673702,0,0,2.6250332535248737,4.459651963840299,JUN;MAPK3
Reactome_2022,Neuronal System R-HSA-112316,3/386,0.2311160178776357,0.2859908040295929,0,0,1.843184749441631,2.699962366760495,RPS6KA3;RPS6KA1;MAPK3
Reactome_2022,Dectin-1 Mediated Noncanonical NF-kB Signaling R-HSA-5607761,1/61,0.2314586591934417,0.2859908040295929,0,0,3.892941176470588,5.696751040020639,NFKB2
Reactome_2022,Signaling By FGFR In Disease R-HSA-1226099,1/61,0.2314586591934417,0.2859908040295929,0,0,3.892941176470588,5.696751040020639,GTF2F1
GO_Biological_Process_2023,Post-Transcriptional Regulation Of Gene Expression (GO:0010608),1/57,0.2180568084643899,0.2882604638724375,0,0,4.171848739495799,6.353724215387732,YTHDC1
GO_Biological_Process_2023,Chemokine-Mediated Signaling Pathway (GO:0070098),1/57,0.2180568084643899,0.2882604638724375,0,0,4.171848739495799,6.353724215387732,OXSR1
Reactome_2022,RAB Geranylgeranylation R-HSA-8873719,1/62,0.2347734924011352,0.2885757510763954,0,0,3.828929604628737,5.548632425072559,RAB14
Reactome_2022,Pre-NOTCH Transcription And Translation R-HSA-1912408,1/62,0.2347734924011352,0.2885757510763954,0,0,3.828929604628737,5.548632425072559,JUN
GO_Biological_Process_2023,Response To Organic Cyclic Compound (GO:0014070),1/58,0.2214287694166872,0.290826477440657,0,0,4.098452012383901,6.179048898114302,TPR
GO_Biological_Process_2023,Positive Regulation Of Type II Interferon Production (GO:0032729),1/58,0.2214287694166872,0.290826477440657,0,0,4.098452012383901,6.179048898114302,CD2
GO_Biological_Process_2023,Muscle Organ Development (GO:0007517),1/58,0.2214287694166872,0.290826477440657,0,0,4.098452012383901,6.179048898114302,EMD
GO_Biological_Process_2023,Regulation Of Bone Mineralization (GO:0030500),1/58,0.2214287694166872,0.290826477440657,0,0,4.098452012383901,6.179048898114302,OXSR1
GO_Biological_Process_2023,DNA-templated Transcription Initiation (GO:0006352),1/59,0.2247863578796311,0.2919349983324922,0,0,4.027586206896552,6.011594699734063,GTF2F1
GO_Biological_Process_2023,Mitotic Cytokinesis (GO:0000281),1/59,0.2247863578796311,0.2919349983324922,0,0,4.027586206896552,6.011594699734063,KIF4A
GO_Biological_Process_2023,protein-DNA Complex Assembly (GO:0065004),1/59,0.2247863578796311,0.2919349983324922,0,0,4.027586206896552,6.011594699734063,CENPV
GO_Biological_Process_2023,Microtubule Cytoskeleton Organization Involved In Mitosis (GO:1902850),1/59,0.2247863578796311,0.2919349983324922,0,0,4.027586206896552,6.011594699734063,KIF4A
GO_Biological_Process_2023,Cellular Response To Chemokine (GO:1990869),1/59,0.2247863578796311,0.2919349983324922,0,0,4.027586206896552,6.011594699734063,OXSR1
GO_Biological_Process_2023,Regulation Of Multicellular Organismal Development (GO:2000026),1/59,0.2247863578796311,0.2919349983324922,0,0,4.027586206896552,6.011594699734063,RAB14
GO_Biological_Process_2023,Regulation Of miRNA Transcription (GO:1902893),1/59,0.2247863578796311,0.2919349983324922,0,0,4.027586206896552,6.011594699734063,JUN
GO_Cellular_Component_2023,Condensed Nuclear Chromosome (GO:0000794),1/28,0.1137364549149455,0.2920958955770193,0,0,8.665359477124182,18.837376322734553,CHEK1
KEGG_2021_Human,Cocaine addiction,1/49,0.190556361783656,0.293163633513317,0,0,4.869117647058824,8.072058613293224,JUN
GO_Cellular_Component_2023,U2-type Catalytic Step 2 Spliceosome (GO:0071007),1/29,0.117552724870697,0.2945924248954621,0,0,8.35546218487395,17.887944321802927,SRRM2
GO_Cellular_Component_2023,Rough Endoplasmic Reticulum (GO:0005791),1/30,0.1213527522063146,0.2945924248954621,0,0,8.066937119675456,17.0136033150249,RAB14
GO_Cellular_Component_2023,Golgi Stack (GO:0005795),1/31,0.125136605265329,0.2945924248954621,0,0,7.79764705882353,16.206234277302418,RAB14
GO_Cellular_Component_2023,Nuclear Inner Membrane (GO:0005637),1/31,0.125136605265329,0.2945924248954621,0,0,7.79764705882353,16.206234277302418,EMD
GO_Biological_Process_2023,Homophilic Cell Adhesion Via Plasma Membrane Adhesion Molecules (GO:0007156),1/60,0.228129634375795,0.2958044541427773,0,0,3.9591226321036888,5.850954699068187,PALLD
Reactome_2022,Semaphorin Interactions R-HSA-373755,1/64,0.2413608228065245,0.2959020996485184,0,0,3.707002801120448,5.269364635462472,TLN1
Reactome_2022,Post-translational Protein Modification R-HSA-597592,8/1383,0.2431063581549278,0.2972699509044713,0,0,1.3828624708624708,1.955721883344845,RANBP2;PPP3CA;MTA1;RAB14;NUP50;TPR;NUP153;NFKB2
GO_Biological_Process_2023,BMP Signaling Pathway (GO:0030509),1/61,0.2314586591934417,0.298218526028951,0,0,3.892941176470588,5.696751040020639,MAPK3
GO_Biological_Process_2023,Positive Regulation Of Organelle Assembly (GO:1902117),1/61,0.2314586591934417,0.298218526028951,0,0,3.892941176470588,5.696751040020639,UBAP2L
GO_Biological_Process_2023,Negative Regulation Of Autophagy (GO:0010507),1/61,0.2314586591934417,0.298218526028951,0,0,3.892941176470588,5.696751040020639,RPTOR
GO_Biological_Process_2023,Positive Regulation Of Interleukin-8 Production (GO:0032757),1/61,0.2314586591934417,0.298218526028951,0,0,3.892941176470588,5.696751040020639,CD2
GO_Molecular_Function_2023,Myosin Binding (GO:0017022),1/54,0.2078540813864887,0.2994088553305373,0,0,4.40865704772475,6.92564302052444,RAB14
GO_Biological_Process_2023,Phosphatidylinositol-Mediated Signaling (GO:0048015),1/62,0.2347734924011352,0.29964026581181,0,0,3.828929604628737,5.548632425072559,RPS6KB1
GO_Biological_Process_2023,Spliceosomal Complex Assembly (GO:0000245),1/62,0.2347734924011352,0.29964026581181,0,0,3.828929604628737,5.548632425072559,YTHDC1
GO_Biological_Process_2023,Glycerophospholipid Metabolic Process (GO:0006650),1/62,0.2347734924011352,0.29964026581181,0,0,3.828929604628737,5.548632425072559,PNPLA6
GO_Biological_Process_2023,Regulation Of T Cell Activation (GO:0050863),1/62,0.2347734924011352,0.29964026581181,0,0,3.828929604628737,5.548632425072559,CD2
GO_Biological_Process_2023,mRNA Processing (GO:0006397),2/214,0.2346819643074831,0.29964026581181,0,0,2.2127133872416893,3.207381214818029,SRRM2;YTHDC1
GO_Biological_Process_2023,Regulation Of Embryonic Development (GO:0045995),1/62,0.2347734924011352,0.29964026581181,0,0,3.828929604628737,5.548632425072559,RAB14
GO_Molecular_Function_2023,Flavin Adenine Dinucleotide Binding (GO:0050660),1/55,0.2112695256357926,0.3007483835521283,0,0,4.326797385620915,6.726528295665297,MICAL1
GO_Biological_Process_2023,G1/S Transition Of Mitotic Cell Cycle (GO:0000082),1/63,0.2380741937440958,0.3024286242405468,0,0,3.7669829222011386,5.4062718629826785,RPS6KB1
GO_Biological_Process_2023,Protein Polymerization (GO:0051258),1/63,0.2380741937440958,0.3024286242405468,0,0,3.7669829222011386,5.4062718629826785,MAP7D3
GO_Biological_Process_2023,Regulation Of Cellular Catabolic Process (GO:0031329),1/63,0.2380741937440958,0.3024286242405468,0,0,3.7669829222011386,5.4062718629826785,RPTOR
Reactome_2022,G1/S DNA Damage Checkpoints R-HSA-69615,1/67,0.2511368678628957,0.3047213409544647,0,0,3.537967914438503,4.888612632693461,CHEK1
Reactome_2022,Sensory Processing Of Sound By Inner Hair Cells Of Cochlea R-HSA-9662360,1/67,0.2511368678628957,0.3047213409544647,0,0,3.537967914438503,4.888612632693461,MYO1E
Reactome_2022,HDR Thru Homologous Recombination (HRR) R-HSA-5685942,1/67,0.2511368678628957,0.3047213409544647,0,0,3.537967914438503,4.888612632693461,CHEK1
GO_Biological_Process_2023,Endocytic Recycling (GO:0032456),1/64,0.2413608228065245,0.3061253493630335,0,0,3.707002801120448,5.269364635462472,RAB14
GO_Biological_Process_2023,Proteasomal Protein Catabolic Process (GO:0010498),2/220,0.2442185820507294,0.3078745909796063,0,0,2.1511577107907383,3.032469012455102,MTA1;DDI2
GO_Biological_Process_2023,Positive Regulation Of T Cell Proliferation (GO:0042102),1/65,0.2446334388349638,0.3078745909796063,0,0,3.6488970588235294,5.137626467495332,PPP3CA
GO_Biological_Process_2023,Fatty Acid Biosynthetic Process (GO:0006633),1/65,0.2446334388349638,0.3078745909796063,0,0,3.6488970588235294,5.137626467495332,ACACA
GO_Biological_Process_2023,Monocarboxylic Acid Biosynthetic Process (GO:0072330),1/65,0.2446334388349638,0.3078745909796063,0,0,3.6488970588235294,5.137626467495332,ACACA
GO_Biological_Process_2023,Regulation Of Cell-Matrix Adhesion (GO:0001952),1/65,0.2446334388349638,0.3078745909796063,0,0,3.6488970588235294,5.137626467495332,TLN1
GO_Biological_Process_2023,Positive Regulation Of Cell Motility (GO:2000147),2/221,0.245809885494533,0.3088770276770562,0,0,2.141226353555121,3.0045621066164303,SPAG9;PPP3CA
GO_Biological_Process_2023,Regulation Of Endocytosis (GO:0030100),1/66,0.2478921009370132,0.3105335563355805,0,0,3.592579185520362,5.010791867835437,TSC2
GO_Biological_Process_2023,Cellular Response To BMP Stimulus (GO:0071773),1/66,0.2478921009370132,0.3105335563355805,0,0,3.592579185520362,5.010791867835437,MAPK3
Reactome_2022,RHOB GTPase Cycle R-HSA-9013026,1/69,0.2575849502210434,0.3109465383742518,0,0,3.4335640138408303,4.657305832354093,ARHGAP5
Reactome_2022,Transcription Of HIV Genome R-HSA-167172,1/69,0.2575849502210434,0.3109465383742518,0,0,3.4335640138408303,4.657305832354093,GTF2F1
GO_Biological_Process_2023,Peptidyl-Tyrosine Phosphorylation (GO:0018108),1/67,0.2511368678628957,0.3136317566398375,0,0,3.537967914438503,4.888612632693461,MAPK3
GO_Biological_Process_2023,Negative Regulation Of Cellular Catabolic Process (GO:0031330),1/67,0.2511368678628957,0.3136317566398375,0,0,3.537967914438503,4.888612632693461,RPTOR
GO_Cellular_Component_2023,Adherens Junction (GO:0005912),2/150,0.1362084763198626,0.3141134249825404,0,0,3.17985842985843,6.339266086244256,MYO1E;TLN1
GO_Biological_Process_2023,Cell-Cell Junction Organization (GO:0045216),1/68,0.2543677981624342,0.3162095105597232,0,0,3.4849868305531166,4.770856483616748,TLN1
GO_Biological_Process_2023,B Cell Differentiation (GO:0030183),1/68,0.2543677981624342,0.3162095105597232,0,0,3.4849868305531166,4.770856483616748,IRF2BP2
GO_Biological_Process_2023,Skin Development (GO:0043588),1/68,0.2543677981624342,0.3162095105597232,0,0,3.4849868305531166,4.770856483616748,PPP3CA
GO_Biological_Process_2023,Chromatin Remodeling (GO:0006338),2/228,0.2569596317529225,0.3189437871986657,0,0,2.0741677201854194,2.8184543517220715,MTA1;CHEK1
GO_Biological_Process_2023,Response To Molecule Of Bacterial Origin (GO:0002237),1/69,0.2575849502210434,0.3192325678806528,0,0,3.4335640138408303,4.657305832354093,RPS6KA3
GO_Biological_Process_2023,Positive Regulation Of Protein Polymerization (GO:0032273),1/70,0.260788382019869,0.3227107375679657,0,0,3.3836317135549874,4.547756661251317,VASP
KEGG_2021_Human,Alzheimer disease,3/369,0.211962725061949,0.3229908191420176,0,0,1.9304760023701364,2.9948339945740257,PPP3CA;PPP3CB;MAPK3
GO_Biological_Process_2023,Negative Regulation Of Intracellular Signal Transduction (GO:1902532),2/231,0.2617420306668764,0.3233985880428123,0,0,2.0466833021418176,2.7433658577689415,RPS6KA1;TSC2
GO_Biological_Process_2023,Cell-Cell Junction Assembly (GO:0007043),1/71,0.2639781514229198,0.3241906904937066,0,0,3.335126050420168,4.442017496799639,TLN1
GO_Biological_Process_2023,Kidney Development (GO:0001822),1/71,0.2639781514229198,0.3241906904937066,0,0,3.335126050420168,4.442017496799639,OXSR1
GO_Biological_Process_2023,Lipid Biosynthetic Process (GO:0008610),1/71,0.2639781514229198,0.3241906904937066,0,0,3.335126050420168,4.442017496799639,ACACA
GO_Biological_Process_2023,Regulation Of Double-Strand Break Repair Via Homologous Recombination (GO:0010569),1/71,0.2639781514229198,0.3241906904937066,0,0,3.335126050420168,4.442017496799639,CHEK1
Reactome_2022,RHOC GTPase Cycle R-HSA-9013106,1/73,0.270316933121591,0.3246554514844554,0,0,3.242156862745098,4.241260511650994,ARHGAP5
Reactome_2022,Extra-nuclear Estrogen Signaling R-HSA-9009391,1/73,0.270316933121591,0.3246554514844554,0,0,3.242156862745098,4.241260511650994,MAPK3
GO_Biological_Process_2023,Positive Regulation Of Developmental Process (GO:0051094),2/233,0.2649309877994998,0.3248701253106988,0,0,2.028756957328386,2.694769281862864,RPS6KA3;RPS6KA1
GO_Biological_Process_2023,Transforming Growth Factor Beta Receptor Signaling Pathway (GO:0007179),1/72,0.2671543160230924,0.3251443995909792,0,0,3.287986743993372,4.3399084793012666,JUN
GO_Biological_Process_2023,Response To Ionizing Radiation (GO:0010212),1/72,0.2671543160230924,0.3251443995909792,0,0,3.287986743993372,4.3399084793012666,MTA1
GO_Biological_Process_2023,Cholesterol Homeostasis (GO:0042632),1/72,0.2671543160230924,0.3251443995909792,0,0,3.287986743993372,4.3399084793012666,LIMA1
GO_Biological_Process_2023,Cellular Response To Hypoxia (GO:0071456),1/72,0.2671543160230924,0.3251443995909792,0,0,3.287986743993372,4.3399084793012666,RPTOR
GO_Biological_Process_2023,Translation (GO:0006412),2/234,0.2665255830463911,0.3251443995909792,0,0,2.0199096880131364,2.6708963698054915,EEF1B2;RPS6
KEGG_2021_Human,Epstein-Barr virus infection,2/202,0.2156901596901284,0.325570052362458,0,0,2.346904761904762,3.5999461914704916,JUN;NFKB2
KEGG_2021_Human,Legionellosis,1/57,0.2180568084643899,0.3260662556476859,0,0,4.171848739495799,6.353724215387732,NFKB2
Reactome_2022,Chromatin Modifying Enzymes R-HSA-3247509,2/238,0.2729040514765518,0.3269307418703869,0,0,1.985270379338176,2.5781416097257774,MTA1;NFKB2
GO_Biological_Process_2023,Sterol Homeostasis (GO:0055092),1/73,0.270316933121591,0.3270352181962106,0,0,3.242156862745098,4.241260511650994,LIMA1
GO_Biological_Process_2023,Cellular Response To Decreased Oxygen Levels (GO:0036294),1/73,0.270316933121591,0.3270352181962106,0,0,3.242156862745098,4.241260511650994,RPTOR
GO_Biological_Process_2023,DNA Replication (GO:0006260),1/73,0.270316933121591,0.3270352181962106,0,0,3.242156862745098,4.241260511650994,CHEK1
GO_Biological_Process_2023,Positive Regulation Of Secretion By Cell (GO:1903532),1/73,0.270316933121591,0.3270352181962106,0,0,3.242156862745098,4.241260511650994,DTNBP1
KEGG_2021_Human,Endometrial cancer,1/58,0.2214287694166872,0.3280426213580552,0,0,4.098452012383901,6.179048898114302,MAPK3
Reactome_2022,Sensory Processing Of Sound R-HSA-9659379,1/75,0.2766017531435907,0.3296869380903404,0,0,3.1542130365659777,4.053720538658391,MYO1E
Reactome_2022,Nuclear Envelope (NE) Reassembly R-HSA-2995410,1/75,0.2766017531435907,0.3296869380903404,0,0,3.1542130365659777,4.053720538658391,EMD
GO_Cellular_Component_2023,Early Endosome (GO:0005769),3/307,0.1459558767328918,0.3298602814163354,0,0,2.331563094483196,4.486978735473301,GGA2;RAB14;MAPK3
GO_Biological_Process_2023,Regulation Of DNA Replication (GO:0006275),1/75,0.2766017531435907,0.333645734874984,0,0,3.1542130365659777,4.053720538658391,PDS5A
GO_Biological_Process_2023,Regulation Of Stress Fiber Assembly (GO:0051492),1/75,0.2766017531435907,0.333645734874984,0,0,3.1542130365659777,4.053720538658391,ARAP1
KEGG_2021_Human,Long-term depression,1/60,0.228129634375795,0.3348691880745615,0,0,3.9591226321036888,5.850954699068187,MAPK3
Reactome_2022,Signaling By Insulin Receptor R-HSA-74752,1/77,0.2828330655678514,0.3362650049068661,0,0,3.0708978328173373,3.878232050839515,MAPK3
GO_Biological_Process_2023,Transcription Initiation At RNA Polymerase II Promoter (GO:0006367),1/76,0.2797240695996395,0.3369121016066769,0,0,3.112,3.9645374645280658,GTF2F1
Reactome_2022,COPI-dependent Golgi-to-ER Retrograde Traffic R-HSA-6811434,1/78,0.285928797233274,0.3382415846970058,0,0,3.030863254392666,3.7946785586949976,KIF4A
Reactome_2022,Pre-NOTCH Expression And Processing R-HSA-1912422,1/78,0.285928797233274,0.3382415846970058,0,0,3.030863254392666,3.7946785586949976,JUN
GO_Biological_Process_2023,Positive Regulation Of Synaptic Transmission (GO:0050806),1/77,0.2828330655678514,0.3401527844773124,0,0,3.0708978328173373,3.878232050839515,DTNBP1
GO_Cellular_Component_2023,Transcription Factor TFIID Complex (GO:0005669),1/42,0.1657107422142195,0.3404602521855783,0,0,5.702439024390244,10.250199880384558,GTF2F1
GO_Cellular_Component_2023,Small Ribosomal Subunit (GO:0015935),1/42,0.1657107422142195,0.3404602521855783,0,0,5.702439024390244,10.250199880384558,RPS6
GO_Cellular_Component_2023,Cytosolic Small Ribosomal Subunit (GO:0022627),1/41,0.1621003778502616,0.3404602521855783,0,0,5.845294117647059,10.635743648833245,RPS6
GO_Cellular_Component_2023,Brush Border Membrane (GO:0031526),1/40,0.1584745722036877,0.3404602521855783,0,0,5.995475113122172,11.044631186923048,LIMA1
GO_Cellular_Component_2023,Chromosome (GO:0005694),2/164,0.1569586875051389,0.3404602521855783,0,0,2.9029982363315696,5.375692723016611,JUN;PDS5A
Reactome_2022,Amyloid Fiber Formation R-HSA-977225,1/79,0.289011320541071,0.3410333582384638,0,0,2.9918552036199095,3.7137582110670744,GGA2
GO_Biological_Process_2023,Positive Regulation Of Tumor Necrosis Factor Production (GO:0032760),1/78,0.285928797233274,0.3423565716504444,0,0,3.030863254392666,3.7946785586949976,CD2
GO_Biological_Process_2023,Cellular Response To Nutrient Levels (GO:0031669),1/78,0.285928797233274,0.3423565716504444,0,0,3.030863254392666,3.7946785586949976,RPTOR
GO_Biological_Process_2023,Proteolysis Involved In Protein Catabolic Process (GO:0051603),1/78,0.285928797233274,0.3423565716504444,0,0,3.030863254392666,3.7946785586949976,DDI2
Reactome_2022,Processing Of DNA Double-Strand Break Ends R-HSA-5693607,1/80,0.2920806911352911,0.3429405129747697,0,0,2.9538346984363364,3.6353587272888825,CHEK1
Reactome_2022,RNA Polymerase II Pre-transcription Events R-HSA-674695,1/80,0.2920806911352911,0.3429405129747697,0,0,2.9538346984363364,3.6353587272888825,GTF2F1
GO_Biological_Process_2023,Positive Regulation Of Protein Localization To Membrane (GO:1905477),1/79,0.289011320541071,0.3435178415203081,0,0,2.9918552036199095,3.7137582110670744,STX3
GO_Biological_Process_2023,Regulation Of Cyclin-Dependent Protein Serine/Threonine Kinase Activity (GO:0000079),1/79,0.289011320541071,0.3435178415203081,0,0,2.9918552036199095,3.7137582110670744,CDC25C
GO_Biological_Process_2023,Response To Insulin (GO:0032868),1/79,0.289011320541071,0.3435178415203081,0,0,2.9918552036199095,3.7137582110670744,RPS6KB1
GO_Biological_Process_2023,Positive Regulation Of Cytoskeleton Organization (GO:0051495),1/79,0.289011320541071,0.3435178415203081,0,0,2.9918552036199095,3.7137582110670744,VASP
GO_Biological_Process_2023,Negative Regulation Of Cellular Component Organization (GO:0051129),1/79,0.289011320541071,0.3435178415203081,0,0,2.9918552036199095,3.7137582110670744,XRCC5
GO_Molecular_Function_2023,Double-Stranded RNA Binding (GO:0003725),1/65,0.2446334388349638,0.3441935592910538,0,0,3.6488970588235294,5.137626467495332,STAU2
GO_Biological_Process_2023,Wound Healing (GO:0042060),1/80,0.2920806911352911,0.3456500755356502,0,0,2.9538346984363364,3.6353587272888825,PPP3CA
GO_Biological_Process_2023,Regulation Of Protein Localization To Plasma Membrane (GO:1903076),1/80,0.2920806911352911,0.3456500755356502,0,0,2.9538346984363364,3.6353587272888825,STX3
GO_Biological_Process_2023,Regulation Of Cytokinesis (GO:0032465),1/80,0.2920806911352911,0.3456500755356502,0,0,2.9538346984363364,3.6353587272888825,CENPV
Reactome_2022,DDX58/IFIH1-mediated Induction Of Interferon-Alpha/Beta R-HSA-168928,1/81,0.2951369645576914,0.3456690999286112,0,0,2.916764705882353,3.559373891413559,NFKB2
GO_Biological_Process_2023,Histone Modification (GO:0016570),1/81,0.2951369645576914,0.3472450827574574,0,0,2.916764705882353,3.559373891413559,MTA1
GO_Biological_Process_2023,Cytoskeleton-Dependent Cytokinesis (GO:0061640),1/81,0.2951369645576914,0.3472450827574574,0,0,2.916764705882353,3.559373891413559,KIF4A
GO_Biological_Process_2023,Cellular Response To Interleukin-1 (GO:0071347),1/81,0.2951369645576914,0.3472450827574574,0,0,2.916764705882353,3.559373891413559,MAPK3
GO_Biological_Process_2023,Regulation Of Interleukin-8 Production (GO:0032677),1/81,0.2951369645576914,0.3472450827574574,0,0,2.916764705882353,3.559373891413559,CD2
Reactome_2022,"Platelet Activation, Signaling And Aggregation R-HSA-76002",2/254,0.298387742427647,0.3486114218461618,0,0,1.8577097505668936,2.2466426303569875,TLN1;MAPK3
GO_Molecular_Function_2023,GDP Binding (GO:0019003),1/67,0.2511368678628957,0.3492823104759814,0,0,3.537967914438503,4.888612632693461,RAB14
GO_Biological_Process_2023,Positive Regulation Of Tumor Necrosis Factor Superfamily Cytokine Production (GO:1903557),1/82,0.2981801959831634,0.35031864065652,0,0,2.8806100217864925,3.485703158576593,CD2
GO_Cellular_Component_2023,Sarcolemma (GO:0042383),1/52,0.2009792794673841,0.3505598686070631,0,0,4.582006920415225,7.352075073767621,DTNBP1
GO_Cellular_Component_2023,Endosome Membrane (GO:0010008),3/361,0.2030786124754525,0.3505598686070631,0,0,1.9744228309887597,3.147550088651434,GGA2;RAB14;TBC1D5
GO_Cellular_Component_2023,Microbody Membrane (GO:0031903),1/53,0.2044240199319846,0.3505598686070631,0,0,4.493665158371041,7.133958175164451,PEX5L
GO_Cellular_Component_2023,Peroxisomal Membrane (GO:0005778),1/53,0.2044240199319846,0.3505598686070631,0,0,4.493665158371041,7.133958175164451,PEX5L
GO_Cellular_Component_2023,Exocytic Vesicle Membrane (GO:0099501),1/53,0.2044240199319846,0.3505598686070631,0,0,4.493665158371041,7.133958175164451,DTNBP1
GO_Cellular_Component_2023,Endocytic Vesicle (GO:0030139),2/196,0.2062507894068334,0.3505598686070631,0,0,2.420225822287678,3.820719568921781,MYO1E;RAB14
GO_Cellular_Component_2023,Synaptic Vesicle Membrane (GO:0030672),1/54,0.2078540813864887,0.3505598686070631,0,0,4.40865704772475,6.92564302052444,DTNBP1
GO_Cellular_Component_2023,Cell-Cell Contact Zone (GO:0044291),1/47,0.1835332098896196,0.3505598686070631,0,0,5.081329923273657,8.61468170774335,AHNAK
GO_Cellular_Component_2023,Golgi-associated Vesicle (GO:0005798),1/47,0.1835332098896196,0.3505598686070631,0,0,5.081329923273657,8.61468170774335,RAB14
GO_Cellular_Component_2023,Microtubule (GO:0005874),2/185,0.189078625711723,0.3505598686070631,0,0,2.567135050741608,4.275800479786785,MTA1;KIF4A
GO_Cellular_Component_2023,U2-type Precatalytic Spliceosome (GO:0071005),1/49,0.190556361783656,0.3505598686070631,0,0,4.869117647058824,8.072058613293224,SRRM2
GO_Cellular_Component_2023,Precatalytic Spliceosome (GO:0071011),1/52,0.2009792794673841,0.3505598686070631,0,0,4.582006920415225,7.352075073767621,SRRM2
KEGG_2021_Human,GnRH secretion,1/64,0.2413608228065245,0.3510702877185812,0,0,3.707002801120448,5.269364635462472,MAPK3
KEGG_2021_Human,Inflammatory bowel disease,1/65,0.2446334388349638,0.352624776699047,0,0,3.6488970588235294,5.137626467495332,JUN
GO_Molecular_Function_2023,RNA Polymerase II-specific DNA-binding Transcription Factor Binding (GO:0061629),2/228,0.2569596317529225,0.3533194936602685,0,0,2.0741677201854194,2.8184543517220715,JUN;MTA1
GO_Cellular_Component_2023,Caveola (GO:0005901),1/62,0.2347734924011352,0.3537253952177104,0,0,3.828929604628737,5.548632425072559,MAPK3
GO_Cellular_Component_2023,Cytoplasmic Vesicle Membrane (GO:0030659),3/389,0.2345306039649551,0.3537253952177104,0,0,1.8285785629564892,2.6517482976958666,GGA2;TBC1D5;PAM
GO_Cellular_Component_2023,Spindle (GO:0005819),2/210,0.2283374005778037,0.3537253952177104,0,0,2.255723443223443,3.33154769304085,KIF4A;TPR
GO_Cellular_Component_2023,Condensed Chromosome (GO:0000793),1/60,0.228129634375795,0.3537253952177104,0,0,3.9591226321036888,5.850954699068187,CHEK1
GO_Cellular_Component_2023,Microvillus (GO:0005902),1/58,0.2214287694166872,0.3537253952177104,0,0,4.098452012383901,6.179048898114302,MYO1E
GO_Cellular_Component_2023,Axon (GO:0030424),2/205,0.2204255050665611,0.3537253952177104,0,0,2.3118695754163734,3.4959987377397814,PALLD;DTNBP1
GO_Cellular_Component_2023,Neuron Projection (GO:0043005),4/557,0.2181525856887452,0.3537253952177104,0,0,1.7078463370528822,2.600299418433134,PALLD;RPS6;DTNBP1;STX3
GO_Cellular_Component_2023,Mitochondrial Intermembrane Space (GO:0005758),1/62,0.2347734924011352,0.3537253952177104,0,0,3.828929604628737,5.548632425072559,ARL2BP
GO_Biological_Process_2023,Positive Regulation Of Protein Ubiquitination (GO:0031398),1/84,0.3042277526751243,0.3563936065199944,0,0,2.810914245216159,3.34492799962935,MTA1
GO_Biological_Process_2023,Ribosomal Small Subunit Biogenesis (GO:0042274),1/84,0.3042277526751243,0.3563936065199944,0,0,2.810914245216159,3.34492799962935,RPS6
GO_Biological_Process_2023,Mitotic Spindle Organization (GO:0007052),1/85,0.3072321872240103,0.357850670792436,0,0,2.777310924369748,3.2776476730175657,KIF4A
GO_Biological_Process_2023,Epidermis Development (GO:0008544),1/85,0.3072321872240103,0.357850670792436,0,0,2.777310924369748,3.2776476730175657,PPP3CA
GO_Biological_Process_2023,Positive Regulation Of Amide Metabolic Process (GO:0034250),1/85,0.3072321872240103,0.357850670792436,0,0,2.777310924369748,3.2776476730175657,RPS6KB1
GO_Biological_Process_2023,Regulation Of Osteoblast Differentiation (GO:0045667),1/85,0.3072321872240103,0.357850670792436,0,0,2.777310924369748,3.2776476730175657,PPP3CA
GO_Biological_Process_2023,Cellular Component Assembly (GO:0022607),2/260,0.307916448920737,0.3581345822211148,0,0,1.813953488372093,2.136704432526608,LIMA1;MICAL1
KEGG_2021_Human,Non-small cell lung cancer,1/72,0.2671543160230924,0.3591990803671831,0,0,3.287986743993372,4.3399084793012666,MAPK3
KEGG_2021_Human,Fc epsilon RI signaling pathway,1/68,0.2543677981624342,0.3591990803671831,0,0,3.4849868305531166,4.770856483616748,MAPK3
KEGG_2021_Human,Adherens junction,1/71,0.2639781514229198,0.3591990803671831,0,0,3.335126050420168,4.442017496799639,MAPK3
KEGG_2021_Human,Prolactin signaling pathway,1/70,0.260788382019869,0.3591990803671831,0,0,3.3836317135549874,4.547756661251317,MAPK3
KEGG_2021_Human,Epithelial cell signaling in Helicobacter pylori infection,1/70,0.260788382019869,0.3591990803671831,0,0,3.3836317135549874,4.547756661251317,JUN
KEGG_2021_Human,Mitophagy,1/68,0.2543677981624342,0.3591990803671831,0,0,3.4849868305531166,4.770856483616748,JUN
KEGG_2021_Human,Melanoma,1/72,0.2671543160230924,0.3591990803671831,0,0,3.287986743993372,4.3399084793012666,MAPK3
KEGG_2021_Human,Central carbon metabolism in cancer,1/70,0.260788382019869,0.3591990803671831,0,0,3.3836317135549874,4.547756661251317,MAPK3
GO_Biological_Process_2023,Exocytosis (GO:0006887),1/86,0.3102237984570717,0.3603027830651418,0,0,2.744498269896194,3.212329044289917,STX3
Reactome_2022,Peptide Chain Elongation R-HSA-156902,1/86,0.3102237984570717,0.3606542681569897,0,0,2.744498269896194,3.212329044289917,RPS6
Reactome_2022,Cell Junction Organization R-HSA-446728,1/86,0.3102237984570717,0.3606542681569897,0,0,2.744498269896194,3.212329044289917,VASP
GO_Biological_Process_2023,Glucose Homeostasis (GO:0042593),1/87,0.3132026404530267,0.3622101659862173,0,0,2.7124487004103965,3.1488949448167403,RPS6
GO_Biological_Process_2023,Regulation Of Insulin Secretion (GO:0050796),1/87,0.3132026404530267,0.3622101659862173,0,0,2.7124487004103965,3.1488949448167403,PPP3CB
GO_Biological_Process_2023,Regulation Of Type II Interferon Production (GO:0032649),1/87,0.3132026404530267,0.3622101659862173,0,0,2.7124487004103965,3.1488949448167403,CD2
Reactome_2022,Regulation Of PLK1 Activity At G2/M Transition R-HSA-2565942,1/87,0.3132026404530267,0.3623324664064427,0,0,2.7124487004103965,3.1488949448167403,PPP1R12A
Reactome_2022,RAC2 GTPase Cycle R-HSA-9013404,1/87,0.3132026404530267,0.3623324664064427,0,0,2.7124487004103965,3.1488949448167403,EMD
GO_Biological_Process_2023,Positive Regulation Of Plasma Membrane Bounded Cell Projection Assembly (GO:0120034),1/88,0.3161687670465563,0.3646031313600713,0,0,2.681135902636917,3.087272050064292,ARAP1
GO_Biological_Process_2023,Regulation Of Double-Strand Break Repair (GO:2000779),1/88,0.3161687670465563,0.3646031313600713,0,0,2.681135902636917,3.087272050064292,CHEK1
KEGG_2021_Human,Glioma,1/75,0.2766017531435907,0.3657543843221034,0,0,3.1542130365659777,4.053720538658391,MAPK3
KEGG_2021_Human,Calcium signaling pathway,2/240,0.2760929316605703,0.3657543843221034,0,0,1.9683873549419768,2.5333494863845942,PPP3CA;PPP3CB
GO_Biological_Process_2023,Negative Regulation Of Signal Transduction (GO:0009968),2/267,0.3190032959297767,0.3659328272395726,0,0,1.7654088050314465,2.0170746167421405,RPS6KB1;TSC2
GO_Biological_Process_2023,Cellular Response To Chemical Stress (GO:0062197),1/89,0.3191222318731329,0.3659328272395726,0,0,2.6505347593582886,3.02739064758815,RPTOR
GO_Biological_Process_2023,Cellular Response To Peptide Hormone Stimulus (GO:0071375),1/89,0.3191222318731329,0.3659328272395726,0,0,2.6505347593582886,3.02739064758815,RPS6KB1
GO_Biological_Process_2023,Positive Regulation Of Peptidyl-Serine Phosphorylation (GO:0033138),1/89,0.3191222318731329,0.3659328272395726,0,0,2.6505347593582886,3.02739064758815,RPTOR
KEGG_2021_Human,Chronic myeloid leukemia,1/76,0.2797240695996395,0.3668512388191993,0,0,3.112,3.9645374645280658,MAPK3
GO_Biological_Process_2023,Chromatin Organization (GO:0006325),2/268,0.3205840634343121,0.3670913289747828,0,0,1.7586824203365556,2.0006960247600065,MTA1;CHEK1
Reactome_2022,Unfolded Protein Response (UPR) R-HSA-381119,1/89,0.3191222318731329,0.3671830379543009,0,0,2.6505347593582886,3.02739064758815,TLN1
Reactome_2022,Viral mRNA Translation R-HSA-192823,1/90,0.3220630883751708,0.3671830379543009,0,0,2.6206212822207533,2.969184421732711,RPS6
Reactome_2022,RAB GEFs Exchange GTP For GDP On RABs R-HSA-8876198,1/89,0.3191222318731329,0.3671830379543009,0,0,2.6505347593582886,3.02739064758815,RAB14
Reactome_2022,Regulation Of TP53 Activity Thru Phosphorylation R-HSA-6804756,1/90,0.3220630883751708,0.3671830379543009,0,0,2.6206212822207533,2.969184421732711,CHEK1
Reactome_2022,MAPK6/MAPK4 Signaling R-HSA-5687128,1/90,0.3220630883751708,0.3671830379543009,0,0,2.6206212822207533,2.969184421732711,JUN
Reactome_2022,Eukaryotic Translation Termination R-HSA-72764,1/90,0.3220630883751708,0.3671830379543009,0,0,2.6206212822207533,2.969184421732711,RPS6
GO_Molecular_Function_2023,ATPase Binding (GO:0051117),1/73,0.270316933121591,0.3675095382889047,0,0,3.242156862745098,4.241260511650994,PPP3CA
KEGG_2021_Human,Arrhythmogenic right ventricular cardiomyopathy,1/77,0.2828330655678514,0.3679129308199693,0,0,3.0708978328173373,3.878232050839515,EMD
Reactome_2022,RAF/MAP Kinase Cascade R-HSA-5673001,2/271,0.3253212738784724,0.3682293555650815,0,0,1.738803328022659,1.9525753735786793,TLN1;MAPK3
Reactome_2022,Activation Of HOX Genes During Differentiation R-HSA-5619507,1/91,0.3249913897203026,0.3682293555650815,0,0,2.591372549019608,2.9125902540604933,JUN
Reactome_2022,Signaling By TGF-beta Receptor Complex R-HSA-170834,1/91,0.3249913897203026,0.3682293555650815,0,0,2.591372549019608,2.9125902540604933,MAPK3
GO_Biological_Process_2023,Regulation Of Phosphatidylinositol 3-Kinase Signaling (GO:0014066),1/90,0.3220630883751708,0.3682662318551531,0,0,2.6206212822207533,2.969184421732711,TSC2
Reactome_2022,Neutrophil Degranulation R-HSA-6798695,3/468,0.3266994847154862,0.3689046813055251,0,0,1.5117761368052856,1.6912459418665189,XRCC6;RAB14;XRCC5
KEGG_2021_Human,Synaptic vesicle cycle,1/78,0.285928797233274,0.3689403835268052,0,0,3.030863254392666,3.7946785586949976,STX3
Reactome_2022,Nonsense Mediated Decay (NMD) Independent Of Exon Junction Complex (EJC) R-HSA-975956,1/92,0.3279071889288603,0.3693847092468307,0,0,2.5627666451195865,2.8575480358922407,RPS6
GO_Biological_Process_2023,Regulation Of RNA Metabolic Process (GO:0051252),1/91,0.3249913897203026,0.3700532210680757,0,0,2.591372549019608,2.9125902540604933,AHNAK
GO_Biological_Process_2023,rRNA Metabolic Process (GO:0016072),1/91,0.3249913897203026,0.3700532210680757,0,0,2.591372549019608,2.9125902540604933,RPS6
GO_Biological_Process_2023,Regulation Of Epithelial Cell Proliferation (GO:0050678),1/91,0.3249913897203026,0.3700532210680757,0,0,2.591372549019608,2.9125902540604933,OXSR1
GO_Biological_Process_2023,Positive Regulation Of Cell Migration (GO:0030335),2/272,0.3268985743462663,0.3717042530678525,0,0,1.7322751322751322,1.9368660521741183,SPAG9;PPP3CA
Reactome_2022,Unattached Kinetochores Signal Amplification Via A MAD2 Inhibitory Signal R-HSA-141444,1/93,0.3308105386720461,0.3717680339362042,0,0,2.534782608695652,2.8040004962252554,RANBP2
GO_Biological_Process_2023,Chemical Synaptic Transmission (GO:0007268),2/273,0.3284749543663147,0.372975052932701,0,0,1.725795115094008,1.9213185314149983,RPS6KA3;RPS6KA1
GO_Cellular_Component_2023,Organelle Envelope Lumen (GO:0031970),1/68,0.2543677981624342,0.373026419851205,0,0,3.4849868305531166,4.770856483616748,ARL2BP
GO_Cellular_Component_2023,Spindle Microtubule (GO:0005876),1/68,0.2543677981624342,0.373026419851205,0,0,3.4849868305531166,4.770856483616748,KIF4A
GO_Cellular_Component_2023,Intermediate Filament (GO:0005882),1/69,0.2575849502210434,0.373026419851205,0,0,3.4335640138408303,4.657305832354093,MICAL1
GO_Cellular_Component_2023,Recycling Endosome Membrane (GO:0055038),1/70,0.260788382019869,0.373026419851205,0,0,3.3836317135549874,4.547756661251317,RAB14
GO_Cellular_Component_2023,Tertiary Granule Membrane (GO:0070821),1/72,0.2671543160230924,0.3740442524757598,0,0,3.287986743993372,4.3399084793012666,RAB14
GO_Cellular_Component_2023,Vesicle (GO:0031982),2/235,0.2681202163764296,0.3740442524757598,0,0,2.0111383609237685,2.6473013063216277,MYO1E;AHNAK
GO_Biological_Process_2023,Regulation Of Peptidyl-Serine Phosphorylation (GO:0033135),1/93,0.3308105386720461,0.3745807352929993,0,0,2.534782608695652,2.8040004962252554,RPTOR
GO_Biological_Process_2023,Cytoplasmic Translation (GO:0002181),1/93,0.3308105386720461,0.3745807352929993,0,0,2.534782608695652,2.8040004962252554,RPS6
Reactome_2022,MAPK1/MAPK3 Signaling R-HSA-5684996,2/277,0.3347708505197901,0.3753250390625675,0,0,1.7003463203463205,1.8607042976426664,TLN1;MAPK3
GO_Molecular_Function_2023,Protein Tyrosine Phosphatase Activity (GO:0004725),1/76,0.2797240695996395,0.3760734713506265,0,0,3.112,3.9645374645280658,CDC25C
GO_Molecular_Function_2023,Phospholipase Activity (GO:0004620),1/77,0.2828330655678514,0.376074735535275,0,0,3.0708978328173373,3.878232050839515,PNPLA6
GO_Biological_Process_2023,Muscle Contraction (GO:0006936),1/94,0.3337014915920799,0.3762819870518183,0,0,2.5074003795066413,2.7518930372832235,EMD
GO_Biological_Process_2023,"Regulation Of mRNA Splicing, Via Spliceosome (GO:0048024)",1/94,0.3337014915920799,0.3762819870518183,0,0,2.5074003795066413,2.7518930372832235,YTHDC1
GO_Biological_Process_2023,Peptidyl-Lysine Modification (GO:0018205),1/94,0.3337014915920799,0.3762819870518183,0,0,2.5074003795066413,2.7518930372832235,RANBP2
GO_Biological_Process_2023,Cell Junction Assembly (GO:0034329),1/95,0.3365800999191507,0.3790022454768276,0,0,2.4806007509386734,2.7011735863649435,TLN1
GO_Biological_Process_2023,Positive Regulation Of Supramolecular Fiber Organization (GO:1902905),1/96,0.3394464157511476,0.3801238787957066,0,0,2.4543653250773994,2.6517924525695524,VASP
GO_Biological_Process_2023,Cellular Response To Transforming Growth Factor Beta Stimulus (GO:0071560),1/96,0.3394464157511476,0.3801238787957066,0,0,2.4543653250773994,2.6517924525695524,JUN
GO_Biological_Process_2023,Regulation Of Protein Metabolic Process (GO:0051246),1/96,0.3394464157511476,0.3801238787957066,0,0,2.4543653250773994,2.6517924525695524,SSH1
GO_Biological_Process_2023,Regulation Of Macroautophagy (GO:0016241),1/96,0.3394464157511476,0.3801238787957066,0,0,2.4543653250773994,2.6517924525695524,TSC2
GO_Biological_Process_2023,Positive Regulation Of Gene Expression (GO:0010628),3/480,0.3408616027151934,0.3811836079882424,0,0,1.4728347351670834,1.5851807147923638,RPS6KB1;DTNBP1;OXSR1
KEGG_2021_Human,Peroxisome,1/82,0.2981801959831634,0.3816706508584492,0,0,2.8806100217864925,3.485703158576593,PEX5L
Reactome_2022,Potential Therapeutics For SARS R-HSA-9679191,1/97,0.3423004909893973,0.3828574212014112,0,0,2.4286764705882353,2.6037021954467265,MTA1
GO_Molecular_Function_2023,Ubiquitin Binding (GO:0043130),1/80,0.2920806911352911,0.3841496046453286,0,0,2.9538346984363364,3.6353587272888825,DDI2
Reactome_2022,Response Of EIF2AK4 (GCN2) To Amino Acid Deficiency R-HSA-9633012,1/98,0.3451423773061049,0.3842150992652866,0,0,2.4035172832019405,2.55685750192156,RPS6
Reactome_2022,Formation Of A Pool Of Free 40S Subunits R-HSA-72689,1/98,0.3451423773061049,0.3842150992652866,0,0,2.4035172832019405,2.55685750192156,RPS6
GO_Biological_Process_2023,Central Nervous System Development (GO:0007417),2/283,0.344183581149291,0.3843698509263374,0,0,1.6635316048127435,1.774289701798162,RPS6KA3;CIC
GO_Biological_Process_2023,MAPK Cascade (GO:0000165),1/98,0.3451423773061049,0.3843845928080319,0,0,2.4035172832019405,2.55685750192156,MAPK3
GO_Biological_Process_2023,Positive Regulation Of Protein-Containing Complex Assembly (GO:0031334),1/98,0.3451423773061049,0.3843845928080319,0,0,2.4035172832019405,2.55685750192156,ICE1
GO_Biological_Process_2023,Transmembrane Receptor Protein Tyrosine Kinase Signaling Pathway (GO:0007169),2/284,0.3457484854224291,0.3845328572482009,0,0,1.657548125633232,1.7603885260489014,RAB14;TSC2
GO_Cellular_Component_2023,Cytoplasmic Stress Granule (GO:0010494),1/76,0.2797240695996395,0.3854734129848691,0,0,3.112,3.9645374645280658,RPTOR
GO_Biological_Process_2023,Cellular Response To Insulin Stimulus (GO:0032869),1/99,0.3479721261088416,0.3864772384241642,0,0,2.378871548619448,2.511215071130418,RPS6KB1
GO_Biological_Process_2023,ncRNA Processing (GO:0034470),1/100,0.3507897886854045,0.3890751680780817,0,0,2.354723707664884,2.46673350535558,RPS6
Reactome_2022,TNFR2 Non-Canonical NF-kB Pathway R-HSA-5668541,1/100,0.3507897886854045,0.3895830123753198,0,0,2.354723707664884,2.46673350535558,NFKB2
GO_Cellular_Component_2023,Coated Vesicle (GO:0030135),1/79,0.289011320541071,0.3934732436282052,0,0,2.9918552036199095,3.7137582110670744,GGA2
GO_Biological_Process_2023,Regulation Of Protein Secretion (GO:0050708),1/102,0.3563890588662926,0.3942099385827155,0,0,2.3078625509609783,2.381096298287925,PPP3CB
GO_Biological_Process_2023,Protein Catabolic Process (GO:0030163),1/102,0.3563890588662926,0.3942099385827155,0,0,2.3078625509609783,2.381096298287925,DDI2
GO_Cellular_Component_2023,Intermediate Filament Cytoskeleton (GO:0045111),1/81,0.2951369645576914,0.3964042605423231,0,0,2.916764705882353,3.559373891413559,MICAL1
GO_Cellular_Component_2023,Plasma Membrane Raft (GO:0044853),1/82,0.2981801959831634,0.3964042605423231,0,0,2.8806100217864925,3.485703158576593,MAPK3
GO_Cellular_Component_2023,Clathrin-Coated Endocytic Vesicle (GO:0045334),1/85,0.3072321872240103,0.3990487029461283,0,0,2.777310924369748,3.2776476730175657,MYO1E
GO_Cellular_Component_2023,Actin-Based Cell Projection (GO:0098858),1/84,0.3042277526751243,0.3990487029461283,0,0,2.810914245216159,3.34492799962935,MYO1E
GO_Biological_Process_2023,Macroautophagy (GO:0016236),1/104,0.361940593415089,0.3998066609327002,0,0,2.2628212450028555,2.2996490843913855,TBC1D5
Reactome_2022,MHC Class II Antigen Presentation R-HSA-2132295,1/104,0.361940593415089,0.4000842156719484,0,0,2.2628212450028555,2.2996490843913855,KIF4A
Reactome_2022,Signaling By WNT R-HSA-195721,2/294,0.3613306136604316,0.4000842156719484,0,0,1.5999673842139597,1.6287058582904737,PPP3CA;PPP3CB
Reactome_2022,Integration Of Energy Metabolism R-HSA-163685,1/105,0.364698585699192,0.401253455594449,0,0,2.240950226244344,2.2604107705817387,ACACA
Reactome_2022,PI3K/AKT Signaling In Cancer R-HSA-2219528,1/105,0.364698585699192,0.401253455594449,0,0,2.240950226244344,2.2604107705817387,TSC2
KEGG_2021_Human,Gap junction,1/88,0.3161687670465563,0.4014841486305476,0,0,2.681135902636917,3.087272050064292,MAPK3
Reactome_2022,Post-translational Protein Phosphorylation R-HSA-8957275,1/106,0.3674447946028771,0.4023989397971184,0,0,2.219495798319328,2.22211966490254,PPP3CA
Reactome_2022,"PI5P, PP2A And IER3 Regulate PI3K/AKT Signaling R-HSA-6811558",1/106,0.3674447946028771,0.4023989397971184,0,0,2.219495798319328,2.22211966490254,MAPK3
GO_Biological_Process_2023,Regulation Of G1/S Transition Of Mitotic Cell Cycle (GO:2000045),1/106,0.3674447946028771,0.4047867452739012,0,0,2.219495798319328,2.22211966490254,RPTOR
GO_Biological_Process_2023,Response To Calcium Ion (GO:0051592),1/106,0.3674447946028771,0.4047867452739012,0,0,2.219495798319328,2.22211966490254,PPP3CA
KEGG_2021_Human,Hypertrophic cardiomyopathy,1/90,0.3220630883751708,0.4057487727561206,0,0,2.6206212822207533,2.969184421732711,EMD
GO_Biological_Process_2023,Negative Regulation Of Translation (GO:0017148),1/107,0.3701792699378868,0.4066969546750027,0,0,2.1984461709211987,2.1847451847158346,TPR
GO_Biological_Process_2023,Positive Regulation Of Autophagy (GO:0010508),1/107,0.3701792699378868,0.4066969546750027,0,0,2.1984461709211987,2.1847451847158346,TSC2
Reactome_2022,SRP-dependent Cotranslational Protein Targeting To Membrane R-HSA-1799339,1/108,0.3729020612665014,0.4074300299022886,0,0,2.177789994502474,2.148257995201809,RPS6
GO_Biological_Process_2023,Positive Regulation Of Translation (GO:0045727),1/108,0.3729020612665014,0.4091354599320724,0,0,2.177789994502474,2.148257995201809,RPS6KB1
GO_Biological_Process_2023,Cellular Response To Salt (GO:1902075),1/109,0.3756132178677732,0.4115546443753364,0,0,2.157516339869281,2.112629947971675,SSH1
Reactome_2022,Mitotic Spindle Checkpoint R-HSA-69618,1/110,0.3783127889576955,0.4123871510116219,0,0,2.1376146788990824,2.0778340217890414,RANBP2
KEGG_2021_Human,Rheumatoid arthritis,1/93,0.3308105386720461,0.4135131733400576,0,0,2.534782608695652,2.8040004962252554,JUN
GO_Cellular_Component_2023,U2-type Spliceosomal Complex (GO:0005684),1/90,0.3220630883751708,0.4135582839362988,0,0,2.6206212822207533,2.969184421732711,SRRM2
GO_Biological_Process_2023,Response To Lipid (GO:0033993),1/110,0.3783127889576955,0.4139546398689185,0,0,2.1376146788990824,2.0778340217890414,RPS6KA3
KEGG_2021_Human,Dilated cardiomyopathy,1/96,0.3394464157511476,0.4149096860477543,0,0,2.4543653250773994,2.6517924525695524,EMD
KEGG_2021_Human,Pathways of neurodegeneration,3/475,0.3349614307686232,0.4149096860477543,0,0,1.488819685521748,1.6283814728479822,PPP3CA;PPP3CB;MAPK3
KEGG_2021_Human,Prostate cancer,1/97,0.3423004909893973,0.4149096860477543,0,0,2.4286764705882353,2.6037021954467265,MAPK3
KEGG_2021_Human,Circadian entrainment,1/97,0.3423004909893973,0.4149096860477543,0,0,2.4286764705882353,2.6037021954467265,MAPK3
KEGG_2021_Human,Glycerophospholipid metabolism,1/98,0.3451423773061049,0.4152088749547126,0,0,2.4035172832019405,2.55685750192156,PNPLA6
KEGG_2021_Human,Hematopoietic cell lineage,1/99,0.3479721261088416,0.4154891058016018,0,0,2.378871548619448,2.511215071130418,CD2
Reactome_2022,Nonsense Mediated Decay (NMD) Enhanced By Exon Junction Complex (EJC) R-HSA-975957,1/112,0.3836773699000366,0.4163119967650972,0,0,2.098887122416534,2.0106357656935216,RPS6
Reactome_2022,Golgi-to-ER Retrograde Transport R-HSA-8856688,1/112,0.3836773699000366,0.4163119967650972,0,0,2.098887122416534,2.0106357656935216,KIF4A
GO_Biological_Process_2023,RNA Metabolic Process (GO:0016070),1/111,0.381000823351529,0.4163355771300983,0,0,2.1180748663101605,2.043844269840429,DDX20
Reactome_2022,Adaptive Immune System R-HSA-1280218,4/733,0.3874268850239805,0.416376385372792,0,0,1.2837498745357825,1.217287745230637,VASP;PPP3CA;PPP3CB;KIF4A
Reactome_2022,Metabolism R-HSA-1430728,10/2049,0.3860650600276392,0.416376385372792,0,0,1.1534937146692137,1.0978369213404475,EEFSEC;RANBP2;RAB14;NUP50;RPS6;TPR;NUP153;PNPLA6;SEPHS2;ACACA
Reactome_2022,G Alpha (I) Signaling Events R-HSA-418594,2/312,0.3890296312487315,0.416376385372792,0,0,1.50568356374808,1.421515499284305,PPP3CA;PPP3CB
Reactome_2022,Interleukin-1 Signaling R-HSA-9020702,1/114,0.3889961930766683,0.416376385372792,0,0,2.0615304528891203,1.9464676187704355,NFKB2
Reactome_2022,HDR Thru Homologous Recombination (HRR) Or Single Strand Annealing (SSA) R-HSA-5693567,1/114,0.3889961930766683,0.416376385372792,0,0,2.0615304528891203,1.9464676187704355,CHEK1
Reactome_2022,Negative Regulation Of PI3K/AKT Network R-HSA-199418,1/113,0.3863424770334258,0.416376385372792,0,0,2.080042016806723,1.9781845571969965,MAPK3
GO_Biological_Process_2023,Cellular Response To Cytokine Stimulus (GO:0071345),2/308,0.382916700026397,0.4178674860690748,0,0,1.5256769374416432,1.4645549733050311,TPR;OXSR1
KEGG_2021_Human,Melanogenesis,1/101,0.3535954159741651,0.4190760485619735,0,0,2.331058823529412,2.4233732103374237,MAPK3
Reactome_2022,TCR Signaling R-HSA-202403,1/116,0.3942696442683369,0.4210300273634728,0,0,2.025473145780051,1.8851488269288184,VASP
GO_Biological_Process_2023,Negative Regulation Of Canonical Wnt Signaling Pathway (GO:0090090),1/114,0.3889961930766683,0.4227993381969671,0,0,2.0615304528891203,1.9464676187704355,EMD
GO_Biological_Process_2023,Regulation Of Cytoskeleton Organization (GO:0051493),1/114,0.3889961930766683,0.4227993381969671,0,0,2.0615304528891203,1.9464676187704355,MAPK3
GO_Biological_Process_2023,Response To Endoplasmic Reticulum Stress (GO:0034976),1/114,0.3889961930766683,0.4227993381969671,0,0,2.0615304528891203,1.9464676187704355,JUN
GO_Molecular_Function_2023,Ubiquitin Protein Ligase Binding (GO:0031625),2/271,0.3253212738784724,0.4232674638633888,0,0,1.738803328022659,1.9525753735786793,JUN;XRCC5
Reactome_2022,Transcriptional Regulation By RUNX2 R-HSA-8878166,1/119,0.4020955844211759,0.425536134185639,0,0,1.973678963110668,1.79815070564473,MAPK3
Reactome_2022,RHO GTPases Activate Formins R-HSA-5663220,1/119,0.4020955844211759,0.425536134185639,0,0,1.973678963110668,1.79815070564473,RANBP2
Reactome_2022,Signaling By TGFB Family Members R-HSA-9006936,1/119,0.4020955844211759,0.425536134185639,0,0,1.973678963110668,1.79815070564473,MAPK3
Reactome_2022,Homology Directed Repair R-HSA-5693538,1/119,0.4020955844211759,0.425536134185639,0,0,1.973678963110668,1.79815070564473,CHEK1
KEGG_2021_Human,NF-kappa B signaling pathway,1/104,0.361940593415089,0.4258124628412811,0,0,2.2628212450028555,2.2996490843913855,NFKB2
Reactome_2022,Cell-Cell Communication R-HSA-1500931,1/120,0.4046819575030732,0.4273151766027976,0,0,1.9569945625308949,1.7704025881081815,VASP
GO_Cellular_Component_2023,Secretory Granule Membrane (GO:0030667),2/279,0.3379127362513867,0.4290352718697382,0,0,1.6878975416881554,1.831314134054701,RAB14;PAM
GO_Biological_Process_2023,Positive Regulation Of Protein Serine/Threonine Kinase Activity (GO:0071902),1/117,0.3968894749826488,0.4296553171250246,0,0,2.007910750507099,1.855505179479242,RPTOR
GO_Biological_Process_2023,Protein Maturation (GO:0051604),1/117,0.3968894749826488,0.4296553171250246,0,0,2.007910750507099,1.855505179479242,DDI2
GO_Biological_Process_2023,Protein Processing (GO:0016485),1/117,0.3968894749826488,0.4296553171250246,0,0,2.007910750507099,1.855505179479242,DDI2
GO_Molecular_Function_2023,Purine Ribonucleoside Triphosphate Binding (GO:0035639),3/476,0.3361416038597694,0.4303941166991347,0,0,1.4855956595939783,1.6196302117465844,RAB14;STK17B;OXSR1
GO_Molecular_Function_2023,ATP Binding (GO:0005524),2/279,0.3379127362513867,0.4303941166991347,0,0,1.6878975416881554,1.831314134054701,STK17B;OXSR1
Reactome_2022,Metabolism Of Water-Soluble Vitamins And Cofactors R-HSA-196849,1/122,0.4098215751066792,0.431776302344537,0,0,1.924453087019932,1.716676423946221,ACACA
GO_Biological_Process_2023,Ribonucleoprotein Complex Biogenesis (GO:0022613),1/118,0.3994981059543699,0.4319042023150303,0,0,1.9906485671191552,1.826512137437755,RPS6
Reactome_2022,Regulation Of IGF Transport And Uptake By IGFBPs R-HSA-381426,1/123,0.4123749128496036,0.4334987947995832,0,0,1.908582449373192,1.6906650110301331,PPP3CA
GO_Biological_Process_2023,Regulation Of Protein-Containing Complex Assembly (GO:0043254),1/119,0.4020955844211759,0.434135073219676,0,0,1.973678963110668,1.79815070564473,ICE1
GO_Cellular_Component_2023,Phagocytic Vesicle (GO:0045335),1/100,0.3507897886854045,0.4355961112247331,0,0,2.354723707664884,2.46673350535558,RAB14
GO_Cellular_Component_2023,trans-Golgi Network Membrane (GO:0032588),1/100,0.3507897886854045,0.4355961112247331,0,0,2.354723707664884,2.46673350535558,AP4B1
Reactome_2022,Platelet Degranulation R-HSA-114608,1/125,0.417448878008937,0.4378574898227073,0,0,1.8776091081593929,1.6402665305040176,TLN1
GO_Molecular_Function_2023,Histone Deacetylase Binding (GO:0042826),1/99,0.3479721261088416,0.4385898672830191,0,0,2.378871548619448,2.511215071130418,MTA1
GO_Molecular_Function_2023,Ubiquitin-Like Protein Ligase Binding (GO:0044389),2/289,0.3535552152549333,0.4410327942870818,0,0,1.628256180520989,1.6929233678538187,JUN;XRCC5
GO_Biological_Process_2023,Fatty Acid Metabolic Process (GO:0006631),1/122,0.4098215751066792,0.4413045570354043,0,0,1.924453087019932,1.716676423946221,ACACA
GO_Biological_Process_2023,Positive Regulation Of Macromolecule Biosynthetic Process (GO:0010557),1/122,0.4098215751066792,0.4413045570354043,0,0,1.924453087019932,1.716676423946221,RPS6KB1
GO_Biological_Process_2023,Positive Regulation Of Epithelial Cell Proliferation (GO:0050679),1/123,0.4123749128496036,0.4422965753914613,0,0,1.908582449373192,1.6906650110301331,OXSR1
GO_Biological_Process_2023,Modulation Of Chemical Synaptic Transmission (GO:0050804),1/123,0.4123749128496036,0.4422965753914613,0,0,1.908582449373192,1.6906650110301331,PPP3CA
GO_Biological_Process_2023,Organonitrogen Compound Biosynthetic Process (GO:1901566),1/123,0.4123749128496036,0.4422965753914613,0,0,1.908582449373192,1.6906650110301331,PAM
GO_Biological_Process_2023,Regulation Of DNA Metabolic Process (GO:0051052),1/124,0.414917331782972,0.4444371419493494,0,0,1.8929698708751792,1.66520012460197,XRCC5
GO_Molecular_Function_2023,Carboxylic Ester Hydrolase Activity (GO:0052689),1/104,0.361940593415089,0.4446082014694813,0,0,2.2628212450028555,2.2996490843913855,PNPLA6
GO_Molecular_Function_2023,Phosphatidylinositol Binding (GO:0035091),1/106,0.3674447946028771,0.4446082014694813,0,0,2.219495798319328,2.22211966490254,MYO1E
GO_Molecular_Function_2023,Kinase Activity (GO:0016301),1/106,0.3674447946028771,0.4446082014694813,0,0,2.219495798319328,2.22211966490254,SEPHS2
KEGG_2021_Human,Toxoplasmosis,1/112,0.3836773699000366,0.444710764930562,0,0,2.098887122416534,2.0106357656935216,MAPK3
KEGG_2021_Human,Serotonergic synapse,1/113,0.3863424770334258,0.444710764930562,0,0,2.080042016806723,1.9781845571969965,MAPK3
KEGG_2021_Human,Cholinergic synapse,1/113,0.3863424770334258,0.444710764930562,0,0,2.080042016806723,1.9781845571969965,MAPK3
GO_Biological_Process_2023,Response To Cytokine (GO:0034097),1/125,0.417448878008937,0.4465604445016655,0,0,1.8776091081593929,1.6402665305040176,NFKB2
GO_Cellular_Component_2023,Cell Projection Membrane (GO:0031253),1/105,0.364698585699192,0.4479450020000944,0,0,2.240950226244344,2.2604107705817387,LIMA1
GO_Biological_Process_2023,Protein-Containing Complex Organization (GO:0043933),1/126,0.4199695974564232,0.4486666001735506,0,0,1.8624941176470589,1.6158495296629436,TPR
Reactome_2022,Response To Elevated Platelet Cytosolic Ca2+ R-HSA-76005,1/130,0.4299451202867729,0.4499647378611016,0,0,1.80437756497948,1.523070962778997,TLN1
GO_Molecular_Function_2023,Phosphatidylinositol Phosphate Binding (GO:1901981),1/109,0.3756132178677732,0.4499920728910946,0,0,2.157516339869281,2.112629947971675,ARAP1
GO_Biological_Process_2023,Regulation Of Tumor Necrosis Factor Production (GO:0032680),1/127,0.4224795359492009,0.4507557253631239,0,0,1.8476190476190475,1.5919349350699237,CD2
GO_Biological_Process_2023,Protein Targeting (GO:0006605),1/129,0.4274672521090908,0.4554795228895031,0,0,1.8185661764705885,1.5455586516680218,AP4B1
GO_Molecular_Function_2023,Adenyl Ribonucleotide Binding (GO:0032559),2/309,0.3844473192214566,0.4560600551548651,0,0,1.520629750271444,1.4536437448713306,STK17B;OXSR1
KEGG_2021_Human,"Growth hormone synthesis, secretion and action",1/119,0.4020955844211759,0.4562786773573627,0,0,1.973678963110668,1.79815070564473,MAPK3
KEGG_2021_Human,Sphingolipid signaling pathway,1/119,0.4020955844211759,0.4562786773573627,0,0,1.973678963110668,1.79815070564473,MAPK3
GO_Biological_Process_2023,Positive Regulation Of Peptidyl-Tyrosine Phosphorylation (GO:0050731),1/130,0.4299451202867729,0.4575201345460032,0,0,1.80437756497948,1.523070962778997,ARL2BP
Reactome_2022,Cell Surface Interactions At Vascular Wall R-HSA-202733,1/134,0.4397510418557994,0.4592090525573835,0,0,1.7497567448031843,1.4375065753304217,CD2
GO_Biological_Process_2023,Non-Membrane-Bounded Organelle Assembly (GO:0140694),1/135,0.4421763570892993,0.4699207559654907,0,0,1.736611062335382,1.417155342018229,UBAP2L
GO_Biological_Process_2023,Regulation Of Protein Kinase B Signaling (GO:0051896),1/136,0.4445912947172885,0.4718703950458949,0,0,1.7236601307189543,1.397198656643996,TSC2
GO_Biological_Process_2023,Protein Localization To Plasma Membrane (GO:0072659),1/137,0.4469958985068555,0.4738039967223906,0,0,1.7108996539792387,1.377626427274088,PACS1
GO_Cellular_Component_2023,Secretory Granule Lumen (GO:0034774),2/316,0.3951165691420816,0.4800878743339272,0,0,1.4861995753715498,1.3800469471466503,XRCC6;XRCC5
GO_Biological_Process_2023,Protein Localization To Cell Periphery (GO:1990778),1/142,0.4588654344506039,0.485752081000444,0,0,1.6498122653316645,1.2852009220254814,PACS1
KEGG_2021_Human,FoxO signaling pathway,1/131,0.4324123886675401,0.4872252266676509,0,0,1.7904072398190043,1.5010336413104233,MAPK3
GO_Biological_Process_2023,Ras Protein Signal Transduction (GO:0007265),1/144,0.4635424280342268,0.4900650116928822,0,0,1.6265734265734266,1.2506029502698812,ARHGAP5
GO_Biological_Process_2023,Positive Regulation Of Macromolecule Metabolic Process (GO:0010604),2/364,0.4658413032001134,0.4918558175346652,0,0,1.2859773743751644,0.9823713026070304,DTNBP1;OXSR1
GO_Biological_Process_2023,Neuron Projection Morphogenesis (GO:0048812),1/146,0.4681794645748542,0.4930439180043477,0,0,1.603975659229209,1.217262878454059,DTNBP1
GO_Biological_Process_2023,Positive Regulation Of Cellular Catabolic Process (GO:0031331),1/146,0.4681794645748542,0.4930439180043477,0,0,1.603975659229209,1.217262878454059,RPTOR
GO_Cellular_Component_2023,Ficolin-1-Rich Granule Lumen (GO:1904813),1/123,0.4123749128496036,0.493533247278693,0,0,1.908582449373192,1.6906650110301331,XRCC6
GO_Cellular_Component_2023,Cytoplasmic Side Of Plasma Membrane (GO:0009898),1/124,0.414917331782972,0.493533247278693,0,0,1.8929698708751792,1.66520012460197,PPP3CA
GO_Biological_Process_2023,Skeletal System Development (GO:0001501),1/149,0.4750608370792901,0.4996435453369506,0,0,1.5712241653418124,1.1694816374365784,RPS6KA3
KEGG_2021_Human,Measles,1/139,0.4517742795162752,0.5019714216847503,0,0,1.6859335038363172,1.3395965768152946,JUN
KEGG_2021_Human,Fluid shear stress and atherosclerosis,1/139,0.4517742795162752,0.5019714216847503,0,0,1.6859335038363172,1.3395965768152946,JUN
Reactome_2022,Interleukin-1 Family Signaling R-HSA-446652,1/152,0.481854191516413,0.5020644114696401,0,0,1.5397740553174912,1.1242101602899006,NFKB2
GO_Cellular_Component_2023,Peroxisome (GO:0005777),1/129,0.4274672521090908,0.503164578003409,0,0,1.8185661764705885,1.5455586516680218,PEX5L
Reactome_2022,Metabolism Of Steroids R-HSA-8957322,1/153,0.4840992761265066,0.5032926394971611,0,0,1.5295665634674922,1.1096474311683664,ACACA
KEGG_2021_Human,Signaling pathways regulating pluripotency of stem cells,1/143,0.4612089470988867,0.5054344625741224,0,0,1.6381110190555097,1.2677408194346094,MAPK3
KEGG_2021_Human,Spinocerebellar ataxia,1/143,0.4612089470988867,0.5054344625741224,0,0,1.6381110190555097,1.2677408194346094,CIC
GO_Biological_Process_2023,Cellular Response To Organic Cyclic Compound (GO:0071407),1/152,0.481854191516413,0.506133666282744,0,0,1.5397740553174912,1.1242101602899006,SSH1
GO_Molecular_Function_2023,RNA Polymerase II Transcription Regulatory Region Sequence-Specific DNA Binding (GO:0000977),6/1225,0.4323875650844435,0.5079504405360937,0,0,1.150225594749795,0.9643870403310372,JUN;MTA1;JUND;OXSR1;CIC;NFKB2
GO_Biological_Process_2023,Negative Regulation Of Cell Population Proliferation (GO:0008285),2/379,0.4869571898728684,0.5101755094930954,0,0,1.2338638373121131,0.8878625870920452,TSC2;EMD
GO_Biological_Process_2023,Epithelium Development (GO:0060429),1/154,0.4863347456024435,0.5101755094930954,0,0,1.5194925028835062,1.0953385017193231,OXSR1
GO_Biological_Process_2023,Ribosome Biogenesis (GO:0042254),1/155,0.4885606405437286,0.5105395896684465,0,0,1.5095492742551566,1.0812775841638456,RPS6
GO_Biological_Process_2023,Positive Regulation Of Response To External Stimulus (GO:0032103),1/155,0.4885606405437286,0.5105395896684465,0,0,1.5095492742551566,1.0812775841638456,STX3
KEGG_2021_Human,Retrograde endocannabinoid signaling,1/148,0.4727768813863378,0.5111101420392841,0,0,1.5819927971188474,1.1851209714059467,MAPK3
KEGG_2021_Human,Cell adhesion molecules,1/148,0.4727768813863378,0.5111101420392841,0,0,1.5819927971188474,1.1851209714059467,CD2
Reactome_2022,Regulation Of TP53 Activity R-HSA-5633007,1/157,0.4929838689459387,0.5114030464669959,0,0,1.4900452488687783,1.0538774538084532,CHEK1
KEGG_2021_Human,Adrenergic signaling in cardiomyocytes,1/150,0.4773350131546141,0.5125745107700554,0,0,1.5606000789577577,1.154121033905946,MAPK3
GO_Molecular_Function_2023,"DNA-binding Transcription Activator Activity, RNA Polymerase II-specific (GO:0001228)",2/348,0.442776255749876,0.5151531437089905,0,0,1.3465455546380405,1.0970181439279232,JUN;NFKB2
GO_Biological_Process_2023,Peptide Biosynthetic Process (GO:0043043),1/158,0.4951812830087536,0.51679381654187,0,0,1.4804795803671786,1.0405274697534328,RPS6
KEGG_2021_Human,Non-alcoholic fatty liver disease,1/155,0.4885606405437286,0.5176801489205072,0,0,1.5095492742551566,1.0812775841638456,JUN
KEGG_2021_Human,Cushing syndrome,1/155,0.4885606405437286,0.5176801489205072,0,0,1.5095492742551566,1.0812775841638456,MAPK3
KEGG_2021_Human,Ribosome,1/158,0.4951812830087536,0.5178366358261476,0,0,1.4804795803671786,1.0405274697534328,RPS6
KEGG_2021_Human,Hepatitis C,1/157,0.4929838689459387,0.5178366358261476,0,0,1.4900452488687783,1.0538774538084532,MAPK3
GO_Biological_Process_2023,Response To Lipopolysaccharide (GO:0032496),1/159,0.4973692836431487,0.5184118302588204,0,0,1.4710349962769915,1.0274039446201135,RPS6KA3
Reactome_2022,S Phase R-HSA-69242,1/161,0.5017172040124291,0.519321316433918,0,0,1.4525,1.0018163487781475,PDS5A
Reactome_2022,Protein Localization R-HSA-9609507,1/164,0.5081694751227666,0.524848998376249,0,0,1.425550342836521,0.9650124405266453,EMD
Reactome_2022,Regulation Of Expression Of SLITs And ROBOs R-HSA-9010553,1/167,0.5145391545326984,0.5302674256319512,0,0,1.399574769666903,0.92999451570601,RPS6
GO_Biological_Process_2023,Membrane Organization (GO:0061024),1/167,0.5145391545326984,0.5356214246287885,0,0,1.399574769666903,0.92999451570601,EMD
GO_Cellular_Component_2023,Mitotic Spindle (GO:0072686),1/143,0.4612089470988867,0.537284649713136,0,0,1.6381110190555097,1.2677408194346094,TPR
GO_Biological_Process_2023,Brain Development (GO:0007420),1/169,0.5187402396645594,0.5393041110579115,0,0,1.3827731092436977,0.9075859272131256,CIC
GO_Cellular_Component_2023,Mitochondrial Envelope (GO:0005740),1/146,0.4681794645748542,0.5398395867036585,0,0,1.603975659229209,1.217262878454059,ARL2BP
Reactome_2022,Fatty Acid Metabolism R-HSA-8978868,1/173,0.5270349046767521,0.5419618191882941,0,0,1.3503419972640218,0.8648785201132445,ACACA
GO_Biological_Process_2023,Cell-Cell Adhesion Via Plasma-Membrane Adhesion Molecules (GO:0098742),1/172,0.5249745817383216,0.5450885503872994,0,0,1.3583075335397317,0.8753007547041342,PALLD
KEGG_2021_Human,Influenza A,1/172,0.5249745817383216,0.5454281368709833,0,0,1.3583075335397317,0.8753007547041342,MAPK3
GO_Biological_Process_2023,Positive Regulation Of Cellular Biosynthetic Process (GO:0031328),1/174,0.529086394818438,0.5486571925859568,0,0,1.3424685481128869,0.8546202343921173,RPS6KB1
Reactome_2022,Apoptosis R-HSA-109581,1/178,0.5372047736600231,0.5512188112337628,0,0,1.311864406779661,0.8151609634153847,MAPK3
Reactome_2022,Major Pathway Of rRNA Processing In Nucleolus And Cytosol R-HSA-6791226,1/179,0.5392126581253696,0.5520789037639359,0,0,1.3044282881692002,0.8056739282064902,RPS6
GO_Biological_Process_2023,Positive Regulation Of Hydrolase Activity (GO:0051345),1/176,0.5331630262661342,0.5521803061839071,0,0,1.3269915966386554,0.8345822188863126,ARAP1
GO_Cellular_Component_2023,Azurophil Granule (GO:0042582),1/155,0.4885606405437286,0.5542982541026145,0,0,1.5095492742551566,1.0812775841638456,STX3
GO_Cellular_Component_2023,Recycling Endosome (GO:0055037),1/159,0.4973692836431487,0.5542982541026145,0,0,1.4710349962769915,1.0274039446201135,RAB14
GO_Cellular_Component_2023,Specific Granule (GO:0042581),1/159,0.4973692836431487,0.5542982541026145,0,0,1.4710349962769915,1.0274039446201135,STX3
GO_Cellular_Component_2023,Tertiary Granule (GO:0070820),1/162,0.5038772029598118,0.5542982541026145,0,0,1.4434051881622214,0.9893426603607968,RAB14
GO_Cellular_Component_2023,Intracellular Organelle Lumen (GO:0070013),4/856,0.5052453112616752,0.5542982541026145,0,0,1.0913775334936449,0.7450956685760444,XRCC6;ARL2BP;AP4B1;MAPK3
Reactome_2022,Intra-Golgi And Retrograde Golgi-to-ER Traffic R-HSA-6811442,1/181,0.5432026318076294,0.5549602645307383,0,0,1.2898039215686274,0.7871323251434355,KIF4A
GO_Biological_Process_2023,Positive Regulation Of ERK1 And ERK2 Cascade (GO:0070374),1/179,0.5392126581253696,0.5577352303510502,0,0,1.3044282881692002,0.8056739282064902,MAPK3
GO_Cellular_Component_2023,Membrane Raft (GO:0045121),1/169,0.5187402396645594,0.5605093660686088,0,0,1.3827731092436977,0.9075859272131256,AHNAK
GO_Cellular_Component_2023,Organelle Outer Membrane (GO:0031968),1/170,0.520827287054902,0.5605093660686088,0,0,1.3745214061956144,0.8966508887238434,EMD
GO_Molecular_Function_2023,Magnesium Ion Binding (GO:0000287),1/155,0.4885606405437286,0.56300797624563,0,0,1.5095492742551566,1.0812775841638456,OXSR1
Reactome_2022,Metabolism Of Vitamins And Cofactors R-HSA-196854,1/186,0.5530287859882116,0.5637788055862546,0,0,1.2546263910969793,0.7431719514062968,ACACA
GO_Biological_Process_2023,RNA Processing (GO:0006396),1/183,0.5471584542986907,0.5652348454191048,0,0,1.2755009696186166,0.7691485637565747,DDX20
KEGG_2021_Human,Alcoholism,1/186,0.5530287859882116,0.5708684242458958,0,0,1.2546263910969793,0.7431719514062968,MAPK3
KEGG_2021_Human,Neutrophil extracellular trap formation,1/189,0.5588238918519959,0.5731527095917905,0,0,1.2344180225281602,0.7183336427853815,MAPK3
KEGG_2021_Human,Chemokine signaling pathway,1/192,0.5645447248064708,0.5753322036244288,0,0,1.2148444718201417,0.6945699173945614,MAPK3
GO_Biological_Process_2023,Regulation Of Cell Migration (GO:0030334),2/434,0.5598432374703962,0.5776047615018174,0,0,1.0737433862433865,0.6228768928803696,SPAG9;PPP3CA
GO_Biological_Process_2023,Protein Localization To Membrane (GO:0072657),1/192,0.5645447248064708,0.5817171879184547,0,0,1.2148444718201417,0.6945699173945614,PACS1
Reactome_2022,Muscle Contraction R-HSA-397014,1/196,0.572058590819693,0.5819216699717566,0,0,1.189683257918552,0.6644545901577418,TLN1
GO_Cellular_Component_2023,Ficolin-1-Rich Granule (GO:0101002),1/184,0.5491236492677792,0.5853865317665949,0,0,1.2684667309546769,0.7603590883556923,XRCC6
GO_Biological_Process_2023,Positive Regulation Of Protein Metabolic Process (GO:0051247),1/196,0.572058590819693,0.5887134611853296,0,0,1.189683257918552,0.6644545901577418,RPS6KB1
GO_Biological_Process_2023,DNA-templated Transcription (GO:0006351),1/199,0.5776097586829732,0.5936747582923605,0,0,1.1714795008912655,0.6429744858131342,GTF2F1
Reactome_2022,Signaling By NOTCH R-HSA-157118,1/203,0.5849007441298377,0.5937057015683515,0,0,1.148048922539313,0.6157136930154435,JUN
Reactome_2022,Programmed Cell Death R-HSA-5357801,1/208,0.5938397658627472,0.6014857714317955,0,0,1.1200341005967605,0.5837010118846248,MAPK3
GO_Biological_Process_2023,Regulation Of MAPK Cascade (GO:0043408),1/204,0.5867039682621468,0.6022605128751582,0,0,1.14233555491162,0.6091331846749747,MAPK3
GO_Biological_Process_2023,Regulation Of Canonical Wnt Signaling Pathway (GO:0060828),1/207,0.5920673158482584,0.6062351735322847,0,0,1.125528269560251,0.589928693564302,EMD
GO_Biological_Process_2023,Negative Regulation Of Cell Differentiation (GO:0045596),1/207,0.5920673158482584,0.6062351735322847,0,0,1.125528269560251,0.589928693564302,OXSR1
GO_Biological_Process_2023,Regulation Of GTPase Activity (GO:0043087),1/214,0.6043157379865247,0.6179983584692385,0,0,1.088152444076222,0.5480571979612543,ARAP1
Reactome_2022,Metabolism Of Lipids R-HSA-556833,3/732,0.614126703753825,0.620701936128063,0,0,0.95121225643314,0.4637673539979153,RAB14;PNPLA6;ACACA
GO_Biological_Process_2023,Positive Regulation Of Protein Modification Process (GO:0031401),1/225,0.6228327200784859,0.6361344238992576,0,0,1.034138655462185,0.4896411818744058,MAPK3
KEGG_2021_Human,Ras signaling pathway,1/232,0.6341675641682093,0.6421950016893259,0,0,1.0024446142093202,0.4565554428077985,MAPK3
GO_Biological_Process_2023,Positive Regulation Of Phosphorylation (GO:0042327),1/231,0.6325691554980809,0.6452681598744539,0,0,1.006854219948849,0.4611047254274449,MAPK3
GO_Biological_Process_2023,Inflammatory Response (GO:0006954),1/236,0.6404927604785448,0.6525320980815249,0,0,0.9851814768460576,0.4389155498252452,NFKB2
GO_Biological_Process_2023,Regulation Of Autophagy (GO:0010506),1/241,0.6482474374300832,0.6596059657455039,0,0,0.9644117647058824,0.4180559194754163,RPTOR
GO_Molecular_Function_2023,Guanyl-Nucleotide Exchange Factor Activity (GO:0005085),1/203,0.5849007441298377,0.6614298134552371,0,0,1.148048922539313,0.6157136930154435,EEF1B2
GO_Molecular_Function_2023,GTP Binding (GO:0005525),1/201,0.5812709356164965,0.6614298134552371,0,0,1.1596470588235297,0.6291529490710988,RAB14
Reactome_2022,SLC-mediated Transmembrane Transport R-HSA-425407,1/247,0.657335072013908,0.6615397739670886,0,0,0.9406025824964132,0.3946405245414471,ARL2BP
Reactome_2022,Diseases Of Metabolism R-HSA-5668914,1/247,0.657335072013908,0.6615397739670886,0,0,0.9406025824964132,0.3946405245414471,ACACA
GO_Biological_Process_2023,Regulation Of ERK1 And ERK2 Cascade (GO:0070372),1/244,0.6528206422290335,0.6634289776652553,0,0,0.9523602033405956,0.4061367274844517,MAPK3
KEGG_2021_Human,Endocytosis,1/252,0.6647305341861757,0.6689112293697366,0,0,0.9216311225685492,0.3763697569058764,ARAP1
GO_Biological_Process_2023,Cytokine-Mediated Signaling Pathway (GO:0019221),1/257,0.6719682015140912,0.682035140862617,0,0,0.9034007352941176,0.3591417756703497,MAPK3
GO_Biological_Process_2023,Regulation Of Protein Phosphorylation (GO:0001932),1/265,0.6832285366396902,0.69259950160607,0,0,0.8756684491978609,0.3335647643482534,MAPK3
GO_Molecular_Function_2023,Guanyl Ribonucleotide Binding (GO:0032561),1/226,0.6244729868307213,0.6996410315418267,0,0,1.0294901960784313,0.4847325824561755,RAB14
GO_Cellular_Component_2023,Cilium (GO:0005929),1/257,0.6719682015140912,0.7096486614120776,0,0,0.9034007352941176,0.3591417756703497,RAB14
GO_Molecular_Function_2023,Microtubule Binding (GO:0008017),1/239,0.6451656084856591,0.7099787370167726,0,0,0.9726149283242708,0.4262467783968463,MAP7D3
GO_Molecular_Function_2023,Ubiquitin-Like Protein Transferase Activity (GO:0019787),1/240,0.6467098443455144,0.7099787370167726,0,0,0.9684961850849126,0.4221263726870767,RANBP2
GO_Molecular_Function_2023,"DNA-binding Transcription Repressor Activity, RNA Polymerase II-specific (GO:0001227)",1/243,0.6513028083377005,0.7099787370167726,0,0,0.9563441905687896,0.4100618373145543,JUN
GO_Cellular_Component_2023,Bounding Membrane Of Organelle (GO:0098588),3/819,0.6895664514045394,0.7153950587163237,0,0,0.8459425939050319,0.3144302724067207,GGA2;TBC1D5;PAM
GO_Cellular_Component_2023,Dendrite (GO:0030425),1/270,0.6900713398237105,0.7153950587163237,0,0,0.8591734091406079,0.3187192219007458,RPS6
Reactome_2022,Extracellular Matrix Organization R-HSA-1474244,1/291,0.7172508417108825,0.7203029729522054,0,0,0.796105476673428,0.2645694549006375,SH3PXD2A
GO_Cellular_Component_2023,Endoplasmic Reticulum Lumen (GO:0005788),1/284,0.7084635565072243,0.7277852898665123,0,0,0.8160881313656204,0.2812702085679487,MAPK3
GO_Molecular_Function_2023,GTPase Activity (GO:0003924),1/265,0.6832285366396902,0.7381308297625224,0,0,0.8756684491978609,0.3335647643482534,RAB14
GO_Molecular_Function_2023,Ribonucleoside Triphosphate Phosphatase Activity (GO:0017111),1/270,0.6900713398237105,0.7389259479528228,0,0,0.8591734091406079,0.3187192219007458,RAB14
GO_Molecular_Function_2023,Cis-Regulatory Region Sequence-Specific DNA Binding (GO:0000987),4/1098,0.701831595599965,0.7449265181368049,0,0,0.8391670754001873,0.2971170018961996,JUN;MTA1;JUND;NFKB2
GO_Molecular_Function_2023,DNA Binding (GO:0003677),3/846,0.7106497904609625,0.7477271708328388,0,0,0.8176906915919907,0.2793031310725566,JUN;XRCC6;XRCC5
GO_Molecular_Function_2023,RNA Polymerase II Cis-Regulatory Region Sequence-Specific DNA Binding (GO:0000978),4/1122,0.7179772464935608,0.7489245416010418,0,0,0.8201055892490946,0.271715252011821,JUN;MTA1;JUND;NFKB2
GO_Biological_Process_2023,Positive Regulation Of MAPK Cascade (GO:0043410),1/310,0.7398040928660019,0.7490170952678201,0,0,0.7464306110793832,0.2249516941378767,MAPK3
GO_Biological_Process_2023,Proteasome-Mediated Ubiquitin-Dependent Protein Catabolic Process (GO:0043161),1/319,0.7498572763584855,0.7582512010938417,0,0,0.7249722530521643,0.2086994942632078,MTA1
GO_Biological_Process_2023,Positive Regulation Of Cytokine Production (GO:0001819),1/320,0.7509503177401592,0.7584131780406825,0,0,0.7226627328047206,0.2069820133378027,CD2
GO_Biological_Process_2023,Proteolysis (GO:0006508),1/330,0.7616243751772522,0.7682389789318934,0,0,0.700339710352226,0.1907037572936963,DDI2
GO_Biological_Process_2023,Negative Regulation Of Gene Expression (GO:0010629),1/336,0.7678104306399174,0.7735190583770172,0,0,0.687585601404741,0.1816686497962484,CHEK1
GO_Molecular_Function_2023,Ubiquitin-Like Protein Ligase Activity (GO:0061659),1/319,0.7498572763584855,0.7754934225587757,0,0,0.7249722530521643,0.2086994942632078,RANBP2
GO_Molecular_Function_2023,Endopeptidase Activity (GO:0004175),1/335,0.7667905535779317,0.7858330390534704,0,0,0.6896794646002113,0.183138579664452,DDI2
GO_Molecular_Function_2023,Zinc Ion Binding (GO:0008270),1/341,0.7728440632013469,0.7858330390534704,0,0,0.6773010380622837,0.1745255634137426,PAM
GO_Molecular_Function_2023,Protein Homodimerization Activity (GO:0042803),2/662,0.7824980260795672,0.7890188429635636,0,0,0.6945887445887445,0.1703575299138709,TPR;TSC2
GO_Biological_Process_2023,Protein Modification By Small Protein Conjugation (GO:0032446),1/364,0.7946440847283393,0.7995614367377967,0,0,0.6336412250850754,0.1456493782263604,RANBP2
GO_Cellular_Component_2023,Mitochondrial Matrix (GO:0005759),1/355,0.7863715603729455,0.8005404173166022,0,0,0.650049850448654,0.1562237991875292,ARL2BP
GO_Biological_Process_2023,Ubiquitin-Dependent Protein Catabolic Process (GO:0006511),1/367,0.7973305988133192,0.8012729009088115,0,0,0.628351012536162,0.142312633385134,MTA1
Reactome_2022,Transport Of Small Molecules R-HSA-382551,2/706,0.8120662930325014,0.8137904252894707,0,0,0.6496888528138528,0.135247872780078,ARL2BP;ADD3
GO_Cellular_Component_2023,Organelle Inner Membrane (GO:0019866),1/398,0.8231356832316835,0.8304851089748235,0,0,0.5783671655060009,0.1125700465850954,EMD
GO_Biological_Process_2023,Nervous System Development (GO:0007399),1/433,0.8483831033098854,0.8515252629517739,0,0,0.5305555555555556,0.0872355214877988,RPS6KA3
GO_Biological_Process_2023,Regulation Of Nucleic Acid-Templated Transcription (GO:1903506),1/452,0.8605609891589935,0.8626832110804706,0,0,0.5077083605060649,0.0762429652936709,NFKB2
GO_Molecular_Function_2023,Transition Metal Ion Binding (GO:0046914),1/456,0.8629988060384802,0.8629988060384802,0,0,0.5031415643180349,0.0741338699803257,PAM
GO_Cellular_Component_2023,Endoplasmic Reticulum Membrane (GO:0005789),2/801,0.8641072801201786,0.8641072801201786,0,0,0.5696108230526253,0.0831964175726039,DTNBP1;PNPLA6
KEGG_2021_Human,Herpes simplex virus 1 infection,1/498,0.88618483939829,0.88618483939829,0,0,0.4596283583856078,0.0555367694282845,TSC2
GO_Biological_Process_2023,Positive Regulation Of Intracellular Signal Transduction (GO:1902533),1/525,0.8989950035697577,0.9001021402736613,0,0,0.4353390211046251,0.0463539422184802,RPTOR
GO_Biological_Process_2023,Negative Regulation Of Cellular Process (GO:0048523),1/537,0.9042206028225748,0.9042206028225748,0,0,0.4253292361720808,0.0428229635724883,TSC2
Reactome_2022,Sensory Perception R-HSA-9709957,1/616,0.9325419702416256,0.9325419702416256,0,0,0.3691822094691535,0.0257840990580065,MYO1E
