Gene_set,Term,Overlap,P-value,Adjusted P-value,Old P-value,Old Adjusted P-value,Odds Ratio,Combined Score,Genes
KEGG_2021_Human,Pathogenic Escherichia coli infection,5/197,3.2166068385312056e-06,0.00023635415530890873,0,0,27.11622807017544,342.94391306856807,TUBB8;JUN;CASP1;TUBB4B;TUBB4A
KEGG_2021_Human,Gap junction,4/88,3.475796401601599e-06,0.00023635415530890873,0,0,47.36190476190476,595.3243150235196,TUBB8;PRKCA;TUBB4B;TUBB4A
Reactome_2022,Gastrin-CREB Signaling Pathway Via PKC And MAPK R-HSA-881907,3/17,1.0209769829080985e-06,0.0002766847623680946,0,0,203.6938775510204,2809.906231967641,RPS6KA3;RPS6KA1;PRKCA
KEGG_2021_Human,HIF-1 signaling pathway,4/109,8.15404729119719e-06,0.00034217571962137584,0,0,37.84952380952381,443.4827249004744,TFRC;PGK1;PRKCA;PGK2
KEGG_2021_Human,Salmonella infection,5/249,1.0063991753569878e-05,0.00034217571962137584,0,0,21.28127696289905,244.87400672838984,TUBB8;JUN;CASP1;TUBB4B;TUBB4A
KEGG_2021_Human,Yersinia infection,4/137,2.012762563315192e-05,0.0005474714172217323,0,0,29.839097744360902,322.6626150767574,RPS6KA3;JUN;RPS6KA1;CASP1
Reactome_2022,MAPK Targets/ Nuclear Events Mediated By MAP Kinases R-HSA-450282,3/30,6.033858309199734e-06,0.0006029832194785933,0,0,105.55026455026454,1268.516156997622,RPS6KA3;JUN;RPS6KA1
Reactome_2022,Sealing Of Nuclear Envelope (NE) By ESCRT-III R-HSA-9668328,3/31,6.675090990537933e-06,0.0006029832194785933,0,0,101.77551020408164,1212.8717540971234,TUBB8;TUBB4B;TUBB4A
KEGG_2021_Human,Phagosome,4/152,3.0267327982233596e-05,0.0006860594342639615,0,0,26.794594594594596,278.80959224082557,TUBB8;TFRC;TUBB4B;TUBB4A
Reactome_2022,Carboxyterminal Post-Translational Modifications Of Tubulin R-HSA-8955332,3/41,1.570609485653805e-05,0.0010640879265304,0,0,74.95488721804512,829.1106152036315,TUBB8;TUBB4B;TUBB4A
GO_Cellular_Component_2023,Microtubule Cytoskeleton (GO:0015630),5/342,4.618780214031755e-05,0.001172673889875,0,0,15.335780103076685,153.09394613797613,TUBB8;CASP1;TTK;TUBB4B;TUBB4A
GO_Cellular_Component_2023,Microtubule (GO:0005874),4/185,6.514854943750356e-05,0.001172673889875,0,0,21.87292817679558,210.82966639294423,TUBB8;CASP1;TUBB4B;TUBB4A
GO_Cellular_Component_2023,Spindle (GO:0005819),4/210,0.00010643644424103063,0.0012772373308923,0,0,19.194174757281555,175.58759125586377,TUBB8;TTK;TUBB4B;TUBB4A
Reactome_2022,RSK Activation R-HSA-444257,2/7,2.88738312533813e-05,0.001304134711611,0,0,363.1090909090909,3795.424957257872,RPS6KA3;RPS6KA1
Reactome_2022,CREB Phosphorylation R-HSA-199920,2/7,2.88738312533813e-05,0.001304134711611,0,0,363.1090909090909,3795.424957257872,RPS6KA3;RPS6KA1
KEGG_2021_Human,Long-term potentiation,3/67,6.915234345700029e-05,0.0013435312443074,0,0,44.44642857142857,425.7611668333648,RPS6KA3;RPS6KA1;PRKCA
GO_Biological_Process_2023,Gluconeogenesis (GO:0006094),3/32,7.359826469067412e-06,0.0017536755765127,0,0,98.26108374384236,1161.3943444764195,KHSRP;PGK1;PGK2
GO_Biological_Process_2023,Hexose Biosynthetic Process (GO:0019319),3/35,9.68881533984934e-06,0.0017536755765127,0,0,89.03571428571429,1027.876222140858,KHSRP;PGK1;PGK2
Reactome_2022,Post NMDA Receptor Activation Events R-HSA-438064,3/61,5.219853686082974e-05,0.0018566736434972,0,0,49.05911330049261,483.7452326587892,RPS6KA3;RPS6KA1;PRKCA
Reactome_2022,MAP Kinase Activation R-HSA-450294,3/62,5.480955405157966e-05,0.0018566736434972,0,0,48.22518159806295,473.16841182341153,RPS6KA3;JUN;RPS6KA1
Reactome_2022,Interleukin-17 Signaling R-HSA-448424,3/69,7.551342104020782e-05,0.0020192158895184,0,0,43.095238095238095,409.02553050588386,RPS6KA3;JUN;RPS6KA1
Reactome_2022,Loss Of Nlp From Mitotic Centrosomes R-HSA-380259,3/69,7.551342104020782e-05,0.0020192158895184,0,0,43.095238095238095,409.02553050588386,PRKCA;TUBB4B;TUBB4A
Reactome_2022,AURKA Activation By TPX2 R-HSA-8854518,3/72,8.575412779016238e-05,0.0020192158895184,0,0,41.21532091097309,385.9413504398234,PRKCA;TUBB4B;TUBB4A
Reactome_2022,Activation Of NMDA Receptors And Postsynaptic Events R-HSA-442755,3/74,9.306144097509942e-05,0.0020192158895184,0,0,40.05030181086519,371.7569391075242,RPS6KA3;RPS6KA1;PRKCA
Reactome_2022,Nuclear Envelope (NE) Reassembly R-HSA-2995410,3/75,9.6862754847748e-05,0.0020192158895184,0,0,39.492063492063494,364.99416053763736,TUBB8;TUBB4B;TUBB4A
Reactome_2022,Recruitment Of NuMA To Mitotic Centrosomes R-HSA-380320,3/80,0.00011739350481991088,0.0020632035811502,0,0,36.91836734693877,334.1104483665693,PRKCA;TUBB4B;TUBB4A
Reactome_2022,Centrosome Maturation R-HSA-380287,3/81,0.00012181275755868716,0.0020632035811502,0,0,36.443223443223445,328.4637009682853,PRKCA;TUBB4B;TUBB4A
Reactome_2022,Senescence-Associated Secretory Phenotype (SASP) R-HSA-2559582,3/81,0.00012181275755868716,0.0020632035811502,0,0,36.443223443223445,328.4637009682853,RPS6KA3;JUN;RPS6KA1
GO_Cellular_Component_2023,Polymeric Cytoskeletal Fiber (GO:0099513),4/265,0.0002598056782462691,0.0023382511042164,0,0,15.10727969348659,124.7193046931424,TUBB8;CASP1;TUBB4B;TUBB4A
Reactome_2022,Regulation Of PLK1 Activity At G2/M Transition R-HSA-2565942,3/87,0.0001506180773374903,0.0024010293504976,0,0,33.82993197278912,297.72922085044587,PRKCA;TUBB4B;TUBB4A
Reactome_2022,Signaling By Interleukins R-HSA-449147,5/453,0.0001736013138032802,0.0026136642244827,0,0,11.470864661654137,99.32334007217948,RPS6KA3;JUN;RPS6KA1;CASP1;PRKCA
Reactome_2022,Toll Like Receptor 7/8 (TLR7/8) Cascade R-HSA-168181,3/103,0.000248160437794501,0.0028021449434295,0,0,28.394285714285715,235.71331990829248,RPS6KA3;JUN;RPS6KA1
Reactome_2022,Toll Like Receptor 3 (TLR3) Cascade R-HSA-168164,3/103,0.000248160437794501,0.0028021449434295,0,0,28.394285714285715,235.71331990829248,RPS6KA3;JUN;RPS6KA1
Reactome_2022,MyD88 Dependent Cascade Initiated On Endosome R-HSA-975155,3/102,0.00024112207109460744,0.0028021449434295,0,0,28.682539682539684,238.9314995428402,RPS6KA3;JUN;RPS6KA1
Reactome_2022,TRAF6 Mediated Induction Of NFkB And MAP Kinases Upon TLR7/8 Or 9 Activation R-HSA-975138,3/101,0.0002342144227516512,0.0028021449434295,0,0,28.97667638483965,242.22396376485943,RPS6KA3;JUN;RPS6KA1
Reactome_2022,Anchoring Of Basal Body To Plasma Membrane R-HSA-5620912,3/97,0.0002078692558571044,0.0028021449434295,0,0,30.21580547112462,256.18776614331455,PRKCA;TUBB4B;TUBB4A
Reactome_2022,MyD88 Cascade Initiated On Plasma Membrane R-HSA-975871,3/96,0.00020159884731143867,0.0028021449434295,0,0,30.542242703533027,259.8909904657026,RPS6KA3;JUN;RPS6KA1
Reactome_2022,MyD88-independent TLR4 Cascade R-HSA-166166,3/107,0.00027764264975151684,0.0028938906954869,0,0,27.296703296703296,223.53749942844928,RPS6KA3;JUN;RPS6KA1
Reactome_2022,Toll Like Receptor 9 (TLR9) Cascade R-HSA-168138,3/106,0.0002700706385152335,0.0028938906954869,0,0,27.563106796116504,226.48128037574324,RPS6KA3;JUN;RPS6KA1
KEGG_2021_Human,Chemical carcinogenesis,4/239,0.00017507749627455145,0.0029763174366673,0,0,16.800851063829786,145.33209695830865,RPS6KA3;JUN;RPS6KA1;PRKCA
Reactome_2022,ERK/MAPK Targets R-HSA-198753,2/22,0.000314144742212557,0.0030735769845532,0,0,90.7090909090909,731.6283882755846,RPS6KA3;RPS6KA1
Reactome_2022,MyD88:MAL(TIRAP) Cascade Initiated On Plasma Membrane R-HSA-166058,3/112,0.00031756514969554097,0.0030735769845532,0,0,26.03800786369594,209.7316634727131,RPS6KA3;JUN;RPS6KA1
Reactome_2022,Post-chaperonin Tubulin Folding Pathway R-HSA-389977,2/23,0.00034381145881898543,0.0031057635113315,0,0,86.38528138528139,688.9586534300897,TUBB4B;TUBB4A
Reactome_2022,"Cell Cycle, Mitotic R-HSA-69278",5/523,0.0003377233712357986,0.0031057635113315,0,0,9.885185937817516,79.01509291842953,TUBB8;RRM2;PRKCA;TUBB4B;TUBB4A
GO_Biological_Process_2023,Regulation Of DNA-templated Transcription In Response To Stress (GO:0043620),2/7,2.88738312533813e-05,0.0034841089712413,0,0,363.1090909090909,3795.424957257872,RPS6KA3;RPS6KA1
Reactome_2022,Formation Of Tubulin Folding Intermediates By CCT/TriC R-HSA-389960,2/26,0.00044068597769434504,0.0038524483856505,0,0,75.57575757575758,583.9873316414673,TUBB4B;TUBB4A
Reactome_2022,CREB1 Phosphorylation Thru NMDA Receptor-Mediated Activation Of RAS Signaling R-HSA-442742,2/27,0.0004755925151574023,0.0040276741127392,0,0,72.5490909090909,555.0694040425329,RPS6KA3;RPS6KA1
Reactome_2022,Prefoldin Mediated Transfer Of Substrate To CCT/TriC R-HSA-389957,2/28,0.0005118017005884158,0.0040793606135135,0,0,69.75524475524476,528.5754809934051,TUBB4B;TUBB4A
Reactome_2022,Recycling Pathway Of L1 R-HSA-437239,2/28,0.0005118017005884158,0.0040793606135135,0,0,69.75524475524476,528.5754809934051,RPS6KA3;RPS6KA1
GO_Biological_Process_2023,Glucose Metabolic Process (GO:0006006),3/59,4.722408723590282e-05,0.0042737798948492,0,0,50.81632653061224,506.16143096212306,KHSRP;PGK1;PGK2
GO_Cellular_Component_2023,Mitotic Spindle (GO:0072686),3/143,0.0006488655908442329,0.0046718322540784,0,0,20.240816326530613,148.57335975374693,TUBB8;TUBB4B;TUBB4A
Reactome_2022,Toll Like Receptor 4 (TLR4) Cascade R-HSA-166016,3/140,0.0006100390385547019,0.0047234451270949,0,0,20.687174139728885,153.1262065691772,RPS6KA3;JUN;RPS6KA1
GO_Molecular_Function_2023,Cysteine-Type Endopeptidase Inhibitor Activity Involved In Apoptotic Process (GO:0043027),2/19,0.00023306007599526184,0.0050496349798973,0,0,106.73262032085562,892.7345092435008,RPS6KA3;RPS6KA1
GO_Molecular_Function_2023,RNA Binding (GO:0003723),8/1411,0.00015914848847524142,0.0050496349798973,0,0,6.619030648610122,57.88787697951085,JUN;TFRC;KHSRP;NOP2;XIRP1;PSIP1;TUBB4B;GCN1
GO_Molecular_Function_2023,Purine Ribonucleoside Triphosphate Binding (GO:0035639),5/476,0.00021856564612786109,0.0050496349798973,0,0,10.897865683316573,91.8518342935434,TUBB8;PGK1;PGK2;TUBB4B;TUBB4A
KEGG_2021_Human,MAPK signaling pathway,4/294,0.00038541875067425496,0.0052416950091698,0,0,13.57655172413793,106.72771892827716,RPS6KA3;JUN;RPS6KA1;PRKCA
KEGG_2021_Human,Neurotrophin signaling pathway,3/119,0.0003794222686254727,0.0052416950091698,0,0,24.458128078817733,192.6532704977716,RPS6KA3;JUN;RPS6KA1
Reactome_2022,Cooperation Of Prefoldin And TriC/CCT In Actin And Tubulin Folding R-HSA-389958,2/33,0.0007122855268112139,0.0053619271601621,0,0,58.489736070381234,423.87697178566015,TUBB4B;TUBB4A
GO_Molecular_Function_2023,Protein Serine/Threonine/Tyrosine Kinase Activity (GO:0004712),2/26,0.00044068597769434504,0.0061827026970462,0,0,75.57575757575758,583.9873316414673,RPS6KA1;TTK
GO_Molecular_Function_2023,ADP Binding (GO:0043531),2/27,0.0004755925151574023,0.0061827026970462,0,0,72.5490909090909,555.0694040425329,PGK1;PGK2
Reactome_2022,Transcriptional Regulation By AP-2 (TFAP2) Family Of Transcription Factors R-HSA-8864260,2/36,0.0008480218264323183,0.0062111868908961,0,0,53.32085561497326,377.1173065055224,ATAD2;NOP2
Reactome_2022,Toll-like Receptor Cascades R-HSA-168898,3/162,0.0009317187931565796,0.0064857843718377,0,0,17.80503144654088,124.25204717600278,RPS6KA3;JUN;RPS6KA1
Reactome_2022,Cell Cycle R-HSA-1640170,5/654,0.0009333785627368018,0.0064857843718377,0,0,7.836752899197146,54.674671534724105,TUBB8;RRM2;PRKCA;TUBB4B;TUBB4A
Reactome_2022,Cellular Senescence R-HSA-2559583,3/165,0.0009824607924292772,0.0066561718687083,0,0,17.472663139329807,121.00605705144206,RPS6KA3;JUN;RPS6KA1
Reactome_2022,M Phase R-HSA-68886,4/380,0.0010086419979031,0.0066668775958961,0,0,10.425531914893616,71.92731277872319,TUBB8;PRKCA;TUBB4B;TUBB4A
Reactome_2022,Innate Immune System R-HSA-168249,6/1035,0.0011396593777282,0.0073535164610558,0,0,6.137674117265954,41.595176168093246,RPS6KA3;JUN;RPS6KA1;CASP1;PRKCA;TUBB4B
GO_Molecular_Function_2023,Protein Serine/Threonine Kinase Activity (GO:0004674),4/342,0.0006810523181951635,0.0073780667804476,0,0,11.620118343195266,84.7324089509256,RPS6KA3;RPS6KA1;PRKCA;TTK
GO_Cellular_Component_2023,Euchromatin (GO:0000791),2/44,0.0012659452144418,0.007595671286651,0,0,43.14718614718615,287.87527450942133,JUN;PSIP1
Reactome_2022,Mitotic Prometaphase R-HSA-68877,3/186,0.0013871853452868,0.0078318172619321,0,0,15.4512099921936,101.67635540344024,PRKCA;TUBB4B;TUBB4A
Reactome_2022,Cilium Assembly R-HSA-5617833,3/186,0.0013871853452868,0.0078318172619321,0,0,15.4512099921936,101.67635540344024,PRKCA;TUBB4B;TUBB4A
Reactome_2022,Mitotic G2-G2/M Phases R-HSA-453274,3/184,0.0013447911871463,0.0078318172619321,0,0,15.623520126282555,103.29516155879016,PRKCA;TUBB4B;TUBB4A
Reactome_2022,Neurotransmitter Receptors And Postsynaptic Signal Transmission R-HSA-112314,3/182,0.0013032255888082,0.0078318172619321,0,0,15.799680766161211,104.95590263238464,RPS6KA3;RPS6KA1;PRKCA
Reactome_2022,G2/M Transition R-HSA-69275,3/182,0.0013032255888082,0.0078318172619321,0,0,15.799680766161211,104.95590263238464,PRKCA;TUBB4B;TUBB4A
Reactome_2022,Cytokine Signaling In Immune System R-HSA-1280215,5/702,0.0012811316665452,0.0078318172619321,0,0,7.27893981726195,48.477822724530085,RPS6KA3;JUN;RPS6KA1;CASP1;PRKCA
Reactome_2022,Cellular Responses To Stress R-HSA-2262752,5/722,0.0014514332749839,0.0080273146432784,0,0,7.068560522645526,46.19448320114646,RPS6KA3;JUN;KHSRP;RPS6KA1;GCN1
Reactome_2022,Cellular Responses To Stimuli R-HSA-8953897,5/736,0.0015802844997268,0.0085651419885194,0,0,6.928144574843401,44.68757439700039,RPS6KA3;JUN;KHSRP;RPS6KA1;GCN1
GO_Cellular_Component_2023,Intracellular Non-Membrane-Bounded Organelle (GO:0043232),6/1195,0.0023822902326234,0.0095291609304939,0,0,5.266890944771517,31.81040422016651,RPS6KA3;NOP2;CASP1;TTK;TUBB4B;GCN1
GO_Cellular_Component_2023,Extracellular Membrane-Bounded Organelle (GO:0065010),2/57,0.0021155665632121,0.0095291609304939,0,0,32.92727272727273,202.78039057539715,TFRC;TUBB4B
GO_Cellular_Component_2023,Extracellular Vesicle (GO:1903561),2/60,0.0023410698512417,0.0095291609304939,0,0,31.219435736677116,189.10071940362897,TFRC;TUBB4B
KEGG_2021_Human,Amyotrophic lateral sclerosis,4/364,0.0008595676084009753,0.0097417662285443,0,0,10.897777777777778,76.92829688246387,TUBB8;CASP1;TUBB4B;TUBB4A
KEGG_2021_Human,mTOR signaling pathway,3/154,0.0008046573808704424,0.0097417662285443,0,0,18.755912961210974,133.63764262255492,RPS6KA3;RPS6KA1;PRKCA
GO_Biological_Process_2023,Regulation Of Cysteine-Type Endopeptidase Activity Involved In Apoptotic Process (GO:0043281),3/84,0.0001357177942396186,0.0098259683029483,0,0,35.08818342151675,312.4579179152481,RPS6KA3;RPS6KA1;CASP1
Reactome_2022,G Alpha (Q) Signaling Events R-HSA-416476,3/212,0.002016499961177,0.0107151272446858,0,0,13.51127819548872,83.85628840103446,RPS6KA3;RPS6KA1;PRKCA
Reactome_2022,Generic Transcription Pathway R-HSA-212436,6/1190,0.002332243456033,0.0121545764727877,0,0,5.29054054054054,32.065567404621014,JUN;RRM2;ATAD2;NOP2;CASP1;PRKCA
Reactome_2022,Nuclear Events (Kinase And Transcription Factor Activation) R-HSA-198725,2/61,0.002418659096373,0.0123671059456055,0,0,30.688751926040062,184.8856744391506,RPS6KA3;RPS6KA1
Reactome_2022,Mitotic Metaphase And Anaphase R-HSA-2555396,3/233,0.002636657543863,0.0129915308070344,0,0,12.264596273291923,72.83015598298657,TUBB8;TUBB4B;TUBB4A
Reactome_2022,Mitotic Anaphase R-HSA-68882,3/232,0.0026047537477797,0.0129915308070344,0,0,12.31877729257642,73.30186353139706,TUBB8;TUBB4B;TUBB4A
GO_Biological_Process_2023,Negative Regulation Of Apoptotic Process (GO:0043066),5/482,0.0002316402638211001,0.0139756292505397,0,0,10.757475449630364,90.04356544206422,RPS6KA3;STIL;TFRC;RPS6KA1;PRKCA
Reactome_2022,Transmission Across Chemical Synapses R-HSA-112315,3/246,0.0030736609529192,0.0145265816854507,0,0,11.60082304526749,67.10943806934256,RPS6KA3;RPS6KA1;PRKCA
Reactome_2022,Leishmania Infection R-HSA-9658195,3/247,0.0031090101024212,0.0145265816854507,0,0,11.552693208430911,66.69890698429906,JUN;CASP1;PRKCA
Reactome_2022,Glycolysis R-HSA-70171,2/69,0.0030825624075389,0.0145265816854507,0,0,27.013568521031207,156.1922931973931,PGK1;PRKCA
GO_Molecular_Function_2023,GTP Binding (GO:0005525),3/201,0.0017321782940624,0.0160845127305798,0,0,14.26984126984127,90.73300958988632,TUBB8;TUBB4B;TUBB4A
GO_Biological_Process_2023,Natural Killer Cell Mediated Immunity (GO:0002228),2/22,0.000314144742212557,0.0162457709544208,0,0,90.7090909090909,731.6283882755846,CD2;TUBB4B
GO_Biological_Process_2023,Natural Killer Cell Mediated Cytotoxicity (GO:0042267),2/24,0.0003747925243021608,0.0169593617246727,0,0,82.45454545454545,650.4952839948423,CD2;TUBB4B
Reactome_2022,RNA Polymerase II Transcription R-HSA-73857,6/1312,0.0038053057680386,0.0174786078498046,0,0,4.765186319550791,26.548563361024005,JUN;RRM2;ATAD2;NOP2;CASP1;PRKCA
GO_Biological_Process_2023,Integrated Stress Response Signaling (GO:0140467),2/29,0.0005493106201692561,0.0189511835708304,0,0,67.16835016835017,504.2224932837275,JUN;GCN1
GO_Biological_Process_2023,Glycolytic Process (GO:0006096),2/29,0.0005493106201692561,0.0189511835708304,0,0,67.16835016835017,504.2224932837275,PGK1;PGK2
GO_Biological_Process_2023,Positive Regulation Of Cellular Process (GO:0048522),5/594,0.0006043728391543634,0.0189511835708304,0,0,8.661871146456974,64.19589251689423,RPS6KA3;NOP2;RPS6KA1;PRKCA;TTK
GO_Biological_Process_2023,Positive Regulation Of G1/S Transition Of Mitotic Cell Cycle (GO:1900087),2/31,0.000628216029972281,0.0189511835708304,0,0,62.529780564263326,461.00871434329,STIL;RRM2
Reactome_2022,Organelle Biogenesis And Maintenance R-HSA-1852241,3/275,0.0042026717132387,0.0189820672381285,0,0,10.34873949579832,56.628663006237566,PRKCA;TUBB4B;TUBB4A
GO_Molecular_Function_2023,Guanyl Ribonucleotide Binding (GO:0032561),3/226,0.0024183777715691,0.0196493193939996,0,0,12.65406790518898,76.236435308675,TUBB8;TUBB4B;TUBB4A
GO_Molecular_Function_2023,Double-Stranded RNA Binding (GO:0003725),2/65,0.0027410497923989,0.0197964707228809,0,0,28.734487734487736,169.5166477304521,TFRC;TUBB4B
Reactome_2022,Glucose Metabolism R-HSA-70326,2/89,0.0050708641872874,0.0216063148943929,0,0,20.782654127481713,109.82061589185456,PGK1;PRKCA
Reactome_2022,MAPK6/MAPK4 Signaling R-HSA-5687128,2/90,0.0051823264506846,0.0216063148943929,0,0,20.545454545454547,108.1204792366108,JUN;PRKCA
Reactome_2022,Regulation Of mRNA Stability By Proteins That Bind AU-rich Elements R-HSA-450531,2/88,0.004960532410626,0.0216063148943929,0,0,21.02536997885835,111.56570551874316,KHSRP;PRKCA
Reactome_2022,Infectious Disease R-HSA-5663205,5/961,0.0050209014300019,0.0216063148943929,0,0,5.235630918299934,27.71819340332291,JUN;CASP1;PGK1;PSIP1;PRKCA
Reactome_2022,Chaperonin-mediated Protein Folding R-HSA-390466,2/90,0.0051823264506846,0.0216063148943929,0,0,20.545454545454547,108.1204792366108,TUBB4B;TUBB4A
KEGG_2021_Human,Lipid and atherosclerosis,3/215,0.0020987902961872,0.0219565754062666,0,0,13.318059299191376,82.12440294746015,JUN;CASP1;PRKCA
KEGG_2021_Human,Pathways of neurodegeneration,4/475,0.0022889973220691,0.0222359739858145,0,0,8.282377919320595,50.35388775438844,TUBB8;PRKCA;TUBB4B;TUBB4A
GO_Biological_Process_2023,Peptidyl-Serine Modification (GO:0018209),3/166,0.0009997567321736792,0.023418048077196,0,0,17.364592462751972,119.95458001250672,RPS6KA3;PRKCA;TTK
GO_Biological_Process_2023,Negative Regulation Of Programmed Cell Death (GO:0043069),4/381,0.0010185262119861,0.023418048077196,0,0,10.3973474801061,71.63147103545508,RPS6KA3;STIL;TFRC;RPS6KA1
GO_Biological_Process_2023,Positive Regulation Of Cell Cycle G1/S Phase Transition (GO:1902808),2/40,0.0010468624608583,0.023418048077196,0,0,47.698564593301434,327.30553357779627,STIL;RRM2
GO_Biological_Process_2023,Carbohydrate Catabolic Process (GO:0016052),2/41,0.0010997425892605,0.023418048077196,0,0,46.47319347319347,316.60695557324226,PGK1;PGK2
GO_Biological_Process_2023,Peptidyl-Serine Phosphorylation (GO:0018105),3/158,0.0008667042398670053,0.023418048077196,0,0,18.26820276497696,128.80567733787137,RPS6KA3;PRKCA;TTK
Reactome_2022,Disinhibition Of SNARE Formation R-HSA-114516,1/5,0.005986138987596,0.0235107777628771,0,0,217.08695652173913,1111.118047594182,PRKCA
Reactome_2022,PKA-mediated Phosphorylation Of Key Metabolic Factors R-HSA-163358,1/5,0.005986138987596,0.0235107777628771,0,0,217.08695652173913,1111.118047594182,PRKCA
Reactome_2022,Protein Folding R-HSA-391251,2/96,0.0058746927635266,0.0235107777628771,0,0,19.22823984526112,98.77742005697412,TUBB4B;TUBB4A
Reactome_2022,TFAP2A Acts As A Transcriptional Repressor During Retinoic Acid Induced Cell Differentiation R-HSA-8869496,1/5,0.005986138987596,0.0235107777628771,0,0,217.08695652173913,1111.118047594182,NOP2
KEGG_2021_Human,Coronavirus disease,3/232,0.0026047537477797,0.0236164339798694,0,0,12.31877729257642,73.30186353139706,JUN;CASP1;PRKCA
Reactome_2022,Gene Expression (Transcription) R-HSA-74160,6/1449,0.0061961648497514,0.023801909692659,0,0,4.281127281127281,21.764500833748414,JUN;RRM2;ATAD2;NOP2;CASP1;PRKCA
Reactome_2022,L1CAM Interactions R-HSA-373760,2/99,0.0062359246796265,0.023801909692659,0,0,18.63074039362699,94.59625050266868,RPS6KA3;RPS6KA1
KEGG_2021_Human,Glycolysis / Gluconeogenesis,2/67,0.0029094268308419,0.0240301500300107,0,0,27.84755244755245,162.62411401910555,PGK1;PGK2
KEGG_2021_Human,Amphetamine addiction,2/69,0.0030825624075389,0.0240301500300107,0,0,27.013568521031207,156.1922931973931,JUN;PRKCA
KEGG_2021_Human,Parkinson disease,3/249,0.0031804610333837,0.0240301500300107,0,0,11.45760743321719,65.88959663894033,TUBB8;TUBB4B;TUBB4A
GO_Biological_Process_2023,Regulation Of Apoptotic Process (GO:0042981),5/705,0.0013056746990681,0.0250326690570084,0,0,7.246616541353384,48.125036698962134,RPS6KA3;JUN;STIL;TFRC;RPS6KA1
GO_Biological_Process_2023,Phosphate-Containing Compound Metabolic Process (GO:0006796),3/184,0.0013447911871463,0.0250326690570084,0,0,15.623520126282555,103.29516155879016,KHSRP;PGK1;PGK2
GO_Biological_Process_2023,Regulation Of mRNA Catabolic Process (GO:0061013),2/46,0.0013830203898899,0.0250326690570084,0,0,41.18181818181818,271.11990217079807,KHSRP;PRKCA
GO_Biological_Process_2023,Pyruvate Metabolic Process (GO:0006090),2/50,0.0016321249773357,0.0256882279041543,0,0,37.74242424242424,242.22606459531664,PGK1;PGK2
GO_Biological_Process_2023,Phosphorylation (GO:0016310),4/429,0.0015781309869448,0.0256882279041543,0,0,9.200470588235294,59.35696528317364,RPS6KA1;PGK1;PRKCA;PGK2
GO_Biological_Process_2023,Negative Regulation Of Cysteine-Type Endopeptidase Activity Involved In Apoptotic Process (GO:0043154),2/49,0.0015679866104777,0.0256882279041543,0,0,38.54738878143134,248.93760650075663,RPS6KA3;RPS6KA1
GO_Biological_Process_2023,Regulation Of Translation (GO:0006417),3/202,0.0017569107108583,0.0265000698887804,0,0,14.197415649676955,90.07122008935427,RPS6KA3;RPS6KA1;GCN1
GO_Biological_Process_2023,Negative Regulation Of Cysteine-Type Endopeptidase Activity (GO:2000117),2/53,0.0018319495647649,0.0265266296977961,0,0,35.51693404634581,223.84102098830968,RPS6KA3;RPS6KA1
KEGG_2021_Human,Pertussis,2/76,0.0037256955134565,0.0266681363068472,0,0,24.44963144963145,136.7346061691144,JUN;CASP1
Reactome_2022,APOBEC3G Mediated Resistance To HIV-1 R-HSA-180689,1/6,0.0071792448741713,0.0270218800125058,0,0,173.66086956521738,857.2874884567655,PSIP1
KEGG_2021_Human,Prion disease,3/273,0.0041177692137243,0.0280008306533255,0,0,10.426455026455027,57.26671738227323,TUBB8;TUBB4B;TUBB4A
GO_Biological_Process_2023,Pattern Recognition Receptor Signaling Pathway (GO:0002221),2/56,0.002042829528928,0.0284424726719977,0,0,33.53872053872054,207.71936270973217,RPS6KA3;CASP1
KEGG_2021_Human,ErbB signaling pathway,2/85,0.0046363464554137,0.0300258627588702,0,0,21.788608981380065,117.0882506378019,JUN;PRKCA
GO_Cellular_Component_2023,HFE-transferrin Receptor Complex (GO:1990712),1/7,0.0083709789916443,0.0301355243699195,0,0,144.71014492753622,692.1463710595567,TFRC
GO_Biological_Process_2023,Microtubule Cytoskeleton Organization Involved In Mitosis (GO:1902850),2/59,0.0022646895003579,0.0303636147825763,0,0,31.768740031897927,193.48171703466315,STIL;TTK
Reactome_2022,Signaling By NTRK1 (TRKA) R-HSA-187037,2/114,0.008189768331845,0.0304031125743835,0,0,16.123376623376622,77.47072328706658,RPS6KA3;RPS6KA1
GO_Biological_Process_2023,Regulation Of Cell Growth (GO:0001558),3/227,0.0024488428639861,0.0305683143711375,0,0,12.596938775510203,75.73455528756153,RPS6KA3;TFRC;RPS6KA1
GO_Biological_Process_2023,Positive Regulation Of Organelle Assembly (GO:1902117),2/61,0.002418659096373,0.0305683143711375,0,0,30.688751926040062,184.8856744391506,STIL;RAB3GAP2
Reactome_2022,HDL Assembly R-HSA-8963896,1/7,0.0083709789916443,0.0306558825234541,0,0,144.71014492753622,692.1463710595567,PRKCA
GO_Biological_Process_2023,Positive Regulation Of Developmental Process (GO:0051094),3/233,0.002636657543863,0.0307893558347881,0,0,12.264596273291923,72.83015598298657,RPS6KA3;TFRC;RPS6KA1
GO_Biological_Process_2023,Positive Regulation Of Mitotic Cell Cycle Phase Transition (GO:1901992),2/63,0.002577453215505,0.0307893558347881,0,0,29.6795827123696,176.9186122505105,STIL;RRM2
GO_Biological_Process_2023,Protein Phosphorylation (GO:0006468),4/500,0.0027562017640149,0.0311795324554195,0,0,7.854838709677419,46.29564737741307,RPS6KA3;RPS6KA1;PRKCA;TTK
KEGG_2021_Human,Progesterone-mediated oocyte maturation,2/100,0.0063585473607634,0.0320282385579195,0,0,18.43970315398887,93.26719485343038,RPS6KA3;RPS6KA1
KEGG_2021_Human,Hematopoietic cell lineage,2/99,0.0062359246796265,0.0320282385579195,0,0,18.63074039362699,94.59625050266868,CD2;TFRC
KEGG_2021_Human,Choline metabolism in cancer,2/98,0.0061144062849993,0.0320282385579195,0,0,18.825757575757574,95.95691213064543,JUN;PRKCA
KEGG_2021_Human,Huntington disease,3/306,0.0056573445896661,0.0320282385579195,0,0,9.275341819896274,47.99804488435312,TUBB8;TUBB4B;TUBB4A
KEGG_2021_Human,GnRH signaling pathway,2/93,0.0055234697934864,0.0320282385579195,0,0,19.865134865134863,103.27385061876376,JUN;PRKCA
KEGG_2021_Human,AGE-RAGE signaling pathway in diabetic complications,2/100,0.0063585473607634,0.0320282385579195,0,0,18.43970315398887,93.26719485343038,JUN;PRKCA
KEGG_2021_Human,C-type lectin receptor signaling pathway,2/104,0.006860029074594,0.0333201412194569,0,0,17.71301247771836,88.24700043316875,JUN;CASP1
Reactome_2022,2-LTR Circle Formation R-HSA-164843,1/8,0.0095613427178271,0.0336509594354696,0,0,124.03105590062113,576.7477724354015,PSIP1
Reactome_2022,ROBO Receptors Bind AKAP5 R-HSA-9010642,1/8,0.0095613427178271,0.0336509594354696,0,0,124.03105590062113,576.7477724354015,PRKCA
Reactome_2022,EGFR Transactivation By Gastrin R-HSA-2179392,1/8,0.0095613427178271,0.0336509594354696,0,0,124.03105590062113,576.7477724354015,PRKCA
KEGG_2021_Human,Insulin resistance,2/108,0.0073789723758302,0.0346048359694107,0,0,17.041166380789022,83.65714594713813,RPS6KA3;RPS6KA1
Reactome_2022,Neuronal System R-HSA-112316,3/386,0.0106872953689665,0.0367550173129465,0,0,7.308093994778068,33.16924322995538,RPS6KA3;RPS6KA1;PRKCA
Reactome_2022,Signaling By NTRKs R-HSA-166520,2/132,0.0108501896126779,0.0367550173129465,0,0,13.878321678321678,62.779597389593135,RPS6KA3;RPS6KA1
Reactome_2022,Interleukin-1 Processing R-HSA-448706,1/9,0.0107503374648081,0.0367550173129465,0,0,108.52173913043478,491.9093069362491,CASP1
Reactome_2022,Integration Of Provirus R-HSA-162592,1/10,0.0119379646683197,0.0385141479180317,0,0,96.45893719806764,427.1232267263204,PSIP1
Reactome_2022,HuR (ELAVL1) Binds And Stabilizes mRNA R-HSA-450520,1/10,0.0119379646683197,0.0385141479180317,0,0,96.45893719806764,427.1232267263204,PRKCA
Reactome_2022,Activation Of AP-1 Family Of Transcription Factors R-HSA-450341,1/10,0.0119379646683197,0.0385141479180317,0,0,96.45893719806764,427.1232267263204,JUN
Reactome_2022,Acetylcholine Regulates Insulin Secretion R-HSA-399997,1/10,0.0119379646683197,0.0385141479180317,0,0,96.45893719806764,427.1232267263204,PRKCA
GO_Biological_Process_2023,Regulation Of mRNA Stability (GO:0043488),2/74,0.0035360767017658,0.0387896898799768,0,0,25.13131313131313,141.85966421820362,KHSRP;PRKCA
GO_Molecular_Function_2023,Supercoiled DNA Binding (GO:0097100),1/5,0.005986138987596,0.0388875764017612,0,0,217.08695652173913,1111.118047594182,PSIP1
GO_Molecular_Function_2023,Kinase Activity (GO:0016301),2/106,0.0071173283306092,0.0388875764017612,0,0,17.37062937062937,85.90163342914845,PGK1;PGK2
GO_Molecular_Function_2023,Sugar-Phosphatase Activity (GO:0050308),1/6,0.0071792448741713,0.0388875764017612,0,0,173.66086956521738,857.2874884567655,KHSRP
Reactome_2022,Killing Mechanisms R-HSA-9664420,1/11,0.0131242257813257,0.0418431198439914,0,0,86.80869565217391,376.1677267870623,JUN
GO_Cellular_Component_2023,Nuclear Lumen (GO:0031981),4/780,0.0130930002459121,0.0428498189866215,0,0,4.948453608247423,21.454899087610222,RPS6KA3;JUN;NOP2;CASP1
KEGG_2021_Human,Alzheimer disease,3/369,0.0094582686852382,0.0428774847064133,0,0,7.654176424668228,35.67509009631638,TUBB8;TUBB4B;TUBB4A
Reactome_2022,TP53 Regulates Transcription Of Caspase Activators And Caspases R-HSA-6803207,1/12,0.014309122256811,0.0435704733887167,0,0,78.91304347826087,335.1324919763037,CASP1
Reactome_2022,CREB1 Phosphorylation Thru Activation Of Adenylate Cyclase R-HSA-442720,1/12,0.014309122256811,0.0435704733887167,0,0,78.91304347826087,335.1324919763037,PRKCA
Reactome_2022,"Regulation Of Glycolysis By Fructose 2,6-Bisphosphate Metabolism R-HSA-9634600",1/12,0.014309122256811,0.0435704733887167,0,0,78.91304347826087,335.1324919763037,PRKCA
Reactome_2022,Disorders Of Developmental Biology R-HSA-9675151,1/12,0.014309122256811,0.0435704733887167,0,0,78.91304347826087,335.1324919763037,PRKCA
Reactome_2022,Disease R-HSA-1643685,6/1736,0.0145781261641252,0.0438963576719772,0,0,3.515606936416185,14.86480555059872,JUN;ALG2;CASP1;PGK1;PSIP1;PRKCA
KEGG_2021_Human,Oocyte meiosis,2/129,0.0103834277603468,0.0441295679814739,0,0,14.208303507516106,64.89705468059547,RPS6KA3;RPS6KA1
KEGG_2021_Human,Relaxin signaling pathway,2/129,0.0103834277603468,0.0441295679814739,0,0,14.208303507516106,64.89705468059547,JUN;PRKCA
GO_Biological_Process_2023,Positive Regulation Of Growth (GO:0045927),2/81,0.0042200861822271,0.0447062790883849,0,0,22.896432681242807,125.19539804857637,RPS6KA3;RPS6KA1
GO_Biological_Process_2023,Cellular Response To Organic Substance (GO:0071310),2/82,0.0043224302986007,0.0447062790883849,0,0,22.60909090909091,123.0824770674127,KHSRP;CASP1
Reactome_2022,TFAP2 (AP-2) Family Regulates Transcription Of Growth Factors And Their Receptors R-HSA-8866910,1/13,0.0154926555661662,0.0461374687739677,0,0,72.33333333333333,301.441152263015,ATAD2
GO_Biological_Process_2023,Negative Regulation Of Binding (GO:0051100),2/86,0.0047432708947267,0.0464071368619215,0,0,21.528138528138527,115.19767892114508,JUN;XIRP1
GO_Biological_Process_2023,Mitotic Spindle Organization (GO:0007052),2/85,0.0046363464554137,0.0464071368619215,0,0,21.788608981380065,117.0882506378019,STIL;TTK
GO_Molecular_Function_2023,cAMP Response Element Binding (GO:0035497),1/9,0.0107503374648081,0.0465847956808351,0,0,108.52173913043478,491.9093069362491,JUN
GO_Molecular_Function_2023,Histone H3 Kinase Activity (GO:0140996),1/9,0.0107503374648081,0.0465847956808351,0,0,108.52173913043478,491.9093069362491,PRKCA
GO_Molecular_Function_2023,Calcium-Dependent Protein Serine/Threonine Kinase Activity (GO:0009931),1/8,0.0095613427178271,0.0465847956808351,0,0,124.03105590062113,576.7477724354015,PRKCA
GO_Biological_Process_2023,Positive Regulation Of Cellular Component Biogenesis (GO:0044089),2/93,0.0055234697934864,0.0515948169883275,0,0,19.865134865134863,103.27385061876376,TFRC;PRKCA
GO_Biological_Process_2023,mRNA 5'-Splice Site Recognition (GO:0000395),1/5,0.005986138987596,0.0515948169883275,0,0,217.08695652173913,1111.118047594182,PSIP1
GO_Biological_Process_2023,Regulation Of Endoplasmic Reticulum Tubular Network Organization (GO:1903371),1/5,0.005986138987596,0.0515948169883275,0,0,217.08695652173913,1111.118047594182,RAB3GAP2
GO_Biological_Process_2023,Negative Regulation Of Transcription From RNA Polymerase II Promoter In Response To Stress (GO:0097201),1/5,0.005986138987596,0.0515948169883275,0,0,217.08695652173913,1111.118047594182,JUN
GO_Biological_Process_2023,Notochord Development (GO:0030903),1/5,0.005986138987596,0.0515948169883275,0,0,217.08695652173913,1111.118047594182,STIL
GO_Biological_Process_2023,Desmosome Organization (GO:0002934),1/6,0.0071792448741713,0.0519777328890002,0,0,173.66086956521738,857.2874884567655,PRKCA
GO_Biological_Process_2023,Positive Regulation Of Spindle Assembly (GO:1905832),1/6,0.0071792448741713,0.0519777328890002,0,0,173.66086956521738,857.2874884567655,STIL
GO_Biological_Process_2023,Negative Regulation Of Lipoprotein Particle Clearance (GO:0010985),1/6,0.0071792448741713,0.0519777328890002,0,0,173.66086956521738,857.2874884567655,KHSRP
GO_Biological_Process_2023,Regulation Of Glial Cell Apoptotic Process (GO:0034350),1/6,0.0071792448741713,0.0519777328890002,0,0,173.66086956521738,857.2874884567655,PRKCA
GO_Biological_Process_2023,Mitotic Nuclear Membrane Disassembly (GO:0007077),1/6,0.0071792448741713,0.0519777328890002,0,0,173.66086956521738,857.2874884567655,PRKCA
GO_Biological_Process_2023,Positive Regulation Of Lipopolysaccharide-Mediated Signaling Pathway (GO:0031666),1/6,0.0071792448741713,0.0519777328890002,0,0,173.66086956521738,857.2874884567655,PRKCA
GO_Biological_Process_2023,Positive Regulation Of Cell Growth (GO:0030307),2/106,0.0071173283306092,0.0519777328890002,0,0,17.37062937062937,85.90163342914845,RPS6KA3;RPS6KA1
GO_Biological_Process_2023,Regulation Of G1/S Transition Of Mitotic Cell Cycle (GO:2000045),2/106,0.0071173283306092,0.0519777328890002,0,0,17.37062937062937,85.90163342914845,STIL;RRM2
Reactome_2022,Depolymerisation Of Nuclear Lamina R-HSA-4419969,1/15,0.0178556385652366,0.0520309467868723,0,0,61.993788819875775,249.55202523941097,PRKCA
Reactome_2022,WNT5A-dependent Internalization Of FZD4 R-HSA-5099900,1/15,0.0178556385652366,0.0520309467868723,0,0,61.993788819875775,249.55202523941097,PRKCA
Reactome_2022,PKA Activation In Glucagon Signaling R-HSA-164378,1/16,0.0190350912060612,0.0521061587559859,0,0,57.857971014492755,229.20267994354347,PRKCA
Reactome_2022,Plasma Lipoprotein Assembly R-HSA-8963898,1/16,0.0190350912060612,0.0521061587559859,0,0,57.857971014492755,229.20267994354347,PRKCA
Reactome_2022,NLRP3 Inflammasome R-HSA-844456,1/16,0.0190350912060612,0.0521061587559859,0,0,57.857971014492755,229.20267994354347,CASP1
Reactome_2022,Regulation Of KIT Signaling R-HSA-1433559,1/16,0.0190350912060612,0.0521061587559859,0,0,57.857971014492755,229.20267994354347,PRKCA
Reactome_2022,Early Phase Of HIV Life Cycle R-HSA-162594,1/16,0.0190350912060612,0.0521061587559859,0,0,57.857971014492755,229.20267994354347,PSIP1
Reactome_2022,Rap1 Signaling R-HSA-392517,1/16,0.0190350912060612,0.0521061587559859,0,0,57.857971014492755,229.20267994354347,PRKCA
Reactome_2022,KSRP (KHSRP) Binds And Destabilizes mRNA R-HSA-450604,1/17,0.0202131865779684,0.05370366237872,0,0,54.23913043478261,211.60963296162683,KHSRP
Reactome_2022,Trafficking Of GluR2-containing AMPA Receptors R-HSA-416993,1/17,0.0202131865779684,0.05370366237872,0,0,54.23913043478261,211.60963296162683,PRKCA
Reactome_2022,PKA Activation R-HSA-163615,1/17,0.0202131865779684,0.05370366237872,0,0,54.23913043478261,211.60963296162683,PRKCA
GO_Molecular_Function_2023,Endopeptidase Activator Activity (GO:0061133),1/14,0.0166748271779813,0.0541931883284393,0,0,66.76588628762542,273.32986083800455,CASP1
GO_Molecular_Function_2023,Protein Kinase C Activity (GO:0004697),1/14,0.0166748271779813,0.0541931883284393,0,0,66.76588628762542,273.32986083800455,PRKCA
GO_Molecular_Function_2023,CARD Domain Binding (GO:0050700),1/13,0.0154926555661662,0.0541931883284393,0,0,72.33333333333333,301.441152263015,CASP1
GO_Molecular_Function_2023,MHC Class I Protein Binding (GO:0042288),1/13,0.0154926555661662,0.0541931883284393,0,0,72.33333333333333,301.441152263015,TUBB4B
GO_Molecular_Function_2023,Caspase Binding (GO:0089720),1/13,0.0154926555661662,0.0541931883284393,0,0,72.33333333333333,301.441152263015,CASP1
Reactome_2022,Signaling By Receptor Tyrosine Kinases R-HSA-9006934,3/496,0.020841588372732,0.0548356354272852,0,0,5.645609968125181,21.85305443171237,RPS6KA3;RPS6KA1;PRKCA
GO_Biological_Process_2023,Negative Regulation Of Nitric Oxide Metabolic Process (GO:1904406),1/7,0.0083709789916443,0.0550962617268225,0,0,144.71014492753622,692.1463710595567,KHSRP
GO_Biological_Process_2023,Negative Regulation Of Glial Cell Apoptotic Process (GO:0034351),1/7,0.0083709789916443,0.0550962617268225,0,0,144.71014492753622,692.1463710595567,PRKCA
GO_Biological_Process_2023,Fructose Metabolic Process (GO:0006000),1/7,0.0083709789916443,0.0550962617268225,0,0,144.71014492753622,692.1463710595567,KHSRP
GO_Biological_Process_2023,Negative Regulation Of Mitochondrial Fusion (GO:0010637),1/7,0.0083709789916443,0.0550962617268225,0,0,144.71014492753622,692.1463710595567,TFRC
GO_Biological_Process_2023,Negative Regulation Of Nitric Oxide Biosynthetic Process (GO:0045019),1/7,0.0083709789916443,0.0550962617268225,0,0,144.71014492753622,692.1463710595567,KHSRP
Reactome_2022,VEGFR2 Mediated Cell Proliferation R-HSA-5218921,1/18,0.0213899261577365,0.0557372114302557,0,0,51.0460358056266,196.26359569838613,PRKCA
GO_Biological_Process_2023,Nucleoside Diphosphate Metabolic Process (GO:0009132),1/8,0.0095613427178271,0.0558259042557004,0,0,124.03105590062113,576.7477724354015,RRM2
GO_Biological_Process_2023,Nuclear Membrane Disassembly (GO:0051081),1/8,0.0095613427178271,0.0558259042557004,0,0,124.03105590062113,576.7477724354015,PRKCA
GO_Biological_Process_2023,Positive Regulation Of Centriole Replication (GO:0046601),1/8,0.0095613427178271,0.0558259042557004,0,0,124.03105590062113,576.7477724354015,STIL
GO_Biological_Process_2023,"Fructose 1,6-Bisphosphate Metabolic Process (GO:0030388)",1/8,0.0095613427178271,0.0558259042557004,0,0,124.03105590062113,576.7477724354015,KHSRP
GO_Biological_Process_2023,Plasminogen Activation (GO:0031639),1/8,0.0095613427178271,0.0558259042557004,0,0,124.03105590062113,576.7477724354015,PGK1
GO_Biological_Process_2023,Regulation Of DNA-templated Transcription Initiation (GO:2000142),1/8,0.0095613427178271,0.0558259042557004,0,0,124.03105590062113,576.7477724354015,JUN
GO_Biological_Process_2023,Positive Regulation Of Tumor Necrosis Factor-Mediated Signaling Pathway (GO:1903265),1/8,0.0095613427178271,0.0558259042557004,0,0,124.03105590062113,576.7477724354015,CASP1
GO_Biological_Process_2023,Response To Cytokine (GO:0034097),2/125,0.0097754847712179,0.0561702458282682,0,0,14.673318551367332,67.90632196827501,KHSRP;PRKCA
Reactome_2022,PKA-mediated Phosphorylation Of CREB R-HSA-111931,1/19,0.0225653114296027,0.0582399942611651,0,0,48.207729468599034,182.7719626724847,PRKCA
GO_Molecular_Function_2023,Ubiquitin-Protein Transferase Activator Activity (GO:0097027),1/16,0.0190350912060612,0.0589181394473325,0,0,57.857971014492755,229.20267994354347,GCN1
GO_Biological_Process_2023,Regulation Of Protein Lipidation (GO:1903059),1/9,0.0107503374648081,0.0589639721554626,0,0,108.52173913043478,491.9093069362491,RAB3GAP2
GO_Biological_Process_2023,Fructose 6-Phosphate Metabolic Process (GO:0006002),1/9,0.0107503374648081,0.0589639721554626,0,0,108.52173913043478,491.9093069362491,KHSRP
GO_Biological_Process_2023,Transferrin Transport (GO:0033572),1/9,0.0107503374648081,0.0589639721554626,0,0,108.52173913043478,491.9093069362491,TFRC
Reactome_2022,Diseases Associated With N-glycosylation Of Proteins R-HSA-3781860,1/20,0.0237393438664972,0.0590216714478968,0,0,45.66819221967963,170.827422984315,ALG2
Reactome_2022,CD209 (DC-SIGN) Signaling R-HSA-5621575,1/20,0.0237393438664972,0.0590216714478968,0,0,45.66819221967963,170.827422984315,PRKCA
Reactome_2022,Syndecan Interactions R-HSA-3000170,1/20,0.0237393438664972,0.0590216714478968,0,0,45.66819221967963,170.827422984315,PRKCA
Reactome_2022,Axon Guidance R-HSA-422475,3/519,0.023458560224707,0.0590216714478968,0,0,5.387596899224806,20.217064087980663,RPS6KA3;RPS6KA1;PRKCA
Reactome_2022,SHC1 Events In ERBB2 Signaling R-HSA-1250196,1/21,0.0249120249496479,0.0592206908890752,0,0,43.38260869565217,160.18614661402282,PRKCA
Reactome_2022,Interleukin-37 Signaling R-HSA-9008059,1/21,0.0249120249496479,0.0592206908890752,0,0,43.38260869565217,160.18614661402282,CASP1
Reactome_2022,Immune System R-HSA-168256,6/1943,0.0242725899141692,0.0592206908890752,0,0,3.104284976768198,11.542996702302124,RPS6KA3;JUN;RPS6KA1;CASP1;PRKCA;TUBB4B
Reactome_2022,Deregulated CDK5 Triggers Neurodegenerative Pathways In Alzheimers Disease Models R-HSA-8862803,1/21,0.0249120249496479,0.0592206908890752,0,0,43.38260869565217,160.18614661402282,JUN
Reactome_2022,Inflammasomes R-HSA-622312,1/21,0.0249120249496479,0.0592206908890752,0,0,43.38260869565217,160.18614661402282,CASP1
KEGG_2021_Human,Oxytocin signaling pathway,2/154,0.0145495707624935,0.0599618673848217,0,0,11.85645933014354,50.15512059015245,JUN;PRKCA
GO_Biological_Process_2023,Positive Regulation Of Bone Resorption (GO:0045780),1/10,0.0119379646683197,0.0608668057736868,0,0,96.45893719806764,427.1232267263204,PRKCA
GO_Biological_Process_2023,Regulation Of Low-Density Lipoprotein Particle Clearance (GO:0010988),1/10,0.0119379646683197,0.0608668057736868,0,0,96.45893719806764,427.1232267263204,KHSRP
GO_Biological_Process_2023,rRNA Base Methylation (GO:0070475),1/10,0.0119379646683197,0.0608668057736868,0,0,96.45893719806764,427.1232267263204,NOP2
GO_Biological_Process_2023,Positive Regulation Of Macrophage Differentiation (GO:0045651),1/10,0.0119379646683197,0.0608668057736868,0,0,96.45893719806764,427.1232267263204,PRKCA
GO_Biological_Process_2023,Protein Localization To Condensed Chromosome (GO:1903083),1/10,0.0119379646683197,0.0608668057736868,0,0,96.45893719806764,427.1232267263204,TTK
Reactome_2022,Response Of Mtb To Phagocytosis R-HSA-9637690,1/22,0.0260833561592032,0.0614659958186441,0,0,41.31469979296066,150.65231192236567,PGK1
GO_Biological_Process_2023,Regulation Of Cell Population Proliferation (GO:0042127),4/766,0.0123139608638298,0.061911858787589,0,0,5.043044619422572,22.17437627610143,JUN;TFRC;NOP2;TTK
Reactome_2022,Nervous System Development R-HSA-9675108,3/545,0.0266251772528714,0.0622019227200704,0,0,5.122298365840801,18.57293138775999,RPS6KA3;RPS6KA1;PRKCA
GO_Biological_Process_2023,Regulation Of Mitochondrial Fusion (GO:0010635),1/11,0.0131242257813257,0.0625127596426304,0,0,86.80869565217391,376.1677267870623,TFRC
GO_Biological_Process_2023,Protein Localization To Kinetochore (GO:0034501),1/11,0.0131242257813257,0.0625127596426304,0,0,86.80869565217391,376.1677267870623,TTK
GO_Biological_Process_2023,Regulation Of Homotypic Cell-Cell Adhesion (GO:0034110),1/11,0.0131242257813257,0.0625127596426304,0,0,86.80869565217391,376.1677267870623,PRKCA
GO_Biological_Process_2023,Negative Regulation Of Microtubule Polymerization (GO:0031115),1/11,0.0131242257813257,0.0625127596426304,0,0,86.80869565217391,376.1677267870623,TUBB4A
Reactome_2022,Triglyceride Catabolism R-HSA-163560,1/23,0.0272533389718204,0.0631252552253276,0,0,39.43478260869565,142.06692893534887,PRKCA
KEGG_2021_Human,Hepatitis B,2/162,0.016012250186845,0.0640490007473803,0,0,11.25909090909091,46.54959911198913,JUN;PRKCA
Reactome_2022,RHO GTPases Activate NADPH Oxidases R-HSA-5668599,1/24,0.0284219748654964,0.0641862932379127,0,0,37.71833648393195,134.2996324147713,PRKCA
Reactome_2022,DARPP-32 Events R-HSA-180024,1/24,0.0284219748654964,0.0641862932379127,0,0,37.71833648393195,134.2996324147713,PRKCA
Reactome_2022,Defective Intrinsic Pathway For Apoptosis R-HSA-9734009,1/24,0.0284219748654964,0.0641862932379127,0,0,37.71833648393195,134.2996324147713,JUN
KEGG_2021_Human,Wnt signaling pathway,2/166,0.0167664329236634,0.0651495679319494,0,0,10.982261640798226,44.89961965764408,JUN;PRKCA
GO_Biological_Process_2023,Negative Regulation By Host Of Viral Transcription (GO:0043922),1/12,0.014309122256811,0.0655683829995644,0,0,78.91304347826087,335.1324919763037,JUN
GO_Biological_Process_2023,Positive Regulation Of mRNA Metabolic Process (GO:1903313),1/12,0.014309122256811,0.0655683829995644,0,0,78.91304347826087,335.1324919763037,KHSRP
GO_Biological_Process_2023,Cellular Response To Leucine Starvation (GO:1990253),1/12,0.014309122256811,0.0655683829995644,0,0,78.91304347826087,335.1324919763037,GCN1
GO_Biological_Process_2023,Epithelium Development (GO:0060429),2/154,0.0145495707624935,0.0658260986777008,0,0,11.85645933014354,50.15512059015245,STIL;PGK1
GO_Biological_Process_2023,Positive Regulation Of Response To External Stimulus (GO:0032103),2/155,0.0147290441792645,0.0658260986777008,0,0,11.778371954842545,49.6803948263265,CASP1;PRKCA
Reactome_2022,Cell Recruitment (Pro-Inflammatory Response) R-HSA-9664424,1/25,0.0295892653137072,0.0662701727273939,0,0,36.14492753623188,127.2425658336615,CASP1
GO_Molecular_Function_2023,R-SMAD Binding (GO:0070412),1/19,0.0225653114296027,0.0666702383147353,0,0,48.207729468599034,182.7719626724847,JUN
GO_Molecular_Function_2023,Cysteine-Type Endopeptidase Activator Activity Involved In Apoptotic Process (GO:0008656),1/20,0.0237393438664972,0.0670894500574922,0,0,45.66819221967963,170.827422984315,CASP1
KEGG_2021_Human,Influenza A,2/172,0.0179258396615253,0.0677198387213179,0,0,10.59144385026738,42.59361907659191,CASP1;PRKCA
Reactome_2022,Infection With Mycobacterium Tuberculosis R-HSA-9635486,1/26,0.0307552117947077,0.0677614828972828,0,0,34.697391304347825,120.8057619164666,PGK1
Reactome_2022,Pyroptosis R-HSA-5620971,1/26,0.0307552117947077,0.0677614828972828,0,0,34.697391304347825,120.8057619164666,CASP1
GO_Biological_Process_2023,Response To Lipopolysaccharide (GO:0032496),2/159,0.0154565657932863,0.0682350831362151,0,0,11.475969889982627,47.85159718407026,RPS6KA3;CASP1
Reactome_2022,ATF4 Activates Genes In Response To Endoplasmic Reticulum Stress R-HSA-380994,1/27,0.0319198157870248,0.0697602425668043,0,0,33.36120401337793,114.91361059553886,KHSRP
GO_Molecular_Function_2023,Peptidase Activator Activity Involved In Apoptotic Process (GO:0016505),1/22,0.0260833561592032,0.0706424229311754,0,0,41.31469979296066,150.65231192236567,CASP1
GO_Molecular_Function_2023,mRNA 3'-UTR AU-rich Region Binding (GO:0035925),1/23,0.0272533389718204,0.0708586813267331,0,0,39.43478260869565,142.06692893534887,KHSRP
GO_Biological_Process_2023,Positive Regulation By Host Of Viral Transcription (GO:0043923),1/16,0.0190350912060612,0.0710405198177142,0,0,57.857971014492755,229.20267994354347,JUN
GO_Biological_Process_2023,Positive Regulation Of Autophagosome Assembly (GO:2000786),1/16,0.0190350912060612,0.0710405198177142,0,0,57.857971014492755,229.20267994354347,RAB3GAP2
GO_Biological_Process_2023,Innate Immune Response-Activating Signaling Pathway (GO:0002758),1/16,0.0190350912060612,0.0710405198177142,0,0,57.857971014492755,229.20267994354347,CASP1
GO_Biological_Process_2023,Neural Tube Development (GO:0021915),1/17,0.0202131865779684,0.0710405198177142,0,0,54.23913043478261,211.60963296162683,STIL
GO_Biological_Process_2023,Carboxylic Acid Biosynthetic Process (GO:0046394),1/17,0.0202131865779684,0.0710405198177142,0,0,54.23913043478261,211.60963296162683,CASP1
GO_Biological_Process_2023,Positive Regulation Of Muscle Hypertrophy (GO:0014742),1/16,0.0190350912060612,0.0710405198177142,0,0,57.857971014492755,229.20267994354347,PRKCA
GO_Biological_Process_2023,Protein Localization To Centrosome (GO:0071539),1/17,0.0202131865779684,0.0710405198177142,0,0,54.23913043478261,211.60963296162683,STIL
GO_Biological_Process_2023,"mRNA Cis Splicing, Via Spliceosome (GO:0045292)",1/17,0.0202131865779684,0.0710405198177142,0,0,54.23913043478261,211.60963296162683,PSIP1
GO_Biological_Process_2023,Positive Regulation Of I-kappaB kinase/NF-kappaB Signaling (GO:0043123),2/175,0.0185180670142361,0.0710405198177142,0,0,10.406200735680503,41.51042243905451,TFRC;CASP1
GO_Biological_Process_2023,Positive Regulation Of Immunoglobulin Mediated Immune Response (GO:0002891),1/15,0.0178556385652366,0.0710405198177142,0,0,61.993788819875775,249.55202523941097,TFRC
GO_Biological_Process_2023,Regulation Of Isotype Switching (GO:0045191),1/15,0.0178556385652366,0.0710405198177142,0,0,61.993788819875775,249.55202523941097,TFRC
GO_Biological_Process_2023,miRNA Metabolic Process (GO:0010586),1/15,0.0178556385652366,0.0710405198177142,0,0,61.993788819875775,249.55202523941097,KHSRP
GO_Biological_Process_2023,Protein Localization To Microtubule Organizing Center (GO:1905508),1/15,0.0178556385652366,0.0710405198177142,0,0,61.993788819875775,249.55202523941097,STIL
GO_Biological_Process_2023,Positive Regulation Of Isotype Switching (GO:0045830),1/15,0.0178556385652366,0.0710405198177142,0,0,61.993788819875775,249.55202523941097,TFRC
GO_Biological_Process_2023,ncRNA Metabolic Process (GO:0034660),1/17,0.0202131865779684,0.0710405198177142,0,0,54.23913043478261,211.60963296162683,KHSRP
GO_Biological_Process_2023,3'-UTR-mediated mRNA Destabilization (GO:0061158),1/15,0.0178556385652366,0.0710405198177142,0,0,61.993788819875775,249.55202523941097,KHSRP
GO_Biological_Process_2023,Regulation Of Macrophage Differentiation (GO:0045649),1/14,0.0166748271779813,0.0710405198177142,0,0,66.76588628762542,273.32986083800455,PRKCA
GO_Biological_Process_2023,Positive Regulation Of Cell Activation (GO:0050867),1/15,0.0178556385652366,0.0710405198177142,0,0,61.993788819875775,249.55202523941097,RPS6KA1
GO_Biological_Process_2023,Positive Regulation Of Cardiac Muscle Hypertrophy (GO:0010613),1/17,0.0202131865779684,0.0710405198177142,0,0,54.23913043478261,211.60963296162683,PRKCA
GO_Biological_Process_2023,Establishment Of Protein Localization To Endoplasmic Reticulum (GO:0072599),1/16,0.0190350912060612,0.0710405198177142,0,0,57.857971014492755,229.20267994354347,RAB3GAP2
GO_Biological_Process_2023,Embryonic Axis Specification (GO:0000578),1/17,0.0202131865779684,0.0710405198177142,0,0,54.23913043478261,211.60963296162683,STIL
Reactome_2022,Interconversion Of Nucleotide Di- And Triphosphates R-HSA-499943,1/28,0.0330830787572745,0.0717241147457712,0,0,32.12399355877617,109.5021279575476,RRM2
GO_Biological_Process_2023,Protein Autoprocessing (GO:0016540),1/18,0.0213899261577365,0.0723659184028095,0,0,51.0460358056266,196.26359569838613,CASP1
GO_Biological_Process_2023,"Protein Localization To Chromosome, Centromeric Region (GO:0071459)",1/18,0.0213899261577365,0.0723659184028095,0,0,51.0460358056266,196.26359569838613,TTK
GO_Biological_Process_2023,Positive Regulation Of G Protein-Coupled Receptor Signaling Pathway (GO:0045745),1/18,0.0213899261577365,0.0723659184028095,0,0,51.0460358056266,196.26359569838613,PRKCA
GO_Biological_Process_2023,Icosanoid Biosynthetic Process (GO:0046456),1/18,0.0213899261577365,0.0723659184028095,0,0,51.0460358056266,196.26359569838613,CASP1
KEGG_2021_Human,NOD-like receptor signaling pathway,2/181,0.0197272589885689,0.0725110060120373,0,0,10.054342305738954,39.47087346512294,JUN;CASP1
Reactome_2022,FCERI Mediated MAPK Activation R-HSA-2871796,1/29,0.0342450021823671,0.073073981034815,0,0,30.975155279503102,104.51682262493934,JUN
Reactome_2022,G1/S-Specific Transcription R-HSA-69205,1/29,0.0342450021823671,0.073073981034815,0,0,30.975155279503102,104.51682262493934,RRM2
GO_Biological_Process_2023,Regulation Of Cell Differentiation (GO:0045595),2/193,0.0222428712916534,0.0735913760136593,0,0,9.416944312232271,35.838382443377334,RPS6KA3;RPS6KA1
GO_Biological_Process_2023,Regulation Of Centriole Replication (GO:0046599),1/19,0.0225653114296027,0.0735913760136593,0,0,48.207729468599034,182.7719626724847,STIL
GO_Biological_Process_2023,Regulation Of Lymphocyte Differentiation (GO:0045619),1/19,0.0225653114296027,0.0735913760136593,0,0,48.207729468599034,182.7719626724847,CD2
GO_Biological_Process_2023,Nucleotide Biosynthetic Process (GO:0009165),1/19,0.0225653114296027,0.0735913760136593,0,0,48.207729468599034,182.7719626724847,RRM2
GO_Biological_Process_2023,Positive Regulation Of Vascular Associated Smooth Muscle Cell Proliferation (GO:1904707),1/20,0.0237393438664972,0.0747273259101913,0,0,45.66819221967963,170.827422984315,JUN
GO_Biological_Process_2023,Regulation Of Spindle Organization (GO:0090224),1/20,0.0237393438664972,0.0747273259101913,0,0,45.66819221967963,170.827422984315,STIL
GO_Biological_Process_2023,Maturation Of LSU-rRNA (GO:0000470),1/20,0.0237393438664972,0.0747273259101913,0,0,45.66819221967963,170.827422984315,NOP2
GO_Biological_Process_2023,Anterograde Trans-Synaptic Signaling (GO:0098916),2/199,0.0235483192651964,0.0747273259101913,0,0,9.127365020766035,34.21576082767169,RPS6KA3;RPS6KA1
GO_Biological_Process_2023,Regulation Of Angiogenesis (GO:0045765),2/205,0.0248848882219672,0.0751512752647711,0,0,8.854903716972682,32.705538694372066,PGK1;PRKCA
GO_Biological_Process_2023,Regulation Of Lipopolysaccharide-Mediated Signaling Pathway (GO:0031664),1/21,0.0249120249496479,0.0751512752647711,0,0,43.38260869565217,160.18614661402282,PRKCA
GO_Biological_Process_2023,Response To Cadmium Ion (GO:0046686),1/21,0.0249120249496479,0.0751512752647711,0,0,43.38260869565217,160.18614661402282,JUN
GO_Biological_Process_2023,Positive Regulation Of Vacuole Organization (GO:0044090),1/21,0.0249120249496479,0.0751512752647711,0,0,43.38260869565217,160.18614661402282,RAB3GAP2
GO_Biological_Process_2023,Positive Regulation Of Transcription By RNA Polymerase II (GO:0045944),4/938,0.0241506867418777,0.0751512752647711,0,0,4.077516059957174,15.18239644027601,RPS6KA3;JUN;ATAD2;RPS6KA1
Reactome_2022,"Glutamate Binding, Activation Of AMPA Receptors And Synaptic Plasticity R-HSA-399721",1/31,0.036564836271725,0.0751681265990941,0,0,28.907246376811596,95.64448851318151,PRKCA
Reactome_2022,Transferrin Endocytosis And Recycling R-HSA-917977,1/31,0.036564836271725,0.0751681265990941,0,0,28.907246376811596,95.64448851318151,TFRC
Reactome_2022,GPCR Downstream Signaling R-HSA-388396,3/619,0.036846563710095,0.0751681265990941,0,0,4.489795918367347,14.820784518295758,RPS6KA3;RPS6KA1;PRKCA
Reactome_2022,Regulation Of MECP2 Expression And Activity R-HSA-9022692,1/31,0.036564836271725,0.0751681265990941,0,0,28.907246376811596,95.64448851318151,PRKCA
Reactome_2022,Developmental Biology R-HSA-1266738,4/1073,0.0371360818374636,0.0751681265990941,0,0,3.5373246024321796,11.648997910171024,RPS6KA3;JUN;RPS6KA1;PRKCA
Reactome_2022,"Inactivation, Recovery And Regulation Of Phototransduction Cascade R-HSA-2514859",1/32,0.0377227498799882,0.0751681265990941,0,0,27.97335203366059,91.6824353057917,PRKCA
Reactome_2022,PERK Regulates Gene Expression R-HSA-381042,1/32,0.0377227498799882,0.0751681265990941,0,0,27.97335203366059,91.6824353057917,KHSRP
Reactome_2022,Glucagon Signaling In Metabolic Regulation R-HSA-163359,1/32,0.0377227498799882,0.0751681265990941,0,0,27.97335203366059,91.6824353057917,PRKCA
Reactome_2022,Gluconeogenesis R-HSA-70263,1/32,0.0377227498799882,0.0751681265990941,0,0,27.97335203366059,91.6824353057917,PGK1
Reactome_2022,NOD1/2 Signaling Pathway R-HSA-168638,1/33,0.0388793298193351,0.0758007077772648,0,0,27.097826086956523,87.994568412846,CASP1
Reactome_2022,CaM Pathway R-HSA-111997,1/33,0.0388793298193351,0.0758007077772648,0,0,27.097826086956523,87.994568412846,PRKCA
Reactome_2022,Phototransduction Cascade R-HSA-2514856,1/33,0.0388793298193351,0.0758007077772648,0,0,27.097826086956523,87.994568412846,PRKCA
KEGG_2021_Human,Neutrophil extracellular trap formation,2/189,0.0213900984141373,0.0765540364295441,0,0,9.620320855614974,36.98847086506732,CASP1;PRKCA
GO_Biological_Process_2023,Cellular Response To Cadmium Ion (GO:0071276),1/22,0.0260833561592032,0.0767656498344029,0,0,41.31469979296066,150.65231192236567,JUN
GO_Biological_Process_2023,Ribosomal Large Subunit Assembly (GO:0000027),1/22,0.0260833561592032,0.0767656498344029,0,0,41.31469979296066,150.65231192236567,NOP2
GO_Biological_Process_2023,rRNA Methylation (GO:0031167),1/22,0.0260833561592032,0.0767656498344029,0,0,41.31469979296066,150.65231192236567,NOP2
Reactome_2022,COPI-independent Golgi-to-ER Retrograde Traffic R-HSA-6811436,1/34,0.0400345775570758,0.0769458901983514,0,0,26.27536231884058,84.55442492330164,RAB3GAP2
Reactome_2022,Transcriptional Regulation By E2F6 R-HSA-8953750,1/34,0.0400345775570758,0.0769458901983514,0,0,26.27536231884058,84.55442492330164,RRM2
Reactome_2022,Ca-dependent Events R-HSA-111996,1/35,0.0411884945546998,0.0780565176526129,0,0,25.501278772378516,81.33878492786673,PRKCA
Reactome_2022,Vpr-mediated Nuclear Import Of PICs R-HSA-180910,1/35,0.0411884945546998,0.0780565176526129,0,0,25.501278772378516,81.33878492786673,PSIP1
GO_Biological_Process_2023,Regulation Of Cardiac Muscle Hypertrophy (GO:0010611),1/23,0.0272533389718204,0.0789256696623919,0,0,39.43478260869565,142.06692893534887,PRKCA
GO_Biological_Process_2023,Rescue Of Stalled Ribosome (GO:0072344),1/23,0.0272533389718204,0.0789256696623919,0,0,39.43478260869565,142.06692893534887,GCN1
Reactome_2022,RHOH GTPase Cycle R-HSA-9013407,1/36,0.0423410822826446,0.0796835645735881,0,0,24.771428571428572,78.32719402267635,TFRC
GO_Biological_Process_2023,Positive Regulation Of Nucleic Acid-Templated Transcription (GO:1903508),3/557,0.0281613093791281,0.080380897666482,0,0,5.008251676121712,17.878488139674616,JUN;ATAD2;RPS6KA1
GO_Biological_Process_2023,"RNA Splicing, Via Transesterification Reactions (GO:0000375)",1/24,0.0284219748654964,0.080380897666482,0,0,37.71833648393195,134.2996324147713,KHSRP
GO_Biological_Process_2023,Iron Ion Transport (GO:0006826),1/24,0.0284219748654964,0.080380897666482,0,0,37.71833648393195,134.2996324147713,TFRC
Reactome_2022,Triglyceride Metabolism R-HSA-8979227,1/37,0.0434923421950774,0.081285687826662,0,0,24.082125603864736,75.50156731119475,PRKCA
GO_Biological_Process_2023,Positive Regulation Of Protein Modification Process (GO:0031401),2/225,0.0295588269906096,0.0815571762501113,0,0,8.052588666938442,28.35616723289569,TFRC;RAB3GAP2
GO_Biological_Process_2023,Regulation Of Platelet Aggregation (GO:0090330),1/25,0.0295892653137072,0.0815571762501113,0,0,36.14492753623188,127.2425658336615,PRKCA
GO_Biological_Process_2023,mRNA Splice Site Recognition (GO:0006376),1/29,0.0342450021823671,0.0815571762501113,0,0,30.975155279503102,104.51682262493934,PSIP1
GO_Biological_Process_2023,Pyroptosis (GO:0070269),1/28,0.0330830787572745,0.0815571762501113,0,0,32.12399355877617,109.5021279575476,CASP1
GO_Biological_Process_2023,Primary Neural Tube Formation (GO:0014020),1/28,0.0330830787572745,0.0815571762501113,0,0,32.12399355877617,109.5021279575476,STIL
GO_Biological_Process_2023,Regulation Of Platelet Activation (GO:0010543),1/28,0.0330830787572745,0.0815571762501113,0,0,32.12399355877617,109.5021279575476,PRKCA
GO_Biological_Process_2023,Carbohydrate Derivative Biosynthetic Process (GO:1901137),1/29,0.0342450021823671,0.0815571762501113,0,0,30.975155279503102,104.51682262493934,RRM2
GO_Biological_Process_2023,Regulation Of Bone Resorption (GO:0045124),1/28,0.0330830787572745,0.0815571762501113,0,0,32.12399355877617,109.5021279575476,PRKCA
GO_Biological_Process_2023,Determination Of Bilateral Symmetry (GO:0009855),1/28,0.0330830787572745,0.0815571762501113,0,0,32.12399355877617,109.5021279575476,STIL
GO_Biological_Process_2023,Spindle Assembly Checkpoint Signaling (GO:0071173),1/26,0.0307552117947077,0.0815571762501113,0,0,34.697391304347825,120.8057619164666,TTK
GO_Biological_Process_2023,Cellular Response To Osmotic Stress (GO:0071470),1/28,0.0330830787572745,0.0815571762501113,0,0,32.12399355877617,109.5021279575476,CASP1
GO_Biological_Process_2023,Negative Regulation Of Mitotic Metaphase/Anaphase Transition (GO:0045841),1/28,0.0330830787572745,0.0815571762501113,0,0,32.12399355877617,109.5021279575476,TTK
GO_Biological_Process_2023,In Utero Embryonic Development (GO:0001701),1/27,0.0319198157870248,0.0815571762501113,0,0,33.36120401337793,114.91361059553886,STIL
GO_Biological_Process_2023,Positive Regulation Of Mitotic Cell Cycle (GO:0045931),1/27,0.0319198157870248,0.0815571762501113,0,0,33.36120401337793,114.91361059553886,PRKCA
GO_Biological_Process_2023,Regulation Of I-kappaB kinase/NF-kappaB Signaling (GO:0043122),2/232,0.031271965317139,0.0815571762501113,0,0,7.804743083003952,27.04369436495189,TFRC;CASP1
GO_Biological_Process_2023,Negative Regulation Of Protein Polymerization (GO:0032272),1/26,0.0307552117947077,0.0815571762501113,0,0,34.697391304347825,120.8057619164666,TUBB4A
GO_Biological_Process_2023,Mitotic Spindle Checkpoint Signaling (GO:0071174),1/26,0.0307552117947077,0.0815571762501113,0,0,34.697391304347825,120.8057619164666,TTK
GO_Biological_Process_2023,Mitotic Spindle Assembly Checkpoint Signaling (GO:0007094),1/26,0.0307552117947077,0.0815571762501113,0,0,34.697391304347825,120.8057619164666,TTK
GO_Biological_Process_2023,Cellular Response To Xenobiotic Stimulus (GO:0071466),1/26,0.0307552117947077,0.0815571762501113,0,0,34.697391304347825,120.8057619164666,TFRC
GO_Biological_Process_2023,Regulation Of Spindle Assembly (GO:0090169),1/29,0.0342450021823671,0.0815571762501113,0,0,30.975155279503102,104.51682262493934,STIL
GO_Biological_Process_2023,Tube Closure (GO:0060606),1/29,0.0342450021823671,0.0815571762501113,0,0,30.975155279503102,104.51682262493934,STIL
GO_Biological_Process_2023,Positive Regulation Of B Cell Proliferation (GO:0030890),1/29,0.0342450021823671,0.0815571762501113,0,0,30.975155279503102,104.51682262493934,TFRC
GO_Biological_Process_2023,Heterotypic Cell-Cell Adhesion (GO:0034113),1/29,0.0342450021823671,0.0815571762501113,0,0,30.975155279503102,104.51682262493934,CD2
GO_Biological_Process_2023,Negative Regulation Of DNA Binding (GO:0043392),1/29,0.0342450021823671,0.0815571762501113,0,0,30.975155279503102,104.51682262493934,JUN
Reactome_2022,Interactions Of Vpr With Host Cellular Proteins R-HSA-176033,1/38,0.0446422757586845,0.0817436265581318,0,0,23.430082256169214,72.84585913763358,PSIP1
Reactome_2022,FCGR3A-mediated IL10 Synthesis R-HSA-9664323,1/38,0.0446422757586845,0.0817436265581318,0,0,23.430082256169214,72.84585913763358,PRKCA
Reactome_2022,Metabolism Of RNA R-HSA-8953854,3/666,0.0442588314917507,0.0817436265581318,0,0,4.161387631975868,12.973959658834094,KHSRP;NOP2;PRKCA
Reactome_2022,Metabolism Of Carbohydrates R-HSA-71387,2/285,0.0454549370883823,0.0826730734963195,0,0,6.326052039832959,19.55404091259973,PGK1;PRKCA
Reactome_2022,DAG And IP3 Signaling R-HSA-1489509,1/39,0.0457908844272047,0.0827288645318165,0,0,22.812356979405035,70.34578626791965,PRKCA
KEGG_2021_Human,Focal adhesion,2/201,0.0239904078806052,0.0836588582503159,0,0,9.034719049794427,33.70041637079752,JUN;PRKCA
Reactome_2022,RET Signaling R-HSA-8853659,1/40,0.0469381696680575,0.0842400263579046,0,0,22.226309921962095,67.98859468163421,PRKCA
Reactome_2022,Vasopressin Regulates Renal Water Homeostasis Via Aquaporins R-HSA-432040,1/42,0.0492287756703269,0.0849745108704369,0,0,21.139978791092258,63.65833096505315,PRKCA
Reactome_2022,Signaling By SCF-KIT R-HSA-1433557,1/42,0.0492287756703269,0.0849745108704369,0,0,21.139978791092258,63.65833096505315,PRKCA
Reactome_2022,Non-integrin membrane-ECM Interactions R-HSA-3000171,1/41,0.0480841329275167,0.0849745108704369,0,0,21.669565217391305,65.76286224679887,PRKCA
Reactome_2022,Signaling By GPCR R-HSA-372790,3/689,0.0481424093294919,0.0849745108704369,0,0,4.017076218242399,12.186169473585014,RPS6KA3;RPS6KA1;PRKCA
Reactome_2022,Glucagon-like Peptide-1 (GLP1) Regulates Insulin Secretion R-HSA-381676,1/42,0.0492287756703269,0.0849745108704369,0,0,21.139978791092258,63.65833096505315,PRKCA
Reactome_2022,RND1 GTPase Cycle R-HSA-9696273,1/42,0.0492287756703269,0.0849745108704369,0,0,21.139978791092258,63.65833096505315,TFRC
GO_Biological_Process_2023,Toll-Like Receptor Signaling Pathway (GO:0002224),1/31,0.036564836271725,0.0853965853571901,0,0,28.907246376811596,95.64448851318151,RPS6KA3
GO_Biological_Process_2023,Negative Regulation Of Microtubule Polymerization Or Depolymerization (GO:0031111),1/31,0.036564836271725,0.0853965853571901,0,0,28.907246376811596,95.64448851318151,TUBB4A
GO_Biological_Process_2023,Regulation Of Centrosome Duplication (GO:0010824),1/31,0.036564836271725,0.0853965853571901,0,0,28.907246376811596,95.64448851318151,STIL
Reactome_2022,GPER1 Signaling R-HSA-9634597,1/43,0.0503720993417929,0.0858543328404143,0,0,20.63561076604555,61.66576382608654,PRKCA
Reactome_2022,RND2 GTPase Cycle R-HSA-9696270,1/43,0.0503720993417929,0.0858543328404143,0,0,20.63561076604555,61.66576382608654,TFRC
Reactome_2022,TP53 Regulates Transcription Of Cell Death Genes R-HSA-5633008,1/44,0.0515141054042076,0.0863607629037124,0,0,20.154701718907987,59.77682211833107,CASP1
Reactome_2022,"Interleukin-3, Interleukin-5 And GM-CSF Signaling R-HSA-512988",1/44,0.0515141054042076,0.0863607629037124,0,0,20.154701718907987,59.77682211833107,PRKCA
Reactome_2022,Intracellular Signaling By Second Messengers R-HSA-9006925,2/306,0.0516252531011122,0.0863607629037124,0,0,5.882775119617225,17.43504137618132,JUN;PRKCA
GO_Biological_Process_2023,Transition Metal Ion Transport (GO:0000041),1/32,0.0377227498799882,0.0864280725098464,0,0,27.97335203366059,91.6824353057917,TFRC
GO_Biological_Process_2023,Neural Tube Closure (GO:0001843),1/32,0.0377227498799882,0.0864280725098464,0,0,27.97335203366059,91.6824353057917,STIL
GO_Biological_Process_2023,Left/Right Pattern Formation (GO:0060972),1/32,0.0377227498799882,0.0864280725098464,0,0,27.97335203366059,91.6824353057917,STIL
GO_Molecular_Function_2023,General Transcription Initiation Factor Binding (GO:0140296),1/30,0.035405587532064,0.0885139688301602,0,0,29.90554722638681,99.91101302805887,JUN
GO_Biological_Process_2023,Smoothened Signaling Pathway (GO:0007224),1/34,0.0400345775570758,0.0900156340103195,0,0,26.27536231884058,84.55442492330164,STIL
GO_Biological_Process_2023,Positive Regulation Of Organelle Organization (GO:0010638),1/34,0.0400345775570758,0.0900156340103195,0,0,26.27536231884058,84.55442492330164,RAB3GAP2
GO_Biological_Process_2023,Positive Regulation Of Immunoglobulin Production (GO:0002639),1/34,0.0400345775570758,0.0900156340103195,0,0,26.27536231884058,84.55442492330164,TFRC
KEGG_2021_Human,Human immunodeficiency virus 1 infection,2/212,0.0264829197162943,0.0900419270354006,0,0,8.556709956709957,31.071598319277047,JUN;PRKCA
Reactome_2022,G Alpha (Z) Signaling Events R-HSA-418597,1/47,0.0549322324024034,0.0907721645186057,0,0,18.83742911153119,54.65972021027424,PRKCA
Reactome_2022,PLC Beta Mediated Events R-HSA-112043,1/47,0.0549322324024034,0.0907721645186057,0,0,18.83742911153119,54.65972021027424,PRKCA
Reactome_2022,MAPK Family Signaling Cascades R-HSA-5683057,2/318,0.0552806313299116,0.0907942490327639,0,0,5.655926352128883,16.37578839735541,JUN;PRKCA
Reactome_2022,Signaling By ERBB2 R-HSA-1227986,1/49,0.0572044222192574,0.0933879422977033,0,0,18.05072463768116,51.645362778983234,PRKCA
GO_Cellular_Component_2023,Vesicle (GO:0031982),2/235,0.0320181135658063,0.0938996929648326,0,0,7.703082325399922,26.50979953244782,TFRC;TUBB4B
GO_Cellular_Component_2023,Cytoskeleton (GO:0005856),3/599,0.0339082224595228,0.0938996929648326,0,0,4.645254074784276,15.719993832823643,TUBB8;TUBB4B;TUBB4A
GO_Biological_Process_2023,Chemical Synaptic Transmission (GO:0007268),2/273,0.0420640963855487,0.0939950795775842,0,0,6.61019792016102,20.944813478569984,RPS6KA3;RPS6KA1
Reactome_2022,Aquaporin-mediated Transport R-HSA-445717,1/50,0.0583385530130099,0.0941056420626529,0,0,17.68145519077196,50.24171555062859,PRKCA
Reactome_2022,Ion Homeostasis R-HSA-5578775,1/50,0.0583385530130099,0.0941056420626529,0,0,17.68145519077196,50.24171555062859,PRKCA
GO_Molecular_Function_2023,MHC Protein Binding (GO:0042287),1/34,0.0400345775570758,0.0963795385633307,0,0,26.27536231884058,84.55442492330164,TUBB4B
GO_Biological_Process_2023,Regulation Of Vascular Associated Smooth Muscle Cell Proliferation (GO:1904705),1/37,0.0434923421950774,0.0965903550590063,0,0,24.082125603864736,75.50156731119475,JUN
Reactome_2022,G-protein Mediated Events R-HSA-112040,1/52,0.0606028935764472,0.0971797879243621,0,0,16.986359761295823,47.619775632857134,PRKCA
Reactome_2022,"Nucleotide-binding Domain, Leucine Rich Repeat Containing NLR Signaling Pathways R-HSA-168643",1/53,0.06173310622682,0.0978343379384106,0,0,16.65886287625418,46.3938490228076,CASP1
Reactome_2022,Nuclear Envelope Breakdown R-HSA-2980766,1/53,0.06173310622682,0.0978343379384106,0,0,16.65886287625418,46.3938490228076,PRKCA
GO_Biological_Process_2023,Positive Regulation Of Cell Differentiation (GO:0045597),2/283,0.0448828300969315,0.0984702090611467,0,0,6.371724361048204,19.775920648052978,RPS6KA3;RPS6KA1
GO_Biological_Process_2023,Heart Looping (GO:0001947),1/38,0.0446422757586845,0.0984702090611467,0,0,23.430082256169214,72.84585913763358,STIL
GO_Biological_Process_2023,Negative Regulation Of Mitochondrion Organization (GO:0010823),1/39,0.0457908844272047,0.0986684533490958,0,0,22.812356979405035,70.34578626791965,TFRC
GO_Biological_Process_2023,Regulation Of Mitotic Spindle Organization (GO:0060236),1/39,0.0457908844272047,0.0986684533490958,0,0,22.812356979405035,70.34578626791965,STIL
GO_Biological_Process_2023,Regulation Of Nitric Oxide Biosynthetic Process (GO:0045428),1/39,0.0457908844272047,0.0986684533490958,0,0,22.812356979405035,70.34578626791965,KHSRP
Reactome_2022,RHOJ GTPase Cycle R-HSA-9013409,1/54,0.0628620157036355,0.0990442224167746,0,0,16.343724364232976,45.22003200693963,TFRC
GO_Biological_Process_2023,Positive Regulation Of Myeloid Leukocyte Differentiation (GO:0002763),1/40,0.0469381696680575,0.0993661837417359,0,0,22.226309921962095,67.98859468163421,PRKCA
GO_Biological_Process_2023,Regulation Of Microtubule Polymerization (GO:0031113),1/40,0.0469381696680575,0.0993661837417359,0,0,22.226309921962095,67.98859468163421,TUBB4A
GO_Biological_Process_2023,Regulation Of Autophagosome Assembly (GO:2000785),1/40,0.0469381696680575,0.0993661837417359,0,0,22.226309921962095,67.98859468163421,RAB3GAP2
GO_Biological_Process_2023,Response To Amino Acid Starvation (GO:1990928),1/41,0.0480841329275167,0.0995576357131751,0,0,21.669565217391305,65.76286224679887,GCN1
GO_Biological_Process_2023,Positive Regulation Of Response To Biotic Stimulus (GO:0002833),1/41,0.0480841329275167,0.0995576357131751,0,0,21.669565217391305,65.76286224679887,PRKCA
GO_Biological_Process_2023,Cellular Response To Amino Acid Starvation (GO:0034198),1/42,0.0492287756703269,0.0995576357131751,0,0,21.139978791092258,63.65833096505315,GCN1
GO_Biological_Process_2023,Regulation Of Amide Metabolic Process (GO:0034248),1/41,0.0480841329275167,0.0995576357131751,0,0,21.669565217391305,65.76286224679887,GCN1
GO_Biological_Process_2023,Determination Of Heart Left/Right Asymmetry (GO:0061371),1/42,0.0492287756703269,0.0995576357131751,0,0,21.139978791092258,63.65833096505315,STIL
GO_Biological_Process_2023,Embryonic Heart Tube Morphogenesis (GO:0003143),1/42,0.0492287756703269,0.0995576357131751,0,0,21.139978791092258,63.65833096505315,STIL
GO_Biological_Process_2023,Modulation By Host Of Symbiont Process (GO:0051851),1/42,0.0492287756703269,0.0995576357131751,0,0,21.139978791092258,63.65833096505315,JUN
GO_Biological_Process_2023,Translational Elongation (GO:0006414),1/42,0.0492287756703269,0.0995576357131751,0,0,21.139978791092258,63.65833096505315,GCN1
Reactome_2022,Golgi Associated Vesicle Biogenesis R-HSA-432722,1/55,0.0639896234601604,0.1002380806803669,0,0,16.0402576489533,44.09521913474902,TFRC
GO_Biological_Process_2023,Positive Regulation Of miRNA Transcription (GO:1902895),1/43,0.0503720993417929,0.1007441986835858,0,0,20.63561076604555,61.66576382608654,JUN
GO_Biological_Process_2023,mRNA Destabilization (GO:0061157),1/43,0.0503720993417929,0.1007441986835858,0,0,20.63561076604555,61.66576382608654,KHSRP
GO_Biological_Process_2023,Determination Of Left/Right Symmetry (GO:0007368),1/45,0.0526547952997809,0.1008520417911148,0,0,19.695652173913043,57.98395993375175,STIL
GO_Biological_Process_2023,Natural Killer Cell Activation (GO:0030101),1/45,0.0526547952997809,0.1008520417911148,0,0,19.695652173913043,57.98395993375175,CD2
GO_Biological_Process_2023,Zymogen Activation (GO:0031638),1/45,0.0526547952997809,0.1008520417911148,0,0,19.695652173913043,57.98395993375175,PGK1
GO_Biological_Process_2023,Hexose Metabolic Process (GO:0019318),1/45,0.0526547952997809,0.1008520417911148,0,0,19.695652173913043,57.98395993375175,KHSRP
GO_Biological_Process_2023,Positive Regulation Of Cytokine-Mediated Signaling Pathway (GO:0001961),1/44,0.0515141054042076,0.1008520417911148,0,0,20.154701718907987,59.77682211833107,CASP1
GO_Biological_Process_2023,Positive Regulation Of mRNA Catabolic Process (GO:0061014),1/45,0.0526547952997809,0.1008520417911148,0,0,19.695652173913043,57.98395993375175,KHSRP
GO_Biological_Process_2023,Regulation Of B Cell Proliferation (GO:0030888),1/44,0.0515141054042076,0.1008520417911148,0,0,20.154701718907987,59.77682211833107,TFRC
GO_Biological_Process_2023,Cellular Response To Cytokine Stimulus (GO:0071345),2/308,0.0522280849055682,0.1008520417911148,0,0,5.843731431966726,17.251483528544732,KHSRP;CASP1
GO_Molecular_Function_2023,ATP Binding (GO:0005524),2/279,0.0437469301444865,0.101555373549701,0,0,6.46504758779127,20.231292172780428,PGK1;PGK2
GO_Biological_Process_2023,Positive Regulation Of Blood Vessel Endothelial Cell Migration (GO:0043536),1/46,0.05379417048562,0.1019554435381908,0,0,19.257004830917875,56.28033307969816,PRKCA
GO_Biological_Process_2023,Protein Transport (GO:0015031),2/313,0.0537464139849289,0.1019554435381908,0,0,5.748319204910845,16.805086633845384,TFRC;RAB3GAP2
GO_Biological_Process_2023,Post-Translational Protein Modification (GO:0043687),1/48,0.0560689824984696,0.1019948324846533,0,0,18.435707678075858,53.1164542750393,PRKCA
GO_Biological_Process_2023,Cellular Response To Mechanical Stimulus (GO:0071260),1/48,0.0560689824984696,0.1019948324846533,0,0,18.435707678075858,53.1164542750393,CASP1
GO_Biological_Process_2023,Regulation Of DNA Binding (GO:0051101),1/48,0.0560689824984696,0.1019948324846533,0,0,18.435707678075858,53.1164542750393,JUN
GO_Biological_Process_2023,Regulation Of Tumor Necrosis Factor-Mediated Signaling Pathway (GO:0010803),1/48,0.0560689824984696,0.1019948324846533,0,0,18.435707678075858,53.1164542750393,CASP1
GO_Biological_Process_2023,Positive Regulation Of Cytokine Production (GO:0001819),2/320,0.0558987161638331,0.1019948324846533,0,0,5.61978273299028,16.208655280951106,CD2;CASP1
GO_Biological_Process_2023,Positive Regulation Of Smooth Muscle Cell Proliferation (GO:0048661),1/47,0.0549322324024034,0.1019948324846533,0,0,18.83742911153119,54.65972021027424,JUN
GO_Biological_Process_2023,Regulation Of T Cell Differentiation (GO:0045580),1/47,0.0549322324024034,0.1019948324846533,0,0,18.83742911153119,54.65972021027424,CD2
GO_Biological_Process_2023,Regulation Of Signal Transduction By P53 Class Mediator (GO:1901796),1/47,0.0549322324024034,0.1019948324846533,0,0,18.83742911153119,54.65972021027424,NOP2
GO_Biological_Process_2023,Positive Regulation Of Pathway-Restricted SMAD Protein Phosphorylation (GO:0010862),1/49,0.0572044222192574,0.103024879817767,0,0,18.05072463768116,51.645362778983234,TTK
GO_Biological_Process_2023,Positive Regulation Of miRNA Metabolic Process (GO:2000630),1/49,0.0572044222192574,0.103024879817767,0,0,18.05072463768116,51.645362778983234,JUN
Reactome_2022,Regulated Necrosis R-HSA-5218859,1/57,0.0662409394878685,0.1031110823906826,0,0,15.46583850931677,41.981347198326795,CASP1
Reactome_2022,Degradation Of GLI2 By Proteasome R-HSA-5610783,1/59,0.0684870657945493,0.1031110823906826,0,0,14.93103448275862,40.03175141731448,PRKCA
Reactome_2022,Degradation Of GLI1 By Proteasome R-HSA-5610780,1/59,0.0684870657945493,0.1031110823906826,0,0,14.93103448275862,40.03175141731448,PRKCA
Reactome_2022,Iron Uptake And Transport R-HSA-917937,1/59,0.0684870657945493,0.1031110823906826,0,0,14.93103448275862,40.03175141731448,TFRC
Reactome_2022,RHOQ GTPase Cycle R-HSA-9013406,1/59,0.0684870657945493,0.1031110823906826,0,0,14.93103448275862,40.03175141731448,TFRC
Reactome_2022,Transcriptional Regulation By TP53 R-HSA-3700989,2/354,0.0667757793085828,0.1031110823906826,0,0,5.068181818181818,13.716602532137204,JUN;CASP1
Reactome_2022,GLI3 Is Processed To GLI3R By Proteasome R-HSA-5610785,1/59,0.0684870657945493,0.1031110823906826,0,0,14.93103448275862,40.03175141731448,PRKCA
GO_Biological_Process_2023,Intracellular Iron Ion Homeostasis (GO:0006879),1/50,0.0583385530130099,0.103622678235634,0,0,17.68145519077196,50.24171555062859,TFRC
GO_Biological_Process_2023,Positive Regulation Of DNA-templated Transcription (GO:0045893),4/1243,0.0583951004421805,0.103622678235634,0,0,3.02453591606134,8.591264708610643,RPS6KA3;JUN;ATAD2;RPS6KA1
GO_Biological_Process_2023,Ribosome Assembly (GO:0042255),1/50,0.0583385530130099,0.103622678235634,0,0,17.68145519077196,50.24171555062859,NOP2
Reactome_2022,Transcriptional Regulation By MECP2 R-HSA-8986944,1/60,0.0696081863665755,0.1036473544249559,0,0,14.67722918201916,39.11295320546662,PRKCA
Reactome_2022,rRNA Modification In Nucleus And Cytosol R-HSA-6790901,1/60,0.0696081863665755,0.1036473544249559,0,0,14.67722918201916,39.11295320546662,NOP2
KEGG_2021_Human,Thermogenesis,2/232,0.031271965317139,0.1037313971495344,0,0,7.804743083003952,27.04369436495189,RPS6KA3;RPS6KA1
GO_Biological_Process_2023,SMAD Protein Signal Transduction (GO:0060395),1/51,0.0594713763211451,0.1040030832282828,0,0,17.32695652173913,48.901178953928365,JUN
GO_Biological_Process_2023,Positive Regulation Of DNA Recombination (GO:0045911),1/51,0.0594713763211451,0.1040030832282828,0,0,17.32695652173913,48.901178953928365,TFRC
GO_Biological_Process_2023,Receptor Internalization (GO:0031623),1/51,0.0594713763211451,0.1040030832282828,0,0,17.32695652173913,48.901178953928365,TFRC
Reactome_2022,Regulation Of PTEN Gene Transcription R-HSA-8943724,1/61,0.0707280137906396,0.1041700637894747,0,0,14.431884057971017,38.228813231706546,JUN
Reactome_2022,Ca2+ Pathway R-HSA-4086398,1/61,0.0707280137906396,0.1041700637894747,0,0,14.431884057971017,38.228813231706546,PRKCA
GO_Biological_Process_2023,Regulation Of Protein Localization To Nucleus (GO:1900180),1/52,0.0606028935764472,0.1044678451174947,0,0,16.986359761295823,47.619775632857134,TFRC
GO_Biological_Process_2023,Positive Regulation Of B Cell Activation (GO:0050871),1/52,0.0606028935764472,0.1044678451174947,0,0,16.986359761295823,47.619775632857134,TFRC
GO_Biological_Process_2023,Icosanoid Metabolic Process (GO:0006690),1/52,0.0606028935764472,0.1044678451174947,0,0,16.986359761295823,47.619775632857134,CASP1
Reactome_2022,Pre-NOTCH Transcription And Translation R-HSA-1912408,1/62,0.0718465495096426,0.1046796500920061,0,0,14.194583036350677,37.377498142539395,JUN
Reactome_2022,TP53 Regulates Transcription Of DNA Repair Genes R-HSA-6796648,1/62,0.0718465495096426,0.1046796500920061,0,0,14.194583036350677,37.377498142539395,JUN
GO_Biological_Process_2023,Regulation Of Macromolecule Biosynthetic Process (GO:0010556),1/53,0.06173310622682,0.1059117746640229,0,0,16.65886287625418,46.3938490228076,GCN1
GO_Biological_Process_2023,Negative Regulation Of TOR Signaling (GO:0032007),1/54,0.0628620157036355,0.1063366807697012,0,0,16.343724364232976,45.22003200693963,RPS6KA1
GO_Biological_Process_2023,Ribosomal Large Subunit Biogenesis (GO:0042273),1/54,0.0628620157036355,0.1063366807697012,0,0,16.343724364232976,45.22003200693963,NOP2
GO_Biological_Process_2023,Regulation Of Blood Vessel Endothelial Cell Migration (GO:0043535),1/54,0.0628620157036355,0.1063366807697012,0,0,16.343724364232976,45.22003200693963,PRKCA
GO_Biological_Process_2023,Positive Regulation Of DNA-templated Transcription Initiation (GO:2000144),1/56,0.0651159309062086,0.1096370557583606,0,0,15.747826086956522,43.01654198332297,JUN
GO_Biological_Process_2023,Positive Regulation Of Interleukin-1 Beta Production (GO:0032731),1/57,0.0662409394878685,0.1105033184083336,0,0,15.46583850931677,41.981347198326795,CASP1
GO_Biological_Process_2023,Post-Transcriptional Regulation Of Gene Expression (GO:0010608),1/57,0.0662409394878685,0.1105033184083336,0,0,15.46583850931677,41.981347198326795,GCN1
GO_Biological_Process_2023,Peptidyl-Threonine Phosphorylation (GO:0018107),1/58,0.0673646506413824,0.1113516143021938,0,0,15.193745232646837,40.98717694310057,PRKCA
GO_Biological_Process_2023,Positive Regulation Of Type II Interferon Production (GO:0032729),1/58,0.0673646506413824,0.1113516143021938,0,0,15.193745232646837,40.98717694310057,CD2
GO_Biological_Process_2023,Chordate Embryonic Development (GO:0043009),1/59,0.0684870657945493,0.1121824335639224,0,0,14.93103448275862,40.03175141731448,STIL
GO_Biological_Process_2023,Regulation Of miRNA Transcription (GO:1902893),1/59,0.0684870657945493,0.1121824335639224,0,0,14.93103448275862,40.03175141731448,JUN
KEGG_2021_Human,Shigellosis,2/246,0.0348141929420273,0.1127316723837076,0,0,7.351713859910581,24.68507115062693,JUN;CASP1
GO_Biological_Process_2023,Positive Regulation Of Interleukin-8 Production (GO:0032757),1/61,0.0707280137906396,0.114814085166868,0,0,14.431884057971017,38.228813231706546,CD2
GO_Biological_Process_2023,Regulation Of Pathway-Restricted SMAD Protein Phosphorylation (GO:0060393),1/61,0.0707280137906396,0.114814085166868,0,0,14.431884057971017,38.228813231706546,TTK
Reactome_2022,RHOB GTPase Cycle R-HSA-9013026,1/69,0.0796402508235888,0.1153631194456521,0,0,12.728900255754477,32.20711721652364,TFRC
Reactome_2022,Post-translational Protein Modification R-HSA-597592,4/1383,0.080030503526873,0.1153631194456521,0,0,2.697171863669326,6.811296015026171,TUBB8;ALG2;TUBB4B;TUBB4A
GO_Biological_Process_2023,Regulation Of T Cell Activation (GO:0050863),1/62,0.0718465495096426,0.116109155903976,0,0,14.194583036350677,37.377498142539395,CD2
Reactome_2022,"Plasma Lipoprotein Assembly, Remodeling, And Clearance R-HSA-174824",1/71,0.0818554781101707,0.1161404951196663,0,0,12.363975155279505,30.944557621408983,PRKCA
Reactome_2022,Diseases Of Programmed Cell Death R-HSA-9645723,1/71,0.0818554781101707,0.1161404951196663,0,0,12.363975155279505,30.944557621408983,JUN
Reactome_2022,trans-Golgi Network Vesicle Budding R-HSA-199992,1/71,0.0818554781101707,0.1161404951196663,0,0,12.363975155279505,30.944557621408983,TFRC
GO_Molecular_Function_2023,Adenyl Ribonucleotide Binding (GO:0032559),2/309,0.052530468717101,0.1177407057452263,0,0,5.824400355344981,17.16079142087081,PGK1;PGK2
GO_Biological_Process_2023,Positive Regulation Of Interleukin-1 Production (GO:0032732),1/64,0.0740797514672648,0.1181359913266514,0,0,13.742581090407178,35.766620798258494,CASP1
GO_Biological_Process_2023,Positive Regulation Of Macroautophagy (GO:0016239),1/64,0.0740797514672648,0.1181359913266514,0,0,13.742581090407178,35.766620798258494,RAB3GAP2
GO_Biological_Process_2023,Positive Regulation Of Cysteine-Type Endopeptidase Activity (GO:2001056),1/64,0.0740797514672648,0.1181359913266514,0,0,13.742581090407178,35.766620798258494,CASP1
GO_Biological_Process_2023,Positive Regulation Of Protein Phosphorylation (GO:0001934),2/377,0.0745073729284419,0.11829679386007,0,0,4.751757575757575,12.339635840050294,TFRC;TTK
GO_Biological_Process_2023,Positive Regulation Of T Cell Proliferation (GO:0042102),1/65,0.075194420561284,0.1183494793181949,0,0,13.527173913043478,35.00397365710232,TFRC
GO_Biological_Process_2023,Positive Regulation Of Cell Cycle (GO:0045787),1/65,0.075194420561284,0.1183494793181949,0,0,13.527173913043478,35.00397365710232,PRKCA
GO_Biological_Process_2023,Cellular Response To Type II Interferon (GO:0071346),1/66,0.0763078036201209,0.1185554717188145,0,0,13.31839464882943,34.26796400153892,CASP1
GO_Biological_Process_2023,Peptidyl-Threonine Modification (GO:0018210),1/66,0.0763078036201209,0.1185554717188145,0,0,13.31839464882943,34.26796400153892,PRKCA
GO_Biological_Process_2023,Response To Reactive Oxygen Species (GO:0000302),1/66,0.0763078036201209,0.1185554717188145,0,0,13.31839464882943,34.26796400153892,JUN
Reactome_2022,RHOC GTPase Cycle R-HSA-9013106,1/73,0.0840655952372061,0.1186550849441815,0,0,12.019323671497585,29.76174313200534,TFRC
Reactome_2022,RHOG GTPase Cycle R-HSA-9013408,1/74,0.0851687410035164,0.1195892684557148,0,0,11.854079809410363,29.198030568281713,TFRC
GO_Biological_Process_2023,Response To Molecule Of Bacterial Origin (GO:0002237),1/69,0.0796402508235888,0.1226798757367623,0,0,12.728900255754477,32.20711721652364,RPS6KA3
GO_Biological_Process_2023,Establishment Of Protein Localization To Membrane (GO:0090150),1/69,0.0796402508235888,0.1226798757367623,0,0,12.728900255754477,32.20711721652364,RAB3GAP2
Reactome_2022,Biosynthesis Of N-glycan Precursor (Dolichol LLO) And Transfer To Protein R-HSA-446193,1/77,0.08847054408079,0.1229513715174056,0,0,11.384439359267734,27.608240154776084,ALG2
Reactome_2022,Regulation Of Insulin Secretion R-HSA-422356,1/77,0.08847054408079,0.1229513715174056,0,0,11.384439359267734,27.608240154776084,PRKCA
GO_Biological_Process_2023,Negative Regulation Of Protein Binding (GO:0032091),1/71,0.0818554781101707,0.1234653461495075,0,0,12.363975155279505,30.944557621408983,XIRP1
GO_Biological_Process_2023,Regulation Of Hydrolase Activity (GO:0051336),1/71,0.0818554781101707,0.1234653461495075,0,0,12.363975155279505,30.944557621408983,RAB3GAP2
GO_Biological_Process_2023,Negative Regulation Of Supramolecular Fiber Organization (GO:1902904),1/71,0.0818554781101707,0.1234653461495075,0,0,12.363975155279505,30.944557621408983,TUBB4A
GO_Biological_Process_2023,Regulation Of Cellular Biosynthetic Process (GO:0031326),1/70,0.0807485039378433,0.1234653461495075,0,0,12.54379332073094,31.565400257861334,GCN1
GO_Biological_Process_2023,Cell-Cell Junction Assembly (GO:0007043),1/71,0.0818554781101707,0.1234653461495075,0,0,12.363975155279505,30.944557621408983,PRKCA
GO_Biological_Process_2023,Transforming Growth Factor Beta Receptor Signaling Pathway (GO:0007179),1/72,0.0829611747365632,0.1235882520766909,0,0,12.189222290263318,30.343637326988627,JUN
GO_Biological_Process_2023,Cellular Response To Hypoxia (GO:0071456),1/72,0.0829611747365632,0.1235882520766909,0,0,12.189222290263318,30.343637326988627,PGK1
GO_Biological_Process_2023,Positive Regulation Of Protein Localization To Nucleus (GO:1900182),1/72,0.0829611747365632,0.1235882520766909,0,0,12.189222290263318,30.343637326988627,TFRC
Reactome_2022,Pre-NOTCH Expression And Processing R-HSA-1912422,1/78,0.0895686050392431,0.1238423059471167,0,0,11.236024844720497,27.109723557490454,JUN
GO_Biological_Process_2023,Cellular Response To Decreased Oxygen Levels (GO:0036294),1/73,0.0840655952372061,0.1242112060239535,0,0,12.019323671497585,29.76174313200534,PGK1
GO_Biological_Process_2023,Cellular Response To Reactive Oxygen Species (GO:0034614),1/73,0.0840655952372061,0.1242112060239535,0,0,12.019323671497585,29.76174313200534,JUN
GO_Biological_Process_2023,Cellular Response To Oxygen-Containing Compound (GO:1901701),2/406,0.0846496121721851,0.1245656894566302,0,0,4.404140414041404,10.874856562857468,JUN;CASP1
GO_Biological_Process_2023,Positive Regulation Of Lymphocyte Proliferation (GO:0050671),1/74,0.0851687410035164,0.1248222034140605,0,0,11.854079809410363,29.198030568281713,TFRC
GO_Biological_Process_2023,Embryonic Organ Development (GO:0048568),1/77,0.08847054408079,0.1275949679571553,0,0,11.384439359267734,27.608240154776084,STIL
GO_Biological_Process_2023,Regulation Of T Cell Proliferation (GO:0042129),1/77,0.08847054408079,0.1275949679571553,0,0,11.384439359267734,27.608240154776084,TFRC
GO_Biological_Process_2023,Negative Regulation Of Blood Vessel Morphogenesis (GO:2000181),1/77,0.08847054408079,0.1275949679571553,0,0,11.384439359267734,27.608240154776084,PGK1
GO_Biological_Process_2023,Positive Regulation Of Endothelial Cell Proliferation (GO:0001938),1/77,0.08847054408079,0.1275949679571553,0,0,11.384439359267734,27.608240154776084,PRKCA
GO_Biological_Process_2023,Positive Regulation Of Tumor Necrosis Factor Production (GO:0032760),1/78,0.0895686050392431,0.1281574506885613,0,0,11.236024844720497,27.109723557490454,CD2
GO_Biological_Process_2023,Regulation Of TOR Signaling (GO:0032006),1/78,0.0895686050392431,0.1281574506885613,0,0,11.236024844720497,27.109723557490454,RPS6KA1
GO_Biological_Process_2023,Positive Regulation Of Cytoskeleton Organization (GO:0051495),1/79,0.0906653982949543,0.1292160400896594,0,0,11.091415830546266,26.62582536725388,STIL
GO_Biological_Process_2023,Regulation Of Organelle Assembly (GO:1902115),1/80,0.0917609252380958,0.1297556833444948,0,0,10.950467804072646,26.155944898719028,STIL
GO_Biological_Process_2023,Response To Type II Interferon (GO:0034341),1/80,0.0917609252380958,0.1297556833444948,0,0,10.950467804072646,26.155944898719028,CASP1
GO_Biological_Process_2023,Regulation Of Interleukin-8 Production (GO:0032677),1/81,0.0928551872903362,0.1307921315140144,0,0,10.81304347826087,25.69951317247928,CD2
GO_Biological_Process_2023,Positive Regulation Of Tumor Necrosis Factor Superfamily Cytokine Production (GO:1903557),1/82,0.093948185827494,0.1318187723626079,0,0,10.679012345679013,25.25599088572858,CD2
GO_Biological_Process_2023,Nervous System Development (GO:0007399),2/433,0.0944555784396831,0.132018993803727,0,0,4.122547985657034,9.727669864861712,RPS6KA3;STIL
GO_Biological_Process_2023,Vascular Transport (GO:0010232),1/83,0.0950399222515838,0.1323248148272051,0,0,10.548250265111347,24.82486651907214,TFRC
GO_Biological_Process_2023,Regulation Of Interleukin-1 Beta Production (GO:0032651),1/84,0.0961303979665749,0.1328056618700702,0,0,10.420639078051336,24.40565459564988,CASP1
GO_Biological_Process_2023,Transport Across Blood-Brain Barrier (GO:0150104),1/85,0.0972196143523994,0.1328056618700702,0,0,10.296066252587991,23.99789406869696,TFRC
GO_Biological_Process_2023,Positive Regulation Of Protein Localization (GO:1903829),1/85,0.0972196143523994,0.1328056618700702,0,0,10.296066252587991,23.99789406869696,TFRC
GO_Biological_Process_2023,Response To Interleukin-1 (GO:0070555),1/85,0.0972196143523994,0.1328056618700702,0,0,10.296066252587991,23.99789406869696,PRKCA
GO_Biological_Process_2023,Positive Regulation Of Endothelial Cell Migration (GO:0010595),1/85,0.0972196143523994,0.1328056618700702,0,0,10.296066252587991,23.99789406869696,PRKCA
GO_Biological_Process_2023,Negative Regulation Of Angiogenesis (GO:0016525),1/86,0.0983075728072943,0.1337869975798517,0,0,10.174424552429668,23.601146819428006,PGK1
KEGG_2021_Human,African trypanosomiasis,1/37,0.0434923421950774,0.1344308758756939,0,0,24.082125603864736,75.50156731119475,PRKCA
KEGG_2021_Human,Aldosterone-regulated sodium reabsorption,1/37,0.0434923421950774,0.1344308758756939,0,0,24.082125603864736,75.50156731119475,PRKCA
GO_Biological_Process_2023,Regulation Of Type II Interferon Production (GO:0032649),1/87,0.0993942747281716,0.1347592788449368,0,0,10.055611729019212,23.214996269742276,CD2
GO_Biological_Process_2023,Regulation Of Endothelial Cell Migration (GO:0010594),1/88,0.1004797214862166,0.1352180638587747,0,0,9.93953023488256,22.83904609412469,PRKCA
GO_Biological_Process_2023,Positive Regulation Of Cell Adhesion (GO:0045785),1/88,0.1004797214862166,0.1352180638587747,0,0,9.93953023488256,22.83904609412469,PRKCA
GO_Biological_Process_2023,Positive Regulation Of Peptidyl-Serine Phosphorylation (GO:0033138),1/89,0.1015639144603895,0.1361708779061519,0,0,9.826086956521738,22.47291901655056,TFRC
Reactome_2022,RAC2 GTPase Cycle R-HSA-9013404,1/87,0.0993942747281716,0.1367301951844391,0,0,10.055611729019212,23.214996269742276,TFRC
Reactome_2022,Opioid Signaling R-HSA-111885,1/88,0.1004797214862166,0.1368341935817321,0,0,9.93953023488256,22.83904609412469,PRKCA
Reactome_2022,PCP/CE Pathway R-HSA-4086400,1/88,0.1004797214862166,0.1368341935817321,0,0,9.93953023488256,22.83904609412469,PRKCA
Reactome_2022,RAB GEFs Exchange GTP For GDP On RABs R-HSA-8876198,1/89,0.1015639144603895,0.136934431934157,0,0,9.826086956521738,22.47291901655056,RAB3GAP2
Reactome_2022,Unfolded Protein Response (UPR) R-HSA-381119,1/89,0.1015639144603895,0.136934431934157,0,0,9.826086956521738,22.47291901655056,KHSRP
KEGG_2021_Human,Various types of N-glycan biosynthesis,1/39,0.0457908844272047,0.1383902284911076,0,0,22.812356979405035,70.34578626791965,ALG2
Reactome_2022,Activation Of HOX Genes During Differentiation R-HSA-5619507,1/91,0.1037285446608088,0.1391605722924713,0,0,9.606763285024154,21.76871367585296,JUN
Reactome_2022,RAC3 GTPase Cycle R-HSA-9013423,1/93,0.1058881763859252,0.1399790039052962,0,0,9.396975425330814,21.099702511470603,TFRC
Reactome_2022,Oxidative Stress Induced Senescence R-HSA-2559580,1/93,0.1058881763859252,0.1399790039052962,0,0,9.396975425330814,21.099702511470603,JUN
Reactome_2022,VEGFA-VEGFR2 Pathway R-HSA-4420097,1/93,0.1058881763859252,0.1399790039052962,0,0,9.396975425330814,21.099702511470603,PRKCA
GO_Biological_Process_2023,Regulation Of Endothelial Cell Proliferation (GO:0001936),1/93,0.1058881763859252,0.1409247053371504,0,0,9.396975425330814,21.099702511470603,PRKCA
GO_Biological_Process_2023,Regulation Of Peptidyl-Serine Phosphorylation (GO:0033135),1/93,0.1058881763859252,0.1409247053371504,0,0,9.396975425330814,21.099702511470603,TFRC
GO_Molecular_Function_2023,Protein Serine/Threonine Kinase Activator Activity (GO:0043539),1/56,0.0651159309062086,0.141084516963452,0,0,15.747826086956522,43.01654198332297,GCN1
Reactome_2022,Metabolism Of Nucleotides R-HSA-15869,1/95,0.1080428206619952,0.1421340019388384,0,0,9.196114708603146,20.463448656194377,RRM2
KEGG_2021_Human,Ferroptosis,1/41,0.0480841329275167,0.1421617843074407,0,0,21.669565217391305,65.76286224679887,TFRC
GO_Biological_Process_2023,Positive Regulation Of Transmembrane Receptor Protein Serine/Threonine Kinase Signaling Pathway (GO:0090100),1/95,0.1080428206619952,0.1427427046702273,0,0,9.196114708603146,20.463448656194377,TTK
GO_Biological_Process_2023,Positive Regulation Of Epithelial Cell Migration (GO:0010634),1/95,0.1080428206619952,0.1427427046702273,0,0,9.196114708603146,20.463448656194377,PRKCA
GO_Biological_Process_2023,Regulation Of Protein Metabolic Process (GO:0051246),1/96,0.1091182759636125,0.1431188981841584,0,0,9.098855835240274,20.15690355426019,GCN1
GO_Biological_Process_2023,Cellular Response To Transforming Growth Factor Beta Stimulus (GO:0071560),1/96,0.1091182759636125,0.1431188981841584,0,0,9.098855835240274,20.15690355426019,JUN
GO_Biological_Process_2023,Regulation Of Defense Response (GO:0031347),1/97,0.1101924885374388,0.1440060680525373,0,0,9.003623188405797,19.85772995832064,CASP1
Reactome_2022,Response Of EIF2AK4 (GCN2) To Amino Acid Deficiency R-HSA-9633012,1/98,0.1112654597409712,0.1442724382287235,0,0,8.910354101299866,19.565679904837808,GCN1
Reactome_2022,Hedgehog Off State R-HSA-5610787,1/98,0.1112654597409712,0.1442724382287235,0,0,8.910354101299866,19.565679904837808,PRKCA
Reactome_2022,Visual Phototransduction R-HSA-2187338,1/98,0.1112654597409712,0.1442724382287235,0,0,8.910354101299866,19.565679904837808,PRKCA
GO_Biological_Process_2023,RNA Splicing (GO:0008380),1/98,0.1112654597409712,0.1443659370115828,0,0,8.910354101299866,19.565679904837808,KHSRP
GO_Biological_Process_2023,Positive Regulation Of Protein-Containing Complex Assembly (GO:0031334),1/98,0.1112654597409712,0.1443659370115828,0,0,8.910354101299866,19.565679904837808,TFRC
GO_Biological_Process_2023,Positive Regulation Of Cell Population Proliferation (GO:0008284),2/483,0.1134377172647112,0.1466587630350909,0,0,3.684558684558685,8.019446911463614,NOP2;TTK
GO_Biological_Process_2023,rRNA Processing (GO:0006364),1/101,0.1144769389479113,0.1474756295343199,0,0,8.641739130434782,18.729948827545332,NOP2
Reactome_2022,Signaling By VEGF R-HSA-194138,1/102,0.1155449584465577,0.1491080178048436,0,0,8.55574687903573,18.464119473101512,PRKCA
GO_Biological_Process_2023,Positive Regulation Of Vasculature Development (GO:1904018),1/104,0.1176772952617389,0.1505271409355106,0,0,8.388771633600676,17.95037060748583,PRKCA
GO_Biological_Process_2023,Positive Regulation Of Inflammatory Response (GO:0050729),1/104,0.1176772952617389,0.1505271409355106,0,0,8.388771633600676,17.95037060748583,CASP1
Reactome_2022,Cargo Recognition For Clathrin-Mediated Endocytosis R-HSA-8856825,1/104,0.1176772952617389,0.151140033250859,0,0,8.388771633600676,17.95037060748583,TFRC
Reactome_2022,Integration Of Energy Metabolism R-HSA-163685,1/105,0.1187416153127211,0.151787630895035,0,0,8.307692307692308,17.70207601668742,PRKCA
GO_Biological_Process_2023,Positive Regulation Of T Cell Activation (GO:0050870),1/107,0.1208665655220423,0.1540623123907722,0,0,8.150123051681707,17.221765081771377,TFRC
GO_Biological_Process_2023,Positive Regulation Of Cysteine-Type Endopeptidase Activity Involved In Apoptotic Process (GO:0043280),1/109,0.122986604933458,0.1556683600906007,0,0,7.998389694041868,16.76206397444012,CASP1
GO_Biological_Process_2023,Negative Regulation Of Developmental Process (GO:0051093),1/109,0.122986604933458,0.1556683600906007,0,0,7.998389694041868,16.76206397444012,TFRC
GO_Biological_Process_2023,Response To Lipid (GO:0033993),1/110,0.1240447864535175,0.1564606714152382,0,0,7.924611088950938,16.539555634121136,RPS6KA3
GO_Biological_Process_2023,T Cell Activation (GO:0042110),1/111,0.1251017443604182,0.1572459425641367,0,0,7.852173913043479,16.32174791168647,CD2
GO_Biological_Process_2023,Positive Regulation Of Cellular Component Organization (GO:0051130),1/113,0.1272119947110949,0.15934512832324,0,0,7.711180124223603,15.899684877362125,TFRC
Reactome_2022,Mitotic Prophase R-HSA-68875,1/112,0.1261574800052537,0.1597601732776811,0,0,7.781041911476694,16.108502130987272,PRKCA
Reactome_2022,Golgi-to-ER Retrograde Transport R-HSA-8856688,1/112,0.1261574800052537,0.1597601732776811,0,0,7.781041911476694,16.108502130987272,RAB3GAP2
GO_Biological_Process_2023,Response To Endoplasmic Reticulum Stress (GO:0034976),1/114,0.1282652898280583,0.1601104652336452,0,0,7.6425548287803,15.695167750756225,JUN
GO_Biological_Process_2023,Positive Regulation Of Intracellular Signal Transduction (GO:1902533),2/525,0.1301012478426655,0.1612653199765738,0,0,3.3813662436989396,6.896101356285659,TFRC;CASP1
GO_Biological_Process_2023,Protein Maturation (GO:0051604),1/117,0.1314178712516278,0.1612653199765738,0,0,7.443778110944527,15.106203624202356,CASP1
GO_Biological_Process_2023,Protein Processing (GO:0016485),1/117,0.1314178712516278,0.1612653199765738,0,0,7.443778110944527,15.106203624202356,CASP1
GO_Biological_Process_2023,Cellular Response To Molecule Of Bacterial Origin (GO:0071219),1/117,0.1314178712516278,0.1612653199765738,0,0,7.443778110944527,15.106203624202356,CASP1
GO_Biological_Process_2023,Cellular Response To Oxidative Stress (GO:0034599),1/117,0.1314178712516278,0.1612653199765738,0,0,7.443778110944527,15.106203624202356,JUN
GO_Biological_Process_2023,Regulation Of Protein Binding (GO:0043393),1/118,0.1324663015463994,0.1614572429622781,0,0,7.379784466740989,14.917695529897635,XIRP1
GO_Biological_Process_2023,Positive Regulation Of Cell Cycle Process (GO:0090068),1/118,0.1324663015463994,0.1614572429622781,0,0,7.379784466740989,14.917695529897635,STIL
GO_Biological_Process_2023,Regulation Of Protein-Containing Complex Assembly (GO:0043254),1/119,0.133513518994454,0.1616451300200413,0,0,7.316875460574797,14.732913171378236,TFRC
GO_Biological_Process_2023,Positive Regulation Of Angiogenesis (GO:0045766),1/119,0.133513518994454,0.1616451300200413,0,0,7.316875460574797,14.732913171378236,PRKCA
KEGG_2021_Human,Cocaine addiction,1/49,0.0572044222192574,0.1619192491789664,0,0,18.05072463768116,51.645362778983234,JUN
KEGG_2021_Human,Vibrio cholerae infection,1/50,0.0583385530130099,0.1619192491789664,0,0,17.68145519077196,50.24171555062859,PRKCA
KEGG_2021_Human,N-Glycan biosynthesis,1/50,0.0583385530130099,0.1619192491789664,0,0,17.68145519077196,50.24171555062859,ALG2
GO_Cellular_Component_2023,Nucleolus (GO:0005730),3/771,0.0633229525431977,0.1628304493967941,0,0,3.5729166666666665,9.859490038905024,RPS6KA3;NOP2;CASP1
GO_Biological_Process_2023,Receptor-Mediated Endocytosis (GO:0006898),1/122,0.1366479077050243,0.1648884752973961,0,0,7.134387351778656,14.199911300049983,TFRC
GO_Biological_Process_2023,Positive Regulation Of Epithelial Cell Proliferation (GO:0050679),1/123,0.1376902871907423,0.1655942988805605,0,0,7.075552387740556,14.029040259048296,PRKCA
GO_Biological_Process_2023,Positive Regulation Of Defense Response (GO:0031349),1/124,0.1387314605097311,0.165745177242649,0,0,7.017674089784376,13.86141620257972,CASP1
GO_Biological_Process_2023,Cellular Response To Lipopolysaccharide (GO:0071222),1/124,0.1387314605097311,0.165745177242649,0,0,7.017674089784376,13.86141620257972,CASP1
GO_Biological_Process_2023,Regulation Of Mitotic Cell Cycle (GO:0007346),1/125,0.1397714290303165,0.1664383464111007,0,0,6.9607293127629735,13.696953111939228,PRKCA
GO_Biological_Process_2023,Cellular Response To Starvation (GO:0009267),1/126,0.140810194056071,0.1671255417976974,0,0,6.904695652173913,13.535567900922477,GCN1
GO_Biological_Process_2023,Regulation Of Response To External Stimulus (GO:0032101),1/127,0.141847756947732,0.1672602215474886,0,0,6.849551414768806,13.37718028791238,CASP1
GO_Biological_Process_2023,Regulation Of Tumor Necrosis Factor Production (GO:0032680),1/127,0.141847756947732,0.1672602215474886,0,0,6.849551414768806,13.37718028791238,CD2
KEGG_2021_Human,Endocrine and other factor-regulated calcium reabsorption,1/53,0.06173310622682,0.1679140489369504,0,0,16.65886287625418,46.3938490228076,PRKCA
Reactome_2022,Estrogen-dependent Gene Expression R-HSA-9018519,1/119,0.133513518994454,0.1682891332441722,0,0,7.316875460574797,14.732913171378236,JUN
GO_Cellular_Component_2023,Ribosome (GO:0005840),1/61,0.0707280137906396,0.1697472330975352,0,0,14.431884057971017,38.228813231706546,GCN1
KEGG_2021_Human,Pyrimidine metabolism,1/56,0.0651159309062086,0.1699767503839644,0,0,15.747826086956522,43.01654198332297,RRM2
KEGG_2021_Human,Glutathione metabolism,1/57,0.0662409394878685,0.1699767503839644,0,0,15.46583850931677,41.981347198326795,RRM2
KEGG_2021_Human,Legionellosis,1/57,0.0662409394878685,0.1699767503839644,0,0,15.46583850931677,41.981347198326795,CASP1
GO_Biological_Process_2023,Transmembrane Receptor Protein Serine/Threonine Kinase Signaling Pathway (GO:0007178),1/130,0.1449532460203582,0.1703671268161353,0,0,6.689248399056286,12.919239959338638,JUN
Reactome_2022,Rab Regulation Of Trafficking R-HSA-9007101,1/122,0.1366479077050243,0.1714425138336185,0,0,7.134387351778656,14.199911300049983,RAB3GAP2
KEGG_2021_Human,VEGF signaling pathway,1/59,0.0684870657945493,0.1721220608337141,0,0,14.93103448275862,40.03175141731448,PRKCA
KEGG_2021_Human,Long-term depression,1/60,0.0696081863665755,0.1721220608337141,0,0,14.67722918201916,39.11295320546662,PRKCA
GO_Biological_Process_2023,Epithelial Cell Differentiation (GO:0030855),1/132,0.1470175856871279,0.1722341942354055,0,0,6.586458679057418,12.627578792236436,PGK1
GO_Biological_Process_2023,Cellular Response To Metal Ion (GO:0071248),1/135,0.150105142103055,0.1752840691655029,0,0,6.438027255029202,12.209199031438672,JUN
Reactome_2022,Cardiac Conduction R-HSA-5576891,1/126,0.140810194056071,0.1758505188442178,0,0,6.904695652173913,13.535567900922477,PRKCA
KEGG_2021_Human,GnRH secretion,1/64,0.0740797514672648,0.1763179516609419,0,0,13.742581090407178,35.766620798258494,PRKCA
KEGG_2021_Human,Cytosolic DNA-sensing pathway,1/63,0.07296379491735,0.1763179516609419,0,0,13.964936886395511,36.55729895706928,CASP1
KEGG_2021_Human,Inflammatory bowel disease,1/65,0.075194420561284,0.1763179516609419,0,0,13.527173913043478,35.00397365710232,JUN
GO_Cellular_Component_2023,Clathrin-Coated Endocytic Vesicle Membrane (GO:0030669),1/68,0.0785307173419281,0.1766941140193382,0,0,12.919532770927969,32.870720562250014,TFRC
KEGG_2021_Human,Renal cell carcinoma,1/69,0.0796402508235888,0.17694108816158,0,0,12.728900255754477,32.20711721652364,JUN
KEGG_2021_Human,Leishmaniasis,1/77,0.08847054408079,0.17694108816158,0,0,11.384439359267734,27.608240154776084,JUN
KEGG_2021_Human,Gastric acid secretion,1/76,0.0873712140350116,0.17694108816158,0,0,11.5368115942029,28.122009760714384,PRKCA
KEGG_2021_Human,Fc epsilon RI signaling pathway,1/68,0.0785307173419281,0.17694108816158,0,0,12.919532770927969,32.870720562250014,PRKCA
KEGG_2021_Human,Thyroid hormone synthesis,1/75,0.0862706134691211,0.17694108816158,0,0,11.693301997649824,28.65170329299039,PRKCA
KEGG_2021_Human,p53 signaling pathway,1/73,0.0840655952372061,0.17694108816158,0,0,12.019323671497585,29.76174313200534,RRM2
KEGG_2021_Human,Non-small cell lung cancer,1/72,0.0829611747365632,0.17694108816158,0,0,12.189222290263318,30.343637326988627,PRKCA
KEGG_2021_Human,Epithelial cell signaling in Helicobacter pylori infection,1/70,0.0807485039378433,0.17694108816158,0,0,12.54379332073094,31.565400257861334,JUN
KEGG_2021_Human,Mitophagy,1/68,0.0785307173419281,0.17694108816158,0,0,12.919532770927969,32.870720562250014,JUN
KEGG_2021_Human,Glioma,1/75,0.0862706134691211,0.17694108816158,0,0,11.693301997649824,28.65170329299039,PRKCA
GO_Biological_Process_2023,Negative Regulation Of Cellular Biosynthetic Process (GO:0031327),1/137,0.1521575597172713,0.1771094425004894,0,0,6.342710997442455,11.942301842584484,KHSRP
Reactome_2022,Response To Elevated Platelet Cytosolic Ca2+ R-HSA-76005,1/130,0.1449532460203582,0.1777480980611633,0,0,6.689248399056286,12.919239959338638,PRKCA
Reactome_2022,Host Interactions Of HIV Factors R-HSA-162909,1/130,0.1449532460203582,0.1777480980611633,0,0,6.689248399056286,12.919239959338638,PSIP1
Reactome_2022,Fc Epsilon Receptor (FCERI) Signaling R-HSA-2454202,1/130,0.1449532460203582,0.1777480980611633,0,0,6.689248399056286,12.919239959338638,JUN
Reactome_2022,G1/S Transition R-HSA-69206,1/129,0.1439192816023307,0.1777480980611633,0,0,6.741847826086956,13.069090085751164,RRM2
Reactome_2022,ADORA2B Mediated Anti-Inflammatory Cytokine Production R-HSA-9660821,1/131,0.1459860136050108,0.1782081517430537,0,0,6.637458193979933,12.77209215219812,PRKCA
KEGG_2021_Human,Th1 and Th2 cell differentiation,1/92,0.1048089846474298,0.1798214848943427,0,0,9.500716674629718,21.42996644691597,JUN
KEGG_2021_Human,Salivary secretion,1/93,0.1058881763859252,0.1798214848943427,0,0,9.396975425330814,21.099702511470603,PRKCA
KEGG_2021_Human,Morphine addiction,1/91,0.1037285446608088,0.1798214848943427,0,0,9.606763285024154,21.76871367585296,PRKCA
KEGG_2021_Human,Inflammatory mediator regulation of TRP channels,1/98,0.1112654597409712,0.1798214848943427,0,0,8.910354101299866,19.565679904837808,PRKCA
KEGG_2021_Human,Phosphatidylinositol signaling system,1/97,0.1101924885374388,0.1798214848943427,0,0,9.003623188405797,19.85772995832064,PRKCA
KEGG_2021_Human,Fc gamma R-mediated phagocytosis,1/97,0.1101924885374388,0.1798214848943427,0,0,9.003623188405797,19.85772995832064,PRKCA
KEGG_2021_Human,Circadian entrainment,1/97,0.1101924885374388,0.1798214848943427,0,0,9.003623188405797,19.85772995832064,PRKCA
KEGG_2021_Human,IL-17 signaling pathway,1/94,0.1069661212646203,0.1798214848943427,0,0,9.295465170640488,20.777624554547717,JUN
KEGG_2021_Human,Rheumatoid arthritis,1/93,0.1058881763859252,0.1798214848943427,0,0,9.396975425330814,21.099702511470603,JUN
KEGG_2021_Human,PD-L1 expression and PD-1 checkpoint pathway in cancer,1/89,0.1015639144603895,0.1798214848943427,0,0,9.826086956521738,22.47291901655056,JUN
KEGG_2021_Human,Amoebiasis,1/102,0.1155449584465577,0.1798214848943427,0,0,8.55574687903573,18.464119473101512,PRKCA
KEGG_2021_Human,Chagas disease,1/102,0.1155449584465577,0.1798214848943427,0,0,8.55574687903573,18.464119473101512,JUN
KEGG_2021_Human,Pancreatic secretion,1/102,0.1155449584465577,0.1798214848943427,0,0,8.55574687903573,18.464119473101512,PRKCA
KEGG_2021_Human,T cell receptor signaling pathway,1/104,0.1176772952617389,0.1798214848943427,0,0,8.388771633600676,17.95037060748583,JUN
KEGG_2021_Human,Toll-like receptor signaling pathway,1/104,0.1176772952617389,0.1798214848943427,0,0,8.388771633600676,17.95037060748583,JUN
KEGG_2021_Human,B cell receptor signaling pathway,1/81,0.0928551872903362,0.1798214848943427,0,0,10.81304347826087,25.69951317247928,JUN
KEGG_2021_Human,Colorectal cancer,1/86,0.0983075728072943,0.1798214848943427,0,0,10.174424552429668,23.601146819428006,JUN
KEGG_2021_Human,Insulin secretion,1/86,0.0983075728072943,0.1798214848943427,0,0,10.174424552429668,23.601146819428006,PRKCA
KEGG_2021_Human,GABAergic synapse,1/89,0.1015639144603895,0.1798214848943427,0,0,9.826086956521738,22.47291901655056,PRKCA
KEGG_2021_Human,Aldosterone synthesis and secretion,1/98,0.1112654597409712,0.1798214848943427,0,0,8.910354101299866,19.565679904837808,PRKCA
KEGG_2021_Human,Melanogenesis,1/101,0.1144769389479113,0.1798214848943427,0,0,8.641739130434782,18.729948827545332,PRKCA
KEGG_2021_Human,"Parathyroid hormone synthesis, secretion and action",1/106,0.1198047049497415,0.1798358702743911,0,0,8.228157349896481,17.45926389427172,PRKCA
KEGG_2021_Human,Th17 cell differentiation,1/107,0.1208665655220423,0.1798358702743911,0,0,8.150123051681707,17.221765081771377,JUN
KEGG_2021_Human,Drug metabolism,1/108,0.1219271983915178,0.1798358702743911,0,0,8.073547338480292,16.989417130025068,RRM2
KEGG_2021_Human,TNF signaling pathway,1/112,0.1261574800052537,0.1798358702743911,0,0,7.781041911476694,16.108502130987272,JUN
KEGG_2021_Human,Serotonergic synapse,1/113,0.1272119947110949,0.1798358702743911,0,0,7.711180124223603,15.899684877362125,PRKCA
KEGG_2021_Human,Cholinergic synapse,1/113,0.1272119947110949,0.1798358702743911,0,0,7.711180124223603,15.899684877362125,PRKCA
KEGG_2021_Human,Leukocyte transendothelial migration,1/114,0.1282652898280583,0.1798358702743911,0,0,7.6425548287803,15.695167750756225,PRKCA
KEGG_2021_Human,Glutamatergic synapse,1/114,0.1282652898280583,0.1798358702743911,0,0,7.6425548287803,15.695167750756225,PRKCA
Reactome_2022,Cell Surface Interactions At Vascular Wall R-HSA-202733,1/134,0.1490771486063101,0.1811655034632737,0,0,6.486760379208892,12.34619479702853,CD2
Reactome_2022,Signaling By Hedgehog R-HSA-5358351,1/135,0.150105142103055,0.1812245893618935,0,0,6.438027255029202,12.209199031438672,PRKCA
Reactome_2022,Hemostasis R-HSA-109582,2/576,0.151070878249476,0.1812245893618935,0,0,3.0728539752929995,5.807712941828346,CD2;PRKCA
Reactome_2022,Factors Involved In Megakaryocyte Development And Platelet Production R-HSA-983231,1/136,0.1511319453719111,0.1812245893618935,0,0,6.3900161030595815,12.074587293407255,PRKCA
KEGG_2021_Human,"Growth hormone synthesis, secretion and action",1/119,0.133513518994454,0.1815783858324574,0,0,7.316875460574797,14.732913171378236,PRKCA
KEGG_2021_Human,Pathways in cancer,2/531,0.1325290800974062,0.1815783858324574,0,0,3.3419831586183193,6.753991509304999,JUN;PRKCA
KEGG_2021_Human,Sphingolipid signaling pathway,1/119,0.133513518994454,0.1815783858324574,0,0,7.316875460574797,14.732913171378236,PRKCA
KEGG_2021_Human,Thyroid hormone signaling pathway,1/121,0.1356043207280494,0.1825959170199477,0,0,7.194202898550724,14.37411839940444,PRKCA
Reactome_2022,PTEN Regulation R-HSA-6807070,1/139,0.1542052269965518,0.18409522694302,0,0,6.250157529930687,11.684487753337775,JUN
GO_Biological_Process_2023,Regulation Of Cell Adhesion (GO:0030155),1/144,0.1593036813557299,0.1842425963283521,0,0,6.030100334448161,11.076950313772782,PRKCA
GO_Biological_Process_2023,Actin Filament Organization (GO:0007015),1/144,0.1593036813557299,0.1842425963283521,0,0,6.030100334448161,11.076950313772782,XIRP1
KEGG_2021_Human,Cell cycle,1/124,0.1387314605097311,0.1849752806796414,0,0,7.017674089784376,13.86141620257972,TTK
Reactome_2022,Beta-catenin Independent WNT Signaling R-HSA-3858494,1/142,0.1572678439946919,0.1853025466198326,0,0,6.116250385445575,11.31387002140436,PRKCA
Reactome_2022,C-type Lectin Receptors (CLRs) R-HSA-5621481,1/141,0.1562481544471568,0.1853025466198326,0,0,6.160248447204969,11.435329575139104,PRKCA
Reactome_2022,Clathrin-mediated Endocytosis R-HSA-8856828,1/142,0.1572678439946919,0.1853025466198326,0,0,6.116250385445575,11.31387002140436,TFRC
Reactome_2022,Diseases Of Glycosylation R-HSA-3781865,1/143,0.1582863525332583,0.1856952447468095,0,0,6.072872014696877,11.19442576486264,ALG2
GO_Biological_Process_2023,Positive Regulation Of Cellular Catabolic Process (GO:0031331),1/146,0.1613348050704303,0.1859974504315152,0,0,5.946326836581709,10.847726700068096,KHSRP
KEGG_2021_Human,Osteoclast differentiation,1/127,0.141847756947732,0.1872941256785588,0,0,6.849551414768806,13.37718028791238,JUN
GO_Biological_Process_2023,Defense Response To Symbiont (GO:0140546),1/148,0.163361225602997,0.187735757677095,0,0,5.8648328896776105,10.625853921726192,CASP1
Reactome_2022,Membrane Trafficking R-HSA-199991,2/599,0.1607521216435152,0.187775107609451,0,0,2.9509669559920817,5.394048057612977,TFRC;RAB3GAP2
Reactome_2022,Mitotic G1 Phase And G1/S Transition R-HSA-453279,1/147,0.1623486025896336,0.1880191081273108,0,0,5.905300774270399,10.735892245784257,RRM2
Reactome_2022,RHOA GTPase Cycle R-HSA-8980692,1/147,0.1623486025896336,0.1880191081273108,0,0,5.905300774270399,10.735892245784257,TFRC
KEGG_2021_Human,Dopaminergic synapse,1/132,0.1470175856871279,0.1881731125946339,0,0,6.586458679057418,12.627578792236436,PRKCA
KEGG_2021_Human,Vascular smooth muscle contraction,1/133,0.1480479635854841,0.1881731125946339,0,0,6.536231884057971,12.485634198946752,PRKCA
KEGG_2021_Human,Natural killer cell mediated cytotoxicity,1/131,0.1459860136050108,0.1881731125946339,0,0,6.637458193979933,12.77209215219812,PRKCA
KEGG_2021_Human,Purine metabolism,1/129,0.1439192816023307,0.1881731125946339,0,0,6.741847826086956,13.069090085751164,RRM2
GO_Biological_Process_2023,Skeletal System Development (GO:0001501),1/149,0.1643726754156526,0.1883003433559059,0,0,5.824911868390129,10.51757164836888,RPS6KA3
Reactome_2022,CDC42 GTPase Cycle R-HSA-9013148,1/149,0.1643726754156526,0.1887499789730588,0,0,5.824911868390129,10.51757164836888,TFRC
Reactome_2022,HIV Life Cycle R-HSA-162587,1/149,0.1643726754156526,0.1887499789730588,0,0,5.824911868390129,10.51757164836888,PSIP1
GO_Biological_Process_2023,protein-RNA Complex Assembly (GO:0022618),1/150,0.1653829533371849,0.1888600287320535,0,0,5.78552669973738,10.411006495037403,NOP2
Reactome_2022,Signal Transduction R-HSA-162582,5/2465,0.1656564707963019,0.1894215341172904,0,0,1.8737697903294823,3.3687365708492623,RPS6KA3;JUN;TFRC;RPS6KA1;PRKCA
Reactome_2022,Cellular Response To Starvation R-HSA-9711097,1/153,0.1684067687021209,0.1901593096594782,0,0,5.670480549199085,10.101240855441755,GCN1
Reactome_2022,G Alpha (S) Signaling Events R-HSA-418555,1/153,0.1684067687021209,0.1901593096594782,0,0,5.670480549199085,10.101240855441755,PRKCA
Reactome_2022,Interleukin-1 Family Signaling R-HSA-446652,1/152,0.1673999986848398,0.1901593096594782,0,0,5.708321336020731,10.20287733317767,CASP1
GO_Biological_Process_2023,Positive Regulation Of NF-kappaB Transcription Factor Activity (GO:0051092),1/152,0.1673999986848398,0.1905622626538113,0,0,5.708321336020731,10.20287733317767,TFRC
KEGG_2021_Human,Fluid shear stress and atherosclerosis,1/139,0.1542052269965518,0.1906537351957368,0,0,6.250157529930687,11.684487753337775,JUN
KEGG_2021_Human,Measles,1/139,0.1542052269965518,0.1906537351957368,0,0,6.250157529930687,11.684487753337775,JUN
KEGG_2021_Human,Estrogen signaling pathway,1/137,0.1521575597172713,0.1906537351957368,0,0,6.342710997442455,11.942301842584484,JUN
GO_Biological_Process_2023,Regulation Of Cellular Component Organization (GO:0051128),1/153,0.1684067687021209,0.1911073676180808,0,0,5.670480549199085,10.101240855441755,TFRC
GO_Molecular_Function_2023,GTPase Regulator Activity (GO:0030695),2/424,0.09114995985749,0.1911208835721565,0,0,4.2124084446359324,10.089768033998078,JUN;RAB3GAP2
KEGG_2021_Human,Retrograde endocannabinoid signaling,1/148,0.163361225602997,0.1915269541552379,0,0,5.8648328896776105,10.625853921726192,PRKCA
KEGG_2021_Human,Phospholipase D signaling pathway,1/148,0.163361225602997,0.1915269541552379,0,0,5.8648328896776105,10.625853921726192,PRKCA
KEGG_2021_Human,Cell adhesion molecules,1/148,0.163361225602997,0.1915269541552379,0,0,5.8648328896776105,10.625853921726192,CD2
KEGG_2021_Human,Breast cancer,1/147,0.1623486025896336,0.1915269541552379,0,0,5.905300774270399,10.735892245784257,JUN
KEGG_2021_Human,Spinocerebellar ataxia,1/143,0.1582863525332583,0.1915269541552379,0,0,6.072872014696877,11.19442576486264,PRKCA
KEGG_2021_Human,Apoptosis,1/142,0.1572678439946919,0.1915269541552379,0,0,6.116250385445575,11.31387002140436,JUN
KEGG_2021_Human,Adrenergic signaling in cardiomyocytes,1/150,0.1653829533371849,0.1922400141355312,0,0,5.78552669973738,10.411006495037403,PRKCA
GO_Cellular_Component_2023,Clathrin-Coated Endocytic Vesicle (GO:0045334),1/85,0.0972196143523994,0.1944770771915914,0,0,10.296066252587991,23.99789406869696,TFRC
GO_Cellular_Component_2023,Nuclear Chromosome (GO:0000228),1/95,0.1080428206619952,0.1944770771915914,0,0,9.196114708603146,20.463448656194377,JUN
GO_Cellular_Component_2023,Clathrin-Coated Vesicle Membrane (GO:0030665),1/90,0.1026468550534564,0.1944770771915914,0,0,9.715192965315095,22.1162556930706,TFRC
GO_Cellular_Component_2023,Azurophil Granule Lumen (GO:0035578),1/89,0.1015639144603895,0.1944770771915914,0,0,9.826086956521738,22.47291901655056,TUBB4B
KEGG_2021_Human,Non-alcoholic fatty liver disease,1/155,0.1704168099322024,0.1964125944981316,0,0,5.596273291925466,9.902650470022865,JUN
GO_Molecular_Function_2023,Ribosome Binding (GO:0043022),1/85,0.0972196143523994,0.1966494704310039,0,0,10.296066252587991,23.99789406869696,GCN1
GO_Molecular_Function_2023,Protein Kinase Activator Activity (GO:0030295),1/88,0.1004797214862166,0.1966494704310039,0,0,9.93953023488256,22.83904609412469,GCN1
GO_Molecular_Function_2023,Kinase Binding (GO:0019900),2/460,0.1045812566530698,0.1966494704310039,0,0,3.874156411274315,8.747035222680354,TFRC;CASP1
GO_Molecular_Function_2023,mRNA 3'-UTR Binding (GO:0003730),1/93,0.1058881763859252,0.1966494704310039,0,0,9.396975425330814,21.099702511470603,KHSRP
Reactome_2022,Vesicle-mediated Transport R-HSA-5653656,2/637,0.1770044351821158,0.1990381823002215,0,0,2.7689334287759486,4.79463110115147,TFRC;RAB3GAP2
KEGG_2021_Human,Necroptosis,1/159,0.17442293322238,0.1993404951112914,0,0,5.453494771601541,9.5232867395977,CASP1
GO_Biological_Process_2023,Regulation Of Macromolecule Metabolic Process (GO:0060255),1/162,0.1774153519780358,0.200701116925153,0,0,5.351066702673508,9.253394564376691,KHSRP
Reactome_2022,Signaling By Rho GTPases R-HSA-194315,2/644,0.1800294694361734,0.2011839034497954,0,0,2.7377513452279807,4.694243517832273,TFRC;PRKCA
Reactome_2022,Anti-inflammatory Response Favoring Leishmania Infection R-HSA-9662851,1/165,0.1803973746800748,0.2011839034497954,0,0,5.252386002120891,8.995200678276463,PRKCA
Reactome_2022,Metabolism Of Proteins R-HSA-392499,4/1890,0.1863839196234916,0.2068188789807743,0,0,1.9183457051961823,3.222718438235823,TUBB8;ALG2;TUBB4B;TUBB4A
Reactome_2022,"Signaling By Rho GTPases, Miro GTPases And RHOBTB3 R-HSA-9716542",2/660,0.1869764773073421,0.2068188789807743,0,0,2.6689693285437968,4.475254266260057,TFRC;PRKCA
KEGG_2021_Human,Tight junction,1/169,0.184357293017808,0.2072115028960486,0,0,5.126293995859213,8.667945912337231,JUN
KEGG_2021_Human,Hepatocellular carcinoma,1/168,0.1833690358937122,0.2072115028960486,0,0,5.1572507159593854,8.748010080857481,PRKCA
GO_Molecular_Function_2023,Cysteine-Type Endopeptidase Activity (GO:0004197),1/106,0.1198047049497415,0.2104677249117081,0,0,8.228157349896481,17.45926389427172,CASP1
GO_Molecular_Function_2023,Protein Kinase Regulator Activity (GO:0019887),1/103,0.1166117434301559,0.2104677249117081,0,0,8.471440750213128,18.20432388113094,GCN1
Reactome_2022,RAC1 GTPase Cycle R-HSA-9013149,1/178,0.1932001814397508,0.2128343462202132,0,0,4.863424220093343,7.995607626987774,TFRC
Reactome_2022,Intra-Golgi And Retrograde Golgi-to-ER Traffic R-HSA-6811442,1/181,0.1961273393343066,0.2151842467999883,0,0,4.781642512077295,7.789253287911268,RAB3GAP2
GO_Biological_Process_2023,Positive Regulation Of ERK1 And ERK2 Cascade (GO:0070374),1/179,0.1941770338525692,0.2184687623213214,0,0,4.835857352222765,7.925897616026212,PRKCA
GO_Biological_Process_2023,Regulation Of DNA-templated Transcription (GO:0006355),4/1922,0.1943285675896837,0.2184687623213214,0,0,1.8830031282586024,3.084744961131101,RPS6KA3;JUN;ATAD2;RPS6KA1
KEGG_2021_Human,Axon guidance,1/182,0.1971007949269227,0.2197189189349302,0,0,4.754984386259909,7.7222849934745135,PRKCA
Reactome_2022,ESR-mediated Signaling R-HSA-8939211,1/188,0.2029178475987033,0.2217368415292282,0,0,4.601023017902813,7.338420404589049,JUN
Reactome_2022,rRNA Processing In Nucleus And Cytosol R-HSA-8868773,1/189,0.203883421235608,0.2218972174893565,0,0,4.57631822386679,7.277292875760221,NOP2
GO_Biological_Process_2023,RNA Processing (GO:0006396),1/183,0.1980731207780637,0.2219890703456936,0,0,4.728619206880077,7.656197294314837,KHSRP
Reactome_2022,Transport Of Small Molecules R-HSA-382551,2/706,0.2071705741872117,0.2245729024189375,0,0,2.488636363636364,3.917643206119619,TFRC;PRKCA
Reactome_2022,Muscle Contraction R-HSA-397014,1/196,0.2106111181711423,0.2273928805752174,0,0,4.410479375696767,6.870388468978681,PRKCA
GO_Biological_Process_2023,Defense Response To Virus (GO:0051607),1/189,0.203883421235608,0.227795674343488,0,0,4.57631822386679,7.277292875760221,CASP1
GO_Biological_Process_2023,Intracellular Monoatomic Cation Homeostasis (GO:0030003),1/190,0.2048478738455457,0.2281690164064232,0,0,4.551874856222683,7.216941387652655,TFRC
Reactome_2022,rRNA Processing R-HSA-72312,1/199,0.213477707360935,0.229573248788942,0,0,4.342995169082125,6.706552451090786,NOP2
KEGG_2021_Human,Kaposi sarcoma-associated herpesvirus infection,1/193,0.2077345181464676,0.2296901989261755,0,0,4.480072463768116,7.04040865212542,JUN
GO_Cellular_Component_2023,Basolateral Plasma Membrane (GO:0016323),1/171,0.186330370023192,0.2313066662356867,0,0,5.065473145780051,8.511180194969183,TFRC
GO_Cellular_Component_2023,Membrane Raft (GO:0045121),1/169,0.184357293017808,0.2313066662356867,0,0,5.126293995859213,8.667945912337231,PGK1
GO_Cellular_Component_2023,Chromosome (GO:0005694),1/164,0.1794045201076321,0.2313066662356867,0,0,5.284875966924513,9.080009525352985,JUN
GO_Cellular_Component_2023,Vacuolar Lumen (GO:0005775),1/161,0.1764190358806393,0.2313066662356867,0,0,5.3847826086956525,9.342022882488044,TUBB4B
GO_Cellular_Component_2023,Recycling Endosome (GO:0055037),1/159,0.17442293322238,0.2313066662356867,0,0,5.453494771601541,9.5232867395977,TFRC
GO_Cellular_Component_2023,Endocytic Vesicle Membrane (GO:0030666),1/159,0.17442293322238,0.2313066662356867,0,0,5.453494771601541,9.5232867395977,TFRC
GO_Cellular_Component_2023,Nucleus (GO:0005634),8/4487,0.1500854566626269,0.2313066662356867,0,0,1.7299620450993525,3.2809602709406573,JUN;KHSRP;ATAD2;PSIP1;TTK;PGK2;TUBB4B;TUBB4A
GO_Cellular_Component_2023,Intracellular Membrane-Bounded Organelle (GO:0043231),9/5175,0.1432752909349635,0.2313066662356867,0,0,1.7200929152148663,3.342118840349451,JUN;TFRC;KHSRP;ATAD2;PSIP1;TTK;PGK2;TUBB4B;TUBB4A
GO_Cellular_Component_2023,Azurophil Granule (GO:0042582),1/155,0.1704168099322024,0.2313066662356867,0,0,5.596273291925466,9.902650470022865,TUBB4B
GO_Biological_Process_2023,Protein Modification Process (GO:0036211),2/711,0.2093827443517636,0.2325047652004246,0,0,2.4704449288370305,3.862766418069521,RPS6KA1;PRKCA
Reactome_2022,Signaling By NOTCH R-HSA-157118,1/203,0.2172843114526798,0.2327432743228309,0,0,4.256134309083082,6.497195836752411,JUN
KEGG_2021_Human,Epstein-Barr virus infection,1/202,0.2163343190257926,0.2345290980759083,0,0,4.277525416396279,6.5485932458694585,JUN
KEGG_2021_Human,Diabetic cardiomyopathy,1/203,0.2172843114526798,0.2345290980759083,0,0,4.256134309083082,6.497195836752411,PRKCA
KEGG_2021_Human,Viral carcinogenesis,1/203,0.2172843114526798,0.2345290980759083,0,0,4.256134309083082,6.497195836752411,JUN
KEGG_2021_Human,Proteoglycans in cancer,1/205,0.2191809863943818,0.2347134972412278,0,0,4.213981244671782,6.396222904647518,PRKCA
Reactome_2022,Programmed Cell Death R-HSA-5357801,1/208,0.2220177426044606,0.236877197818145,0,0,4.15227893299727,6.24917140100048,CASP1
Reactome_2022,Signaling By ROBO Receptors R-HSA-376176,1/209,0.2229611312169307,0.2369508492540715,0,0,4.132107023411371,6.201291937509133,PRKCA
KEGG_2021_Human,Rap1 signaling pathway,1/210,0.2239034234967515,0.2378973874652985,0,0,4.112128146453089,6.153966169257627,PRKCA
GO_Molecular_Function_2023,Protease Binding (GO:0002020),1/125,0.1397714290303165,0.2390827075518573,0,0,6.9607293127629735,13.696953111939228,CASP1
GO_Biological_Process_2023,Defense Response To Bacterium (GO:0042742),1/204,0.2182332001613957,0.2415914937566521,0,0,4.234953951595631,6.446409054924387,CASP1
KEGG_2021_Human,cAMP signaling pathway,1/216,0.2295342218897084,0.2419895672635685,0,0,3.996157735085945,5.881157909080661,JUN
KEGG_2021_Human,Human T-cell leukemia virus 1 infection,1/219,0.2323349187415113,0.2430580688372734,0,0,3.940566414040686,5.751553536224198,JUN
GO_Biological_Process_2023,Regulation Of Transcription By RNA Polymerase II (GO:0006357),4/2028,0.2214474526971862,0.2444023715743336,0,0,1.7739130434782608,2.6742980009467536,RPS6KA3;JUN;ATAD2;RPS6KA1
KEGG_2021_Human,Human cytomegalovirus infection,1/225,0.2379070709540011,0.2469874935094973,0,0,3.833850931677018,5.504931242247853,PRKCA
GO_Biological_Process_2023,Regulation Of GTPase Activity (GO:0043087),1/214,0.2276616534130022,0.2504970168252486,0,0,4.0340885895080625,5.970026437793035,RAB3GAP2
KEGG_2021_Human,Ras signaling pathway,1/232,0.2443589293687948,0.2517637454102735,0,0,3.716356107660455,5.236780987740579,PRKCA
Reactome_2022,HIV Infection R-HSA-162906,1/229,0.2416002828991251,0.2557565494752458,0,0,3.765827612509535,5.349247566335245,PSIP1
GO_Biological_Process_2023,Positive Regulation Of Cell Motility (GO:2000147),1/221,0.2341966268503609,0.2569066027873656,0,0,3.9043478260869566,5.667528779312132,PRKCA
KEGG_2021_Human,Calcium signaling pathway,1/240,0.2516683864989877,0.2573451170215213,0,0,3.590503911224304,4.953613532492497,PRKCA
GO_Biological_Process_2023,Apoptotic Process (GO:0006915),1/228,0.2406785912268323,0.2616385886610008,0,0,3.782608695652174,5.387542640423176,CD2
GO_Biological_Process_2023,Chromatin Remodeling (GO:0006338),1/228,0.2406785912268323,0.2616385886610008,0,0,3.782608695652174,5.387542640423176,PSIP1
GO_Biological_Process_2023,Cellular Response To Lipid (GO:0071396),1/228,0.2406785912268323,0.2616385886610008,0,0,3.782608695652174,5.387542640423176,CASP1
GO_Biological_Process_2023,Positive Regulation Of Phosphorylation (GO:0042327),1/231,0.2434404507554704,0.2630610243984486,0,0,3.732703213610586,5.273872622610066,TFRC
GO_Biological_Process_2023,Negative Regulation Of Intracellular Signal Transduction (GO:1902532),1/231,0.2434404507554704,0.2630610243984486,0,0,3.732703213610586,5.273872622610066,RPS6KA1
GO_Molecular_Function_2023,Cysteine-Type Peptidase Activity (GO:0008234),1/144,0.1593036813557299,0.2655061355928832,0,0,6.030100334448161,11.076950313772782,CASP1
KEGG_2021_Human,Endocytosis,1/252,0.2625056596400677,0.2664236545600687,0,0,3.416767711761649,4.569867487945139,TFRC
GO_Biological_Process_2023,Regulation Of Inflammatory Response (GO:0050727),1/240,0.2516683864989877,0.271142725930457,0,0,3.590503911224304,4.953613532492497,CASP1
Reactome_2022,Diseases Of Metabolism R-HSA-5668914,1/247,0.2580085343278163,0.2720634739410047,0,0,3.4870979144574052,4.724189892202499,ALG2
GO_Biological_Process_2023,Regulation Of ERK1 And ERK2 Cascade (GO:0070372),1/244,0.2552976572008228,0.2742366525421302,0,0,3.5306852746466273,4.820533336639566,PRKCA
GO_Biological_Process_2023,Positive Regulation Of Programmed Cell Death (GO:0043068),1/245,0.2562023357880591,0.2743942176191639,0,0,3.5160370634354954,4.7880962806842335,JUN
GO_Biological_Process_2023,Positive Regulation Of DNA-binding Transcription Factor Activity (GO:0051091),1/246,0.2571059611071415,0.2745497283798975,0,0,3.50150842945874,4.755983276534011,TFRC
Reactome_2022,"Platelet Activation, Signaling And Aggregation R-HSA-76002",1/254,0.264297185914535,0.2776144859799961,0,0,3.389413988657845,4.510229150861971,PRKCA
Reactome_2022,Signaling By Nuclear Receptors R-HSA-9006931,1/260,0.2696467754317979,0.2821400623243908,0,0,3.3098875272788315,4.3380789841738245,JUN
Reactome_2022,RHO GTPase Effectors R-HSA-195258,1/269,0.2776013195283318,0.2882373854106433,0,0,3.1972744970798184,4.097528829591846,PRKCA
Reactome_2022,PIP3 Activates AKT Signaling R-HSA-1257604,1/268,0.2767215984819567,0.2882373854106433,0,0,3.209412147858655,4.123270875337206,JUN
GO_Biological_Process_2023,Regulation Of Protein Phosphorylation (GO:0001932),1/265,0.274076271036322,0.2918106179857311,0,0,3.246376811594203,4.2019440923737825,TFRC
GO_Biological_Process_2023,Positive Regulation Of Signal Transduction (GO:0009967),1/266,0.2749590753763177,0.2918920389625425,0,0,3.2339622641509433,4.17547542976305,PRKCA
GO_Biological_Process_2023,Chromatin Organization (GO:0006325),1/268,0.2767215984819567,0.2929041481007847,0,0,3.209412147858655,4.123270875337206,PSIP1
GO_Biological_Process_2023,Positive Regulation Of Apoptotic Process (GO:0043065),1/270,0.2784800151212037,0.2939060217897252,0,0,3.1852270890577015,4.072022917748842,JUN
GO_Biological_Process_2023,Positive Regulation Of Cell Migration (GO:0030335),1/272,0.280234334435909,0.2948977589122066,0,0,3.1613990052944008,4.021707725488263,PRKCA
GO_Molecular_Function_2023,Double-Stranded DNA Binding (GO:0003690),2/650,0.182629403487108,0.2967727806665505,0,0,2.7115600448933783,4.610455503481434,JUN;PSIP1
Reactome_2022,Asparagine N-linked Glycosylation R-HSA-446203,1/282,0.2889447903759807,0.2988703747782091,0,0,3.0473464335447935,3.783340465050845,ALG2
GO_Biological_Process_2023,Central Nervous System Development (GO:0007417),1/283,0.2898102584376698,0.3040907639259028,0,0,3.036386062288005,3.760651742091288,RPS6KA3
Reactome_2022,Extracellular Matrix Organization R-HSA-1474244,1/291,0.2966977528184785,0.3057227795201813,0,0,2.951424287856072,3.5861024792197576,PRKCA
Reactome_2022,Signaling By WNT R-HSA-195721,1/294,0.2992640225853767,0.3071990534872617,0,0,2.920759756640451,3.5236894960074183,PRKCA
GO_Biological_Process_2023,Regulation Of Cell Cycle (GO:0051726),1/298,0.3026717593102752,0.3148482093974701,0,0,2.8808373590982286,3.442907059420083,JUN
GO_Biological_Process_2023,Regulation Of Intracellular Signal Transduction (GO:1902531),1/297,0.3018213171146172,0.3148482093974701,0,0,2.890716803760282,3.462847768105973,NOP2
GO_Biological_Process_2023,Gene Expression (GO:0010467),1/296,0.3009698809760738,0.3148482093974701,0,0,2.9006632277081796,3.482957106491894,CASP1
KEGG_2021_Human,MicroRNAs in cancer,1/310,0.3127999435192308,0.3151169801378918,0,0,2.767271703953848,3.216099516586545,PRKCA
Reactome_2022,G Alpha (I) Signaling Events R-HSA-418594,1/312,0.3144742088889958,0.3215943796562938,0,0,2.7491961414790995,3.1804163892081014,PRKCA
GO_Biological_Process_2023,Positive Regulation Of MAPK Cascade (GO:0043410),1/310,0.3127999435192308,0.3244515173465947,0,0,2.767271703953848,3.216099516586545,PRKCA
GO_Biological_Process_2023,Supramolecular Fiber Organization (GO:0097435),1/316,0.3178110197450178,0.328707397564847,0,0,2.713733609385783,3.1107483598266024,XIRP1
GO_Biological_Process_2023,Intracellular Protein Transport (GO:0006886),1/325,0.3252620278540052,0.3354554247383188,0,0,2.6371443907675793,2.9618406365335797,RAB3GAP2
GO_Molecular_Function_2023,Guanyl-Nucleotide Exchange Factor Activity (GO:0005085),1/203,0.2172843114526798,0.3362733391529569,0,0,4.256134309083082,6.497195836752411,RAB3GAP2
GO_Molecular_Function_2023,Small GTPase Binding (GO:0031267),1/199,0.213477707360935,0.3362733391529569,0,0,4.342995169082125,6.706552451090786,RAB3GAP2
GO_Biological_Process_2023,Protein-Containing Complex Assembly (GO:0065003),1/328,0.3277283193155982,0.3370387829325186,0,0,2.6125515224039355,2.9144849080637005,CASP1
GO_Biological_Process_2023,Proteolysis (GO:0006508),1/330,0.3293677115645372,0.3377651886299219,0,0,2.5964054446940663,2.8835172258366426,CASP1
GO_Molecular_Function_2023,GTPase Activator Activity (GO:0005096),1/211,0.2248446206342254,0.3398814032842943,0,0,4.092339544513457,6.10718528247206,JUN
GO_Molecular_Function_2023,RNA Polymerase II-specific DNA-binding Transcription Factor Binding (GO:0061629),1/228,0.2406785912268323,0.3400893136900891,0,0,3.782608695652174,5.387542640423176,JUN
GO_Molecular_Function_2023,GTPase Binding (GO:0051020),1/225,0.2379070709540011,0.3400893136900891,0,0,3.833850931677018,5.504931242247853,RAB3GAP2
GO_Molecular_Function_2023,Transcription Regulatory Region Nucleic Acid Binding (GO:0001067),1/224,0.2369810784414967,0.3400893136900891,0,0,3.851238058100994,5.5449161935863005,JUN
KEGG_2021_Human,PI3K-Akt signaling pathway,1/354,0.3487439893496619,0.3487439893496619,0,0,2.4169232664121196,2.5460284935978,PRKCA
GO_Molecular_Function_2023,"DNA-binding Transcription Repressor Activity, RNA Polymerase II-specific (GO:0001227)",1/243,0.2543919241528269,0.3518186185092287,0,0,3.5454545454545454,4.853298955944615,JUN
GO_Biological_Process_2023,Protein Localization (GO:0008104),1/351,0.3463516266787657,0.3541787820839355,0,0,2.4380124223602486,2.5850264191781105,RAB3GAP2
GO_Biological_Process_2023,Positive Regulation Of Macromolecule Metabolic Process (GO:0010604),1/364,0.3566580769856841,0.3636907714614582,0,0,2.3491436100131753,2.421914731700502,TFRC
GO_Molecular_Function_2023,Ubiquitin Protein Ligase Binding (GO:0031625),1/271,0.279357686375596,0.375628227488775,0,0,3.173268921095008,4.046750185514887,JUN
GO_Molecular_Function_2023,mRNA Binding (GO:0003729),1/282,0.2889447903759807,0.375628227488775,0,0,3.0473464335447935,3.783340465050845,KHSRP
GO_Molecular_Function_2023,DNA-binding Transcription Factor Binding (GO:0140297),1/282,0.2889447903759807,0.375628227488775,0,0,3.0473464335447935,3.783340465050845,JUN
GO_Molecular_Function_2023,Ubiquitin-Like Protein Ligase Binding (GO:0044389),1/289,0.2949819052037271,0.3759573301616129,0,0,2.9722222222222223,3.628611531147668,JUN
GO_Biological_Process_2023,Positive Regulation Of Multicellular Organismal Process (GO:0051240),1/387,0.3745122234351046,0.3808242272008648,0,0,2.2065780581211984,2.167148355594968,PRKCA
GO_Cellular_Component_2023,Secretory Granule Lumen (GO:0034774),1/316,0.3178110197450178,0.3813732236940214,0,0,2.713733609385783,3.1107483598266024,TUBB4B
GO_Molecular_Function_2023,Cadherin Binding (GO:0045296),1/319,0.3203034072564651,0.4003792590705813,0,0,2.6877221766475254,3.059935641567641,GCN1
GO_Biological_Process_2023,Regulation Of Gene Expression (GO:0010468),2/1127,0.3952338618575169,0.4007693501188267,0,0,1.5233131313131314,1.4140575092868264,TFRC;KHSRP
GO_Cellular_Component_2023,Focal Adhesion (GO:0005925),1/387,0.3745122234351046,0.4029991431134958,0,0,2.2065780581211984,2.167148355594968,XIRP1
GO_Cellular_Component_2023,Cytoplasmic Vesicle Membrane (GO:0030659),1/389,0.3760421146522988,0.4029991431134958,0,0,2.1949798296727923,2.1468090982372923,TFRC
GO_Cellular_Component_2023,Cell-Substrate Junction (GO:0030055),1/395,0.3806103018294127,0.4029991431134958,0,0,2.160891635400574,2.0873764967392052,XIRP1
GO_Cellular_Component_2023,Endosome Membrane (GO:0010008),1/361,0.3542935800469768,0.4029991431134958,0,0,2.3690821256038648,2.458229234641774,TFRC
GO_Molecular_Function_2023,Endopeptidase Activity (GO:0004175),1/335,0.3334494476052822,0.406487360117926,0,0,2.55688622754491,2.8081361124525253,CASP1
GO_Molecular_Function_2023,"DNA-binding Transcription Activator Activity, RNA Polymerase II-specific (GO:0001228)",1/348,0.3439508431767066,0.406487360117926,0,0,2.4594662323017165,2.624881395660583,JUN
GO_Molecular_Function_2023,Calcium Ion Binding (GO:0005509),1/346,0.3423456285998442,0.406487360117926,0,0,2.4739760554505357,2.6519401432651453,TUBB4A
GO_Biological_Process_2023,Regulation Of Cell Migration (GO:0030334),1/434,0.4095315739429174,0.414107345718816,0,0,1.9623456170298224,1.7518669281685528,PRKCA
Reactome_2022,RHO GTPase Cycle R-HSA-9012999,1/441,0.4145836706381547,0.4223765967779697,0,0,1.9304347826086956,1.6997101161596673,TFRC
GO_Biological_Process_2023,Negative Regulation Of Nucleic Acid-Templated Transcription (GO:1903507),1/456,0.4252704665615932,0.4288242587612723,0,0,1.8653607262302911,1.59493923356359,JUN
Reactome_2022,Neutrophil Degranulation R-HSA-6798695,1/468,0.4336850384837421,0.44018219261833,0,0,1.8163113304161624,1.5174131915007172,TUBB4B
GO_Biological_Process_2023,Positive Regulation Of Gene Expression (GO:0010628),1/480,0.4419814741066248,0.4444369267405504,0,0,1.769719524371426,1.4449535366847754,TFRC
Reactome_2022,Metabolism R-HSA-1430728,3/2049,0.4519916716589564,0.4570512799237954,0,0,1.251920122887865,0.9941391593781052,RRM2;PGK1;PRKCA
GO_Molecular_Function_2023,Transcription Cis-Regulatory Region Binding (GO:0000976),1/474,0.4378479236368187,0.5082163399355932,0,0,1.7927199191102123,1.4805780436980625,JUN
GO_Molecular_Function_2023,Protein Kinase Binding (GO:0019901),1/511,0.4628783101365391,0.5261164245008823,0,0,1.6595055413469737,1.2783023298495766,TFRC
GO_Molecular_Function_2023,Metal Ion Binding (GO:0046872),1/521,0.4694577326315565,0.5261164245008823,0,0,1.6267558528428094,1.2301153779906897,TUBB4A
Reactome_2022,Sensory Perception R-HSA-9709957,1/616,0.5282284286192969,0.5321557775309645,0,0,1.368752209261223,0.8735738755906257,PRKCA
Reactome_2022,Adaptive Immune System R-HSA-1280218,1/733,0.5920649087333872,0.5920649087333872,0,0,1.1430268472321217,0.599104956657185,PRKCA
Reactome_2022,Metabolism Of Lipids R-HSA-556833,1/732,0.5915561572498779,0.5920649087333872,0,0,1.1446499732349966,0.6009397017336183,PRKCA
GO_Biological_Process_2023,Negative Regulation Of Transcription By RNA Polymerase II (GO:0000122),1/763,0.6070481411158372,0.6087297149139419,0,0,1.096314047700559,0.5472220665722631,JUN
GO_Molecular_Function_2023,Protein Homodimerization Activity (GO:0042803),1/662,0.5543921601593513,0.6107710239043701,0,0,1.2704729329737552,0.7494303499713627,TFRC
GO_Molecular_Function_2023,Sequence-Specific DNA Binding (GO:0043565),1/717,0.5838515325974318,0.6221368789972634,0,0,1.1695409278600923,0.6293399769252372,JUN
GO_Molecular_Function_2023,Sequence-Specific Double-Stranded DNA Binding (GO:1990837),1/715,0.5828137861903737,0.6221368789972634,0,0,1.1729387407136769,0.6332550228411729,JUN
GO_Cellular_Component_2023,Endoplasmic Reticulum Membrane (GO:0005789),1/801,0.6252709192323286,0.6336173932497421,0,0,1.0421739130434782,0.4893738673876489,RAB3GAP2
GO_Cellular_Component_2023,Bounding Membrane Of Organelle (GO:0098588),1/819,0.6336173932497421,0.6336173932497421,0,0,1.018284256404805,0.4646532762008456,TFRC
GO_Molecular_Function_2023,DNA Binding (GO:0003677),1/846,0.6458038884383521,0.6770524636853691,0,0,0.9843581167995884,0.4304198391013893,JUN
GO_Biological_Process_2023,Negative Regulation Of DNA-templated Transcription (GO:0045892),1/1025,0.7173035549138566,0.7173035549138566,0,0,0.8046875,0.2673623786669588,JUN
GO_Molecular_Function_2023,RNA Polymerase II Cis-Regulatory Region Sequence-Specific DNA Binding (GO:0000978),1/1122,0.7500409465945639,0.761760336385104,0,0,0.7312958150719466,0.2103407713140511,JUN
GO_Molecular_Function_2023,Cis-Regulatory Region Sequence-Specific DNA Binding (GO:0000987),1/1098,0.7422969747045047,0.761760336385104,0,0,0.7482462050651976,0.2229817691239374,JUN
GO_Molecular_Function_2023,RNA Polymerase II Transcription Regulatory Region Sequence-Specific DNA Binding (GO:0000977),1/1225,0.7808156754387282,0.7808156754387282,0,0,0.666098323387326,0.1648034946566445,JUN
